section	category	display_name	relative_path	launcher	core
PLAY	ATARI 2600	2005 MINIGAME MULTICART (USA) (UNL)	ROMS/A2600/2005 Minigame Multicart (USA) (Unl).a26	RETROARCH	stella2014_libretro.so
PLAY	ATARI 2600	3-D TIC-TAC-TOE (USA)	ROMS/A2600/3-D Tic-Tac-Toe (USA).a26	RETROARCH	stella2014_libretro.so
PLAY	ATARI 2600	32 IN 1 GAME CARTRIDGE (EUROPE)	ROMS/A2600/32 in 1 Game Cartridge (Europe).a26	RETROARCH	stella2014_libretro.so
PLAY	ATARI 2600	A-VCS-TEC CHALLENGE (USA) (UNL)	ROMS/A2600/A-VCS-tec Challenge (USA) (Unl).a26	RETROARCH	stella2014_libretro.so
PLAY	ATARI 2600	ACID DROP (EUROPE)	ROMS/A2600/Acid Drop (Europe).a26	RETROARCH	stella2014_libretro.so
PLAY	ATARI 2600	ACTIONAUTS (USA) (PROTO)	ROMS/A2600/Actionauts (USA) (Proto).a26	RETROARCH	stella2014_libretro.so
PLAY	ATARI 2600	ALIEN GREED (USA) (UNL)	ROMS/A2600/Alien Greed (USA) (Unl).a26	RETROARCH	stella2014_libretro.so
PLAY	ATARI 2600	ALIEN GREED 2 (USA) (UNL)	ROMS/A2600/Alien Greed 2 (USA) (Unl).a26	RETROARCH	stella2014_libretro.so
PLAY	ATARI 2600	ALIEN GREED 3 (USA) (UNL)	ROMS/A2600/Alien Greed 3 (USA) (Unl).a26	RETROARCH	stella2014_libretro.so
PLAY	ATARI 2600	ALLIA QUEST (FRANCE) (UNL)	ROMS/A2600/Allia Quest (France) (Unl).a26	RETROARCH	stella2014_libretro.so
PLAY	ATARI 2600	ALLIGATOR PEOPLE, THE (USA) (PROTO)	ROMS/A2600/Alligator People, The (USA) (Proto).a26	RETROARCH	stella2014_libretro.so
PLAY	ATARI 2600	ALPHA BEAM WITH ERNIE (USA)	ROMS/A2600/Alpha Beam with Ernie (USA).a26	RETROARCH	stella2014_libretro.so
PLAY	ATARI 2600	AMIDAR (USA)	ROMS/A2600/Amidar (USA).a26	RETROARCH	stella2014_libretro.so
PLAY	ATARI 2600	AQUAVENTURE (USA) (PROTO)	ROMS/A2600/Aquaventure (USA) (Proto).a26	RETROARCH	stella2014_libretro.so
PLAY	ATARI 2600	ATOM SMASHER (USA) (PROTO)	ROMS/A2600/Atom Smasher (USA) (Proto).a26	RETROARCH	stella2014_libretro.so
PLAY	ATARI 2600	AVGN K.O. BOXING (USA) (UNL)	ROMS/A2600/AVGN K.O. Boxing (USA) (Unl).a26	RETROARCH	stella2014_libretro.so
PLAY	ATARI 2600	BOWLING (USA)	ROMS/A2600/Bowling (USA).a26	RETROARCH	stella2014_libretro.so
PLAY	ATARI 2600	BOXING (USA)	ROMS/A2600/Boxing (USA).a26	RETROARCH	stella2014_libretro.so
PLAY	ATARI 2600	BRAIN GAMES (USA)	ROMS/A2600/Brain Games (USA).a26	RETROARCH	stella2014_libretro.so
PLAY	ATARI 2600	BREAKOUT (USA)	ROMS/A2600/Breakout (USA).a26	RETROARCH	stella2014_libretro.so
PLAY	ATARI 2600	BRIDGE (USA)	ROMS/A2600/Bridge (USA).a26	RETROARCH	stella2014_libretro.so
PLAY	ATARI 2600	BUCK ROGERS - PLANET OF ZOOM (USA)	ROMS/A2600/Buck Rogers - Planet of Zoom (USA).a26	RETROARCH	stella2014_libretro.so
PLAY	ATARI 2600	BUGS (USA)	ROMS/A2600/Bugs (USA).a26	RETROARCH	stella2014_libretro.so
PLAY	ATARI 2600	BUGS BUNNY (USA) (PROTO)	ROMS/A2600/Bugs Bunny (USA) (Proto).a26	RETROARCH	stella2014_libretro.so
PLAY	ATARI 2600	BUMP 'N' JUMP (USA)	ROMS/A2600/Bump 'n' Jump (USA).a26	RETROARCH	stella2014_libretro.so
PLAY	ATARI 2600	BUMPER BASH (USA)	ROMS/A2600/Bumper Bash (USA).a26	RETROARCH	stella2014_libretro.so
PLAY	ATARI 2600	BURGERTIME (USA)	ROMS/A2600/BurgerTime (USA).a26	RETROARCH	stella2014_libretro.so
PLAY	ATARI 2600	CHECKERS (USA)	ROMS/A2600/Checkers (USA).a26	RETROARCH	stella2014_libretro.so
PLAY	ATARI 2600	CHINA SYNDROME (USA)	ROMS/A2600/China Syndrome (USA).a26	RETROARCH	stella2014_libretro.so
PLAY	ATARI 2600	CHOPPER COMMAND (USA)	ROMS/A2600/Chopper Command (USA).a26	RETROARCH	stella2014_libretro.so
PLAY	ATARI 2600	COLONY 7 (USA) (UNL)	ROMS/A2600/Colony 7 (USA) (Unl).a26	RETROARCH	stella2014_libretro.so
PLAY	ATARI 2600	COMBAT (USA)	ROMS/A2600/Combat (USA).a26	RETROARCH	stella2014_libretro.so
PLAY	ATARI 2600	COMBAT TWO (USA) (PROTO)	ROMS/A2600/Combat Two (USA) (Proto).a26	RETROARCH	stella2014_libretro.so
PLAY	ATARI 2600	COMMANDO (USA)	ROMS/A2600/Commando (USA).a26	RETROARCH	stella2014_libretro.so
PLAY	ATARI 2600	COMMANDO RAID (USA)	ROMS/A2600/Commando Raid (USA).a26	RETROARCH	stella2014_libretro.so
PLAY	ATARI 2600	COMPUTER CHESS (USA) (PROTO)	ROMS/A2600/Computer Chess (USA) (Proto).a26	RETROARCH	stella2014_libretro.so
PLAY	ATARI 2600	CONDOR ATTACK (USA)	ROMS/A2600/Condor Attack (USA).a26	RETROARCH	stella2014_libretro.so
PLAY	ATARI 2600	CONFRONTATION (USA) (PROTO)	ROMS/A2600/Confrontation (USA) (Proto).a26	RETROARCH	stella2014_libretro.so
PLAY	ATARI 2600	CONGO BONGO (USA)	ROMS/A2600/Congo Bongo (USA).a26	RETROARCH	stella2014_libretro.so
PLAY	ATARI 2600	CONQUEST OF MARS (USA) (UNL)	ROMS/A2600/Conquest of Mars (USA) (Unl).a26	RETROARCH	stella2014_libretro.so
PLAY	ATARI 2600	COOKIE MONSTER MUNCH (USA)	ROMS/A2600/Cookie Monster Munch (USA).a26	RETROARCH	stella2014_libretro.so
PLAY	ATARI 2600	COSMIC ARK (USA)	ROMS/A2600/Cosmic Ark (USA).a26	RETROARCH	stella2014_libretro.so
PLAY	ATARI 2600	COSMIC COMMUTER (USA)	ROMS/A2600/Cosmic Commuter (USA).a26	RETROARCH	stella2014_libretro.so
PLAY	ATARI 2600	COSMIC CREEPS (USA)	ROMS/A2600/Cosmic Creeps (USA).a26	RETROARCH	stella2014_libretro.so
PLAY	ATARI 2600	COSMIC INVADERS (USA) (UNL)	ROMS/A2600/Cosmic Invaders (USA) (Unl).a26	RETROARCH	stella2014_libretro.so
PLAY	ATARI 2600	COSMIC SWARM (USA)	ROMS/A2600/Cosmic Swarm (USA).a26	RETROARCH	stella2014_libretro.so
PLAY	ATARI 2600	CRACK'ED (USA) (PROTO)	ROMS/A2600/Crack'ed (USA) (Proto).a26	RETROARCH	stella2014_libretro.so
PLAY	ATARI 2600	CRACKPOTS (USA)	ROMS/A2600/Crackpots (USA).a26	RETROARCH	stella2014_libretro.so
PLAY	ATARI 2600	CRASH DIVE (USA)	ROMS/A2600/Crash Dive (USA).a26	RETROARCH	stella2014_libretro.so
PLAY	ATARI 2600	CRAZY BALLOON (USA) (UNL)	ROMS/A2600/Crazy Balloon (USA) (Unl).a26	RETROARCH	stella2014_libretro.so
PLAY	ATARI 2600	CRAZY CLIMBER (USA)	ROMS/A2600/Crazy Climber (USA).a26	RETROARCH	stella2014_libretro.so
PLAY	ATARI 2600	CRAZY VALET (USA) (UNL)	ROMS/A2600/Crazy Valet (USA) (Unl).a26	RETROARCH	stella2014_libretro.so
PLAY	ATARI 2600	CROSS FORCE (USA)	ROMS/A2600/Cross Force (USA).a26	RETROARCH	stella2014_libretro.so
PLAY	ATARI 2600	CROSSBOW (USA)	ROMS/A2600/Crossbow (USA).a26	RETROARCH	stella2014_libretro.so
PLAY	ATARI 2600	CRYPTS OF CHAOS (USA)	ROMS/A2600/Crypts of Chaos (USA).a26	RETROARCH	stella2014_libretro.so
PLAY	ATARI 2600	CRYSTAL CASTLES (USA)	ROMS/A2600/Crystal Castles (USA).a26	RETROARCH	stella2014_libretro.so
PLAY	ATARI 2600	DONALD DUCK'S SPEEDBOAT (USA) (PROTO)	ROMS/A2600/Donald Duck's Speedboat (USA) (Proto).a26	RETROARCH	stella2014_libretro.so
PLAY	ATARI 2600	DOUBLE DUNK (USA)	ROMS/A2600/Double Dunk (USA).a26	RETROARCH	stella2014_libretro.so
PLAY	ATARI 2600	DRAGON DEFENDER (EUROPE)	ROMS/A2600/Dragon Defender (Europe).a26	RETROARCH	stella2014_libretro.so
PLAY	ATARI 2600	DRAGONFIRE (USA)	ROMS/A2600/Dragonfire (USA).a26	RETROARCH	stella2014_libretro.so
PLAY	ATARI 2600	DRAGONSTOMPER (USA)	ROMS/A2600/Dragonstomper (USA).a26	RETROARCH	stella2014_libretro.so
PLAY	ATARI 2600	DRAGSTER (USA)	ROMS/A2600/Dragster (USA).a26	RETROARCH	stella2014_libretro.so
PLAY	ATARI 2600	DUCK ATTACK (USA) (UNL)	ROMS/A2600/Duck Attack (USA) (Unl).a26	RETROARCH	stella2014_libretro.so
PLAY	ATARI 2600	ELEVATORS AMISS (USA) (UNL)	ROMS/A2600/Elevators Amiss (USA) (Unl).a26	RETROARCH	stella2014_libretro.so
PLAY	ATARI 2600	ELI'S LADDER (USA)	ROMS/A2600/Eli's Ladder (USA).a26	RETROARCH	stella2014_libretro.so
PLAY	ATARI 2600	ELK ATTACK (USA) (PROTO)	ROMS/A2600/Elk Attack (USA) (Proto).a26	RETROARCH	stella2014_libretro.so
PLAY	ATARI 2600	ENCAVED (USA) (UNL)	ROMS/A2600/Encaved (USA) (Unl).a26	RETROARCH	stella2014_libretro.so
PLAY	ATARI 2600	ENCOUNTER AT L-5 (USA)	ROMS/A2600/Encounter at L-5 (USA).a26	RETROARCH	stella2014_libretro.so
PLAY	ATARI 2600	ENDURO (USA)	ROMS/A2600/Enduro (USA).a26	RETROARCH	stella2014_libretro.so
PLAY	ATARI 2600	ENTITY, THE (USA) (PROTO)	ROMS/A2600/Entity, The (USA) (Proto).a26	RETROARCH	stella2014_libretro.so
PLAY	ATARI 2600	ENTOMBED (USA)	ROMS/A2600/Entombed (USA).a26	RETROARCH	stella2014_libretro.so
PLAY	ATARI 2600	ESCAPE FROM THE MINDMASTER (USA)	ROMS/A2600/Escape from the Mindmaster (USA).a26	RETROARCH	stella2014_libretro.so
PLAY	ATARI 2600	ESPIAL (USA)	ROMS/A2600/Espial (USA).a26	RETROARCH	stella2014_libretro.so
PLAY	ATARI 2600	FOOTBALL (USA)	ROMS/A2600/Football (USA).a26	RETROARCH	stella2014_libretro.so
PLAY	ATARI 2600	FOREST (EUROPE)	ROMS/A2600/Forest (Europe).a26	RETROARCH	stella2014_libretro.so
PLAY	ATARI 2600	FOUR-PLAY (USA) (UNL)	ROMS/A2600/Four-Play (USA) (Unl).a26	RETROARCH	stella2014_libretro.so
PLAY	ATARI 2600	FRANKENSTEIN'S MONSTER (USA)	ROMS/A2600/Frankenstein's Monster (USA).a26	RETROARCH	stella2014_libretro.so
PLAY	ATARI 2600	FREEWAY (USA)	ROMS/A2600/Freeway (USA).a26	RETROARCH	stella2014_libretro.so
PLAY	ATARI 2600	FRISCO (EUROPE)	ROMS/A2600/Frisco (Europe).a26	RETROARCH	stella2014_libretro.so
PLAY	ATARI 2600	FROG POND (USA) (PROTO)	ROMS/A2600/Frog Pond (USA) (Proto).a26	RETROARCH	stella2014_libretro.so
PLAY	ATARI 2600	FROGGER (USA)	ROMS/A2600/Frogger (USA).a26	RETROARCH	stella2014_libretro.so
PLAY	ATARI 2600	FROGGER II - THREEEDEEP! (USA)	ROMS/A2600/Frogger II - Threeedeep! (USA).a26	RETROARCH	stella2014_libretro.so
PLAY	ATARI 2600	FROGS AND FLIES (USA)	ROMS/A2600/Frogs and Flies (USA).a26	RETROARCH	stella2014_libretro.so
PLAY	ATARI 2600	FRONT LINE (USA)	ROMS/A2600/Front Line (USA).a26	RETROARCH	stella2014_libretro.so
PLAY	ATARI 2600	FROSTBITE (USA)	ROMS/A2600/Frostbite (USA).a26	RETROARCH	stella2014_libretro.so
PLAY	ATARI 2600	FUNKY FISH (USA) (PROTO)	ROMS/A2600/Funky Fish (USA) (Proto).a26	RETROARCH	stella2014_libretro.so
PLAY	ATARI 2600	GIGOLO (USA)	ROMS/A2600/Gigolo (USA).a26	RETROARCH	stella2014_libretro.so
PLAY	ATARI 2600	GINGERBREAD MAN (USA) (UNL)	ROMS/A2600/Gingerbread Man (USA) (Unl).a26	RETROARCH	stella2014_libretro.so
PLAY	ATARI 2600	GLACIER PATROL (USA)	ROMS/A2600/Glacier Patrol (USA).a26	RETROARCH	stella2014_libretro.so
PLAY	ATARI 2600	GLIB - VIDEO WORD GAME (USA)	ROMS/A2600/Glib - Video Word Game (USA).a26	RETROARCH	stella2014_libretro.so
PLAY	ATARI 2600	GO FISH! (USA) (UNL)	ROMS/A2600/Go Fish! (USA) (Unl).a26	RETROARCH	stella2014_libretro.so
PLAY	ATARI 2600	GO GO HOME MONSTER (EUROPE)	ROMS/A2600/Go Go Home Monster (Europe).a26	RETROARCH	stella2014_libretro.so
PLAY	ATARI 2600	GOPHER (USA)	ROMS/A2600/Gopher (USA).a26	RETROARCH	stella2014_libretro.so
PLAY	ATARI 2600	GORF (USA)	ROMS/A2600/Gorf (USA).a26	RETROARCH	stella2014_libretro.so
PLAY	ATARI 2600	GOSUB (USA) (UNL)	ROMS/A2600/GoSub (USA) (Unl).a26	RETROARCH	stella2014_libretro.so
PLAY	ATARI 2600	GRAND PRIX (USA)	ROMS/A2600/Grand Prix (USA).a26	RETROARCH	stella2014_libretro.so
PLAY	ATARI 2600	GRAVITAR (USA)	ROMS/A2600/Gravitar (USA).a26	RETROARCH	stella2014_libretro.so
PLAY	ATARI 2600	GREMLINS (USA)	ROMS/A2600/Gremlins (USA).a26	RETROARCH	stella2014_libretro.so
PLAY	ATARI 2600	GROVER'S MUSIC MAKER (USA) (PROTO)	ROMS/A2600/Grover's Music Maker (USA) (Proto).a26	RETROARCH	stella2014_libretro.so
PLAY	ATARI 2600	GUARDIAN (USA)	ROMS/A2600/Guardian (USA).a26	RETROARCH	stella2014_libretro.so
PLAY	ATARI 2600	GUNFIGHT (USA) (UNL)	ROMS/A2600/Gunfight (USA) (Unl).a26	RETROARCH	stella2014_libretro.so
PLAY	ATARI 2600	HAUNTED HOUSE (USA)	ROMS/A2600/Haunted House (USA).a26	RETROARCH	stella2014_libretro.so
PLAY	ATARI 2600	HOLEY MOLEY (USA) (PROTO)	ROMS/A2600/Holey Moley (USA) (Proto).a26	RETROARCH	stella2014_libretro.so
PLAY	ATOMISWAVE	ANMLBSKT	ROMS/ATOMISWAVE/anmlbskt.zip	RETROARCH	flycastvl_libretro.so
PLAY	ATOMISWAVE	DEMOFIST	ROMS/ATOMISWAVE/demofist.zip	RETROARCH	flycastvl_libretro.so
PLAY	ATOMISWAVE	DIRTYPIG	ROMS/ATOMISWAVE/dirtypig.zip	RETROARCH	flycastvl_libretro.so
PLAY	ATOMISWAVE	DOLPHIN	ROMS/ATOMISWAVE/dolphin.zip	RETROARCH	flycastvl_libretro.so
PLAY	ATOMISWAVE	FOTNS	ROMS/ATOMISWAVE/fotns.zip	RETROARCH	flycastvl_libretro.so
PLAY	ATOMISWAVE	GGISUKA	ROMS/ATOMISWAVE/ggisuka.zip	RETROARCH	flycastvl_libretro.so
PLAY	ATOMISWAVE	GGX15	ROMS/ATOMISWAVE/ggx15.zip	RETROARCH	flycastvl_libretro.so
PLAY	ATOMISWAVE	RUMBLEF	ROMS/ATOMISWAVE/rumblef.zip	RETROARCH	flycastvl_libretro.so
PLAY	ATOMISWAVE	RUMBLEF2	ROMS/ATOMISWAVE/rumblef2.zip	RETROARCH	flycastvl_libretro.so
PLAY	CAPCOM CPS I	1941	ROMS/CPS1/1941.zip	RETROARCH	km_fbneo_xtreme_amped_libretro.so
PLAY	CAPCOM CPS I	3WONDERS	ROMS/CPS1/3wonders.zip	RETROARCH	km_fbneo_xtreme_amped_libretro.so
PLAY	CAPCOM CPS I	CAPTCOMM	ROMS/CPS1/captcomm.zip	RETROARCH	km_fbneo_xtreme_amped_libretro.so
PLAY	CAPCOM CPS I	CAWING	ROMS/CPS1/cawing.zip	RETROARCH	km_fbneo_xtreme_amped_libretro.so
PLAY	CAPCOM CPS I	DINO	ROMS/CPS1/dino.zip	RETROARCH	km_fbneo_xtreme_amped_libretro.so
PLAY	CAPCOM CPS I	DYNWARJR	ROMS/CPS1/dynwarjr.zip	RETROARCH	km_fbneo_xtreme_amped_libretro.so
PLAY	CAPCOM CPS I	FFIGHT	ROMS/CPS1/ffight.zip	RETROARCH	km_fbneo_xtreme_amped_libretro.so
PLAY	CAPCOM CPS I	GHOULS	ROMS/CPS1/ghouls.zip	RETROARCH	km_fbneo_xtreme_amped_libretro.so
PLAY	CAPCOM CPS I	KNIGHTS	ROMS/CPS1/knights.zip	RETROARCH	km_fbneo_xtreme_amped_libretro.so
PLAY	CAPCOM CPS I	KOD	ROMS/CPS1/kod.zip	RETROARCH	km_fbneo_xtreme_amped_libretro.so
PLAY	CAPCOM CPS I	MBOMBRD	ROMS/CPS1/mbombrd.zip	RETROARCH	km_fbneo_xtreme_amped_libretro.so
PLAY	CAPCOM CPS I	MEGAMAN	ROMS/CPS1/megaman.zip	RETROARCH	km_fbneo_xtreme_amped_libretro.so
PLAY	CAPCOM CPS I	MERCSJ	ROMS/CPS1/mercsj.zip	RETROARCH	km_fbneo_xtreme_amped_libretro.so
PLAY	CAPCOM CPS I	MSWORD	ROMS/CPS1/msword.zip	RETROARCH	km_fbneo_xtreme_amped_libretro.so
PLAY	CAPCOM CPS I	MTWINS	ROMS/CPS1/mtwins.zip	RETROARCH	km_fbneo_xtreme_amped_libretro.so
PLAY	CAPCOM CPS I	NEMO	ROMS/CPS1/nemo.zip	RETROARCH	km_fbneo_xtreme_amped_libretro.so
PLAY	CAPCOM CPS I	PANG3	ROMS/CPS1/pang3.zip	RETROARCH	km_fbneo_xtreme_amped_libretro.so
PLAY	CAPCOM CPS I	PNICKJ	ROMS/CPS1/pnickj.zip	RETROARCH	km_fbneo_xtreme_amped_libretro.so
PLAY	CAPCOM CPS I	PUNISHER	ROMS/CPS1/punisher.zip	RETROARCH	km_fbneo_xtreme_amped_libretro.so
PLAY	CAPCOM CPS I	SF2	ROMS/CPS1/sf2.zip	RETROARCH	km_fbneo_xtreme_amped_libretro.so
PLAY	CAPCOM CPS I	SF2CE	ROMS/CPS1/sf2ce.zip	RETROARCH	km_fbneo_xtreme_amped_libretro.so
PLAY	CAPCOM CPS I	SF2HF	ROMS/CPS1/sf2hf.zip	RETROARCH	km_fbneo_xtreme_amped_libretro.so
PLAY	CAPCOM CPS I	SFZCH	ROMS/CPS1/sfzch.zip	RETROARCH	km_fbneo_xtreme_amped_libretro.so
PLAY	CAPCOM CPS I	SLAMMAST	ROMS/CPS1/slammast.zip	RETROARCH	km_fbneo_xtreme_amped_libretro.so
PLAY	CAPCOM CPS I	STRIDER	ROMS/CPS1/strider.zip	RETROARCH	km_fbneo_xtreme_amped_libretro.so
PLAY	CAPCOM CPS I	UNSQUAD	ROMS/CPS1/unsquad.zip	RETROARCH	km_fbneo_xtreme_amped_libretro.so
PLAY	CAPCOM CPS I	VARTH	ROMS/CPS1/varth.zip	RETROARCH	km_fbneo_xtreme_amped_libretro.so
PLAY	CAPCOM CPS I	WILLOW	ROMS/CPS1/willow.zip	RETROARCH	km_fbneo_xtreme_amped_libretro.so
PLAY	CAPCOM CPS I	WOFA	ROMS/CPS1/wofa.zip	RETROARCH	km_fbneo_xtreme_amped_libretro.so
PLAY	CAPCOM CPS I	WOFJ	ROMS/CPS1/wofj.zip	RETROARCH	km_fbneo_xtreme_amped_libretro.so
PLAY	CAPCOM CPS II	1944	ROMS/CPS2/1944.zip	RETROARCH	km_fbneo_xtreme_amped_libretro.so
PLAY	CAPCOM CPS II	19XX	ROMS/CPS2/19xx.zip	RETROARCH	km_fbneo_xtreme_amped_libretro.so
PLAY	CAPCOM CPS II	ARMWAR	ROMS/CPS2/armwar.zip	RETROARCH	km_fbneo_xtreme_amped_libretro.so
PLAY	CAPCOM CPS II	AVSP	ROMS/CPS2/avsp.zip	RETROARCH	km_fbneo_xtreme_amped_libretro.so
PLAY	CAPCOM CPS II	BATCIR	ROMS/CPS2/batcir.zip	RETROARCH	km_fbneo_xtreme_amped_libretro.so
PLAY	CAPCOM CPS II	CSCLUB	ROMS/CPS2/csclub.zip	RETROARCH	km_fbneo_xtreme_amped_libretro.so
PLAY	CAPCOM CPS II	CYBOTS	ROMS/CPS2/cybots.zip	RETROARCH	km_fbneo_xtreme_amped_libretro.so
PLAY	CAPCOM CPS II	DDSOM	ROMS/CPS2/ddsom.zip	RETROARCH	km_fbneo_xtreme_amped_libretro.so
PLAY	CAPCOM CPS II	DDTOD	ROMS/CPS2/ddtod.zip	RETROARCH	km_fbneo_xtreme_amped_libretro.so
PLAY	CAPCOM CPS II	DIMAHOO	ROMS/CPS2/dimahoo.zip	RETROARCH	km_fbneo_xtreme_amped_libretro.so
PLAY	CAPCOM CPS II	DSTLK	ROMS/CPS2/dstlk.zip	RETROARCH	km_fbneo_xtreme_amped_libretro.so
PLAY	CAPCOM CPS II	ECOFGHTR	ROMS/CPS2/ecofghtr.zip	RETROARCH	km_fbneo_xtreme_amped_libretro.so
PLAY	CAPCOM CPS II	GIGAWING	ROMS/CPS2/gigawing.zip	RETROARCH	km_fbneo_xtreme_amped_libretro.so
PLAY	CAPCOM CPS II	HSF2	ROMS/CPS2/hsf2.zip	RETROARCH	km_fbneo_xtreme_amped_libretro.so
PLAY	CAPCOM CPS II	JYANGOKU	ROMS/CPS2/jyangoku.zip	RETROARCH	km_fbneo_xtreme_amped_libretro.so
PLAY	CAPCOM CPS II	MEGAMAN2	ROMS/CPS2/megaman2.zip	RETROARCH	km_fbneo_xtreme_amped_libretro.so
PLAY	CAPCOM CPS II	MMATRIX	ROMS/CPS2/mmatrix.zip	RETROARCH	km_fbneo_xtreme_amped_libretro.so
PLAY	CAPCOM CPS II	MPANG	ROMS/CPS2/mpang.zip	RETROARCH	km_fbneo_xtreme_amped_libretro.so
PLAY	CAPCOM CPS II	MSH	ROMS/CPS2/msh.zip	RETROARCH	km_fbneo_xtreme_amped_libretro.so
PLAY	CAPCOM CPS II	MSHVSF	ROMS/CPS2/mshvsf.zip	RETROARCH	km_fbneo_xtreme_amped_libretro.so
PLAY	CAPCOM CPS II	MVSC	ROMS/CPS2/mvsc.zip	RETROARCH	km_fbneo_xtreme_amped_libretro.so
PLAY	CAPCOM CPS II	NWARR	ROMS/CPS2/nwarr.zip	RETROARCH	km_fbneo_xtreme_amped_libretro.so
PLAY	CAPCOM CPS II	PZLOOP2	ROMS/CPS2/pzloop2.zip	RETROARCH	km_fbneo_xtreme_amped_libretro.so
PLAY	CAPCOM CPS II	RINGDEST	ROMS/CPS2/ringdest.zip	RETROARCH	km_fbneo_xtreme_amped_libretro.so
PLAY	CAPCOM CPS II	SFA	ROMS/CPS2/sfa.zip	RETROARCH	km_fbneo_xtreme_amped_libretro.so
PLAY	CAPCOM CPS II	SFA2	ROMS/CPS2/sfa2.zip	RETROARCH	km_fbneo_xtreme_amped_libretro.so
PLAY	CAPCOM CPS II	SFA3	ROMS/CPS2/sfa3.zip	RETROARCH	km_fbneo_xtreme_amped_libretro.so
PLAY	CAPCOM CPS II	SFZ2AL	ROMS/CPS2/sfz2al.zip	RETROARCH	km_fbneo_xtreme_amped_libretro.so
PLAY	CAPCOM CPS II	SGEMF	ROMS/CPS2/sgemf.zip	RETROARCH	km_fbneo_xtreme_amped_libretro.so
PLAY	CAPCOM CPS II	SSF2T	ROMS/CPS2/ssf2t.zip	RETROARCH	km_fbneo_xtreme_amped_libretro.so
PLAY	CAPCOM CPS II	VHUNT2	ROMS/CPS2/vhunt2.zip	RETROARCH	km_fbneo_xtreme_amped_libretro.so
PLAY	CAPCOM CPS II	VSAV	ROMS/CPS2/vsav.zip	RETROARCH	km_fbneo_xtreme_amped_libretro.so
PLAY	CAPCOM CPS II	VSAV2	ROMS/CPS2/vsav2.zip	RETROARCH	km_fbneo_xtreme_amped_libretro.so
PLAY	CAPCOM CPS II	XMCOTA	ROMS/CPS2/xmcota.zip	RETROARCH	km_fbneo_xtreme_amped_libretro.so
PLAY	CAPCOM CPS II	XMVSF	ROMS/CPS2/xmvsf.zip	RETROARCH	km_fbneo_xtreme_amped_libretro.so
PLAY	CAPCOM CPS III	JOJO	ROMS/CPS3/jojo.zip	RETROARCH	km_fbneo_xtreme_amped_libretro.so
PLAY	CAPCOM CPS III	JOJOBA	ROMS/CPS3/jojoba.zip	RETROARCH	km_fbneo_xtreme_amped_libretro.so
PLAY	CAPCOM CPS III	REDEARTH	ROMS/CPS3/redearth.zip	RETROARCH	km_fbneo_xtreme_amped_libretro.so
PLAY	CAPCOM CPS III	SFIII2	ROMS/CPS3/sfiii2.zip	RETROARCH	km_fbneo_xtreme_amped_libretro.so
PLAY	CAPCOM CPS III	SFIII3	ROMS/CPS3/sfiii3.zip	RETROARCH	km_fbneo_xtreme_amped_libretro.so
PLAY	DOS	ANOTHER WORLD (1991)(U.S. GOLD LTD.)	ROMS/DOS/Another World (1991)(U.S. Gold Ltd.).zip	RETROARCH	dosbox_pure_libretro.so
PLAY	DREAMCAST	COSMIC SMASH (JAPAN)	ROMS/DREAMCAST/Cosmic Smash (Japan).chd	RETROARCH	flycastvl_libretro.so
PLAY	DREAMCAST	GAUNTLET LEGENDS (USA)	ROMS/DREAMCAST/Gauntlet Legends (USA).chd	RETROARCH	flycastvl_libretro.so
PLAY	DREAMCAST	HOUSE OF THE DEAD 2, THE (USA)	ROMS/DREAMCAST/House of the Dead 2, The (USA).chd	RETROARCH	flycastvl_libretro.so
PLAY	DREAMCAST	IKARUGA (JAPAN)	ROMS/DREAMCAST/Ikaruga (Japan).chd	RETROARCH	flycastvl_libretro.so
PLAY	DREAMCAST	MARVEL VS. CAPCOM 2 - NEW AGE OF HEROES (USA)	ROMS/DREAMCAST/Marvel vs. Capcom 2 - New Age of Heroes (USA).chd	RETROARCH	flycastvl_libretro.so
PLAY	DREAMCAST	POWER STONE (USA)	ROMS/DREAMCAST/Power Stone (USA).chd	RETROARCH	flycastvl_libretro.so
PLAY	DREAMCAST	POWER STONE 2 (USA)	ROMS/DREAMCAST/Power Stone 2 (USA).chd	RETROARCH	flycastvl_libretro.so
PLAY	DREAMCAST	SILENT SCOPE (USA)	ROMS/DREAMCAST/Silent Scope (USA).chd	RETROARCH	flycastvl_libretro.so
PLAY	DREAMCAST	SOULCALIBUR (USA)	ROMS/DREAMCAST/SoulCalibur (USA).chd	RETROARCH	flycastvl_libretro.so
PLAY	DREAMCAST	VIRTUA TENNIS - SEGA PROFESSIONAL TENNIS (USA)	ROMS/DREAMCAST/Virtua Tennis - Sega Professional Tennis (USA).chd	RETROARCH	flycastvl_libretro.so
PLAY	FINALBURN NEO	10YARD	ROMS/FBNEO/10yard.zip	RETROARCH	km_fbneo_xtreme_amped_libretro.so
PLAY	FINALBURN NEO	1941	ROMS/FBNEO/1941.zip	RETROARCH	km_fbneo_xtreme_amped_libretro.so
PLAY	FINALBURN NEO	1942	ROMS/FBNEO/1942.zip	RETROARCH	km_fbneo_xtreme_amped_libretro.so
PLAY	FINALBURN NEO	1943	ROMS/FBNEO/1943.zip	RETROARCH	km_fbneo_xtreme_amped_libretro.so
PLAY	FINALBURN NEO	1943KAI	ROMS/FBNEO/1943kai.zip	RETROARCH	km_fbneo_xtreme_amped_libretro.so
PLAY	FINALBURN NEO	1943MII	ROMS/FBNEO/1943mii.zip	RETROARCH	km_fbneo_xtreme_amped_libretro.so
PLAY	FINALBURN NEO	1944J	ROMS/FBNEO/1944j.zip	RETROARCH	km_fbneo_xtreme_amped_libretro.so
PLAY	FINALBURN NEO	19XXB	ROMS/FBNEO/19xxb.zip	RETROARCH	km_fbneo_xtreme_amped_libretro.so
PLAY	FINALBURN NEO	3WONDERS	ROMS/FBNEO/3wonders.zip	RETROARCH	km_fbneo_xtreme_amped_libretro.so
PLAY	FINALBURN NEO	88GAMES	ROMS/FBNEO/88games.zip	RETROARCH	km_fbneo_xtreme_amped_libretro.so
PLAY	FINALBURN NEO	ABURNER2	ROMS/FBNEO/aburner2.zip	RETROARCH	km_fbneo_xtreme_amped_libretro.so
PLAY	FINALBURN NEO	ACROBATM	ROMS/FBNEO/acrobatm.zip	RETROARCH	km_fbneo_xtreme_amped_libretro.so
PLAY	FINALBURN NEO	ACTFANCR	ROMS/FBNEO/actfancr.zip	RETROARCH	km_fbneo_xtreme_amped_libretro.so
PLAY	FINALBURN NEO	AD2083	ROMS/FBNEO/ad2083.zip	RETROARCH	km_fbneo_xtreme_amped_libretro.so
PLAY	FINALBURN NEO	AEROFGT	ROMS/FBNEO/aerofgt.zip	RETROARCH	km_fbneo_xtreme_amped_libretro.so
PLAY	FINALBURN NEO	AFIGHTER	ROMS/FBNEO/afighter.zip	RETROARCH	km_fbneo_xtreme_amped_libretro.so
PLAY	FINALBURN NEO	AGRESS	ROMS/FBNEO/agress.zip	RETROARCH	km_fbneo_xtreme_amped_libretro.so
PLAY	FINALBURN NEO	AIRASS	ROMS/FBNEO/airass.zip	RETROARCH	km_fbneo_xtreme_amped_libretro.so
PLAY	FINALBURN NEO	AIRATTCK	ROMS/FBNEO/airattck.zip	RETROARCH	km_fbneo_xtreme_amped_libretro.so
PLAY	FINALBURN NEO	AIRBUSTR	ROMS/FBNEO/airbustr.zip	RETROARCH	km_fbneo_xtreme_amped_libretro.so
PLAY	FINALBURN NEO	AIRDUEL	ROMS/FBNEO/airduel.zip	RETROARCH	km_fbneo_xtreme_amped_libretro.so
PLAY	FINALBURN NEO	AIRWOLF	ROMS/FBNEO/airwolf.zip	RETROARCH	km_fbneo_xtreme_amped_libretro.so
PLAY	FINALBURN NEO	AJAX	ROMS/FBNEO/ajax.zip	RETROARCH	km_fbneo_xtreme_amped_libretro.so
PLAY	FINALBURN NEO	ALCON	ROMS/FBNEO/alcon.zip	RETROARCH	km_fbneo_xtreme_amped_libretro.so
PLAY	FINALBURN NEO	ALEXKIDD	ROMS/FBNEO/alexkidd.zip	RETROARCH	km_fbneo_xtreme_amped_libretro.so
PLAY	FINALBURN NEO	ALIBABA	ROMS/FBNEO/alibaba.zip	RETROARCH	km_fbneo_xtreme_amped_libretro.so
PLAY	FINALBURN NEO	ALIENAR	ROMS/FBNEO/alienar.zip	RETROARCH	km_fbneo_xtreme_amped_libretro.so
PLAY	FINALBURN NEO	ALIENS	ROMS/FBNEO/aliens.zip	RETROARCH	km_fbneo_xtreme_amped_libretro.so
PLAY	FINALBURN NEO	ALIENSEC	ROMS/FBNEO/aliensec.zip	RETROARCH	km_fbneo_xtreme_amped_libretro.so
PLAY	FINALBURN NEO	ALIENSYN	ROMS/FBNEO/aliensyn.zip	RETROARCH	km_fbneo_xtreme_amped_libretro.so
PLAY	FINALBURN NEO	ALIGATOR	ROMS/FBNEO/aligator.zip	RETROARCH	km_fbneo_xtreme_amped_libretro.so
PLAY	FINALBURN NEO	ALPINE	ROMS/FBNEO/alpine.zip	RETROARCH	km_fbneo_xtreme_amped_libretro.so
PLAY	FINALBURN NEO	ALTBEAST	ROMS/FBNEO/altbeast.zip	RETROARCH	km_fbneo_xtreme_amped_libretro.so
PLAY	FINALBURN NEO	AMAZON	ROMS/FBNEO/amazon.zip	RETROARCH	km_fbneo_xtreme_amped_libretro.so
PLAY	FINALBURN NEO	AMBUSH	ROMS/FBNEO/ambush.zip	RETROARCH	km_fbneo_xtreme_amped_libretro.so
PLAY	FINALBURN NEO	AMIDAR	ROMS/FBNEO/amidar.zip	RETROARCH	km_fbneo_xtreme_amped_libretro.so
PLAY	FINALBURN NEO	AMSPDWY	ROMS/FBNEO/amspdwy.zip	RETROARCH	km_fbneo_xtreme_amped_libretro.so
PLAY	FINALBURN NEO	ANDROIDP	ROMS/FBNEO/androidp.zip	RETROARCH	km_fbneo_xtreme_amped_libretro.so
PLAY	FINALBURN NEO	ANGELKDS	ROMS/FBNEO/angelkds.zip	RETROARCH	km_fbneo_xtreme_amped_libretro.so
PLAY	FINALBURN NEO	ANTEATER	ROMS/FBNEO/anteater.zip	RETROARCH	km_fbneo_xtreme_amped_libretro.so
PLAY	FINALBURN NEO	APPOOOH	ROMS/FBNEO/appoooh.zip	RETROARCH	km_fbneo_xtreme_amped_libretro.so
PLAY	FINALBURN NEO	AQUAJACK	ROMS/FBNEO/aquajack.zip	RETROARCH	km_fbneo_xtreme_amped_libretro.so
PLAY	FINALBURN NEO	AQUARIUM	ROMS/FBNEO/aquarium.zip	RETROARCH	km_fbneo_xtreme_amped_libretro.so
PLAY	FINALBURN NEO	ARABIAN	ROMS/FBNEO/arabian.zip	RETROARCH	km_fbneo_xtreme_amped_libretro.so
PLAY	FINALBURN NEO	ARABIANM	ROMS/FBNEO/arabianm.zip	RETROARCH	km_fbneo_xtreme_amped_libretro.so
PLAY	FINALBURN NEO	ARBALEST	ROMS/FBNEO/arbalest.zip	RETROARCH	km_fbneo_xtreme_amped_libretro.so
PLAY	FINALBURN NEO	ARCADECL	ROMS/FBNEO/arcadecl.zip	RETROARCH	km_fbneo_xtreme_amped_libretro.so
PLAY	FINALBURN NEO	ARCADIAN	ROMS/FBNEO/arcadian.zip	RETROARCH	km_fbneo_xtreme_amped_libretro.so
PLAY	FINALBURN NEO	ARKANOID	ROMS/FBNEO/arkanoid.zip	RETROARCH	km_fbneo_xtreme_amped_libretro.so
PLAY	FINALBURN NEO	ARKAREA	ROMS/FBNEO/arkarea.zip	RETROARCH	km_fbneo_xtreme_amped_libretro.so
PLAY	FINALBURN NEO	ARKATOUR	ROMS/FBNEO/arkatour.zip	RETROARCH	km_fbneo_xtreme_amped_libretro.so
PLAY	FINALBURN NEO	ARKNOID2	ROMS/FBNEO/arknoid2.zip	RETROARCH	km_fbneo_xtreme_amped_libretro.so
PLAY	FINALBURN NEO	ARKRETRN	ROMS/FBNEO/arkretrn.zip	RETROARCH	km_fbneo_xtreme_amped_libretro.so
PLAY	FINALBURN NEO	ARMORCAR	ROMS/FBNEO/armorcar.zip	RETROARCH	km_fbneo_xtreme_amped_libretro.so
PLAY	FINALBURN NEO	ARMWAR	ROMS/FBNEO/armwar.zip	RETROARCH	km_fbneo_xtreme_amped_libretro.so
PLAY	FINALBURN NEO	ARMWREST	ROMS/FBNEO/armwrest.zip	RETROARCH	km_fbneo_xtreme_amped_libretro.so
PLAY	FINALBURN NEO	ASSAULT	ROMS/FBNEO/assault.zip	RETROARCH	km_fbneo_xtreme_amped_libretro.so
PLAY	FINALBURN NEO	ASTDELUX	ROMS/FBNEO/astdelux.zip	RETROARCH	km_fbneo_xtreme_amped_libretro.so
PLAY	FINALBURN NEO	ASTERIX	ROMS/FBNEO/asterix.zip	RETROARCH	km_fbneo_xtreme_amped_libretro.so
PLAY	FINALBURN NEO	ASTEROID	ROMS/FBNEO/asteroid.zip	RETROARCH	km_fbneo_xtreme_amped_libretro.so
PLAY	FINALBURN NEO	ASUKA	ROMS/FBNEO/asuka.zip	RETROARCH	km_fbneo_xtreme_amped_libretro.so
PLAY	FINALBURN NEO	ASURABLD	ROMS/FBNEO/asurabld.zip	RETROARCH	km_fbneo_xtreme_amped_libretro.so
PLAY	FINALBURN NEO	ASURABUS	ROMS/FBNEO/asurabus.zip	RETROARCH	km_fbneo_xtreme_amped_libretro.so
PLAY	FINALBURN NEO	ATETRIS	ROMS/FBNEO/atetris.zip	RETROARCH	km_fbneo_xtreme_amped_libretro.so
PLAY	FINALBURN NEO	ATLANTIS	ROMS/FBNEO/atlantis.zip	RETROARCH	km_fbneo_xtreme_amped_libretro.so
PLAY	FINALBURN NEO	ATOMICP	ROMS/FBNEO/atomicp.zip	RETROARCH	km_fbneo_xtreme_amped_libretro.so
PLAY	FINALBURN NEO	AURAIL	ROMS/FBNEO/aurail.zip	RETROARCH	km_fbneo_xtreme_amped_libretro.so
PLAY	FINALBURN NEO	AVENGRGS	ROMS/FBNEO/avengrgs.zip	RETROARCH	km_fbneo_xtreme_amped_libretro.so
PLAY	FINALBURN NEO	AVSP	ROMS/FBNEO/avsp.zip	RETROARCH	km_fbneo_xtreme_amped_libretro.so
PLAY	FINALBURN NEO	AZTARAC	ROMS/FBNEO/aztarac.zip	RETROARCH	km_fbneo_xtreme_amped_libretro.so
PLAY	FINALBURN NEO	AZURIAN	ROMS/FBNEO/azurian.zip	RETROARCH	km_fbneo_xtreme_amped_libretro.so
PLAY	FINALBURN NEO	B2B	ROMS/FBNEO/b2b.zip	RETROARCH	km_fbneo_xtreme_amped_libretro.so
PLAY	FINALBURN NEO	BACKFIRE	ROMS/FBNEO/backfire.zip	RETROARCH	km_fbneo_xtreme_amped_libretro.so
PLAY	FINALBURN NEO	BACKFIRT	ROMS/FBNEO/backfirt.zip	RETROARCH	km_fbneo_xtreme_amped_libretro.so
PLAY	FINALBURN NEO	BADDUDES	ROMS/FBNEO/baddudes.zip	RETROARCH	km_fbneo_xtreme_amped_libretro.so
PLAY	FINALBURN NEO	BADLANDS	ROMS/FBNEO/badlands.zip	RETROARCH	km_fbneo_xtreme_amped_libretro.so
PLAY	FINALBURN NEO	BAGMAN	ROMS/FBNEO/bagman.zip	RETROARCH	km_fbneo_xtreme_amped_libretro.so
PLAY	FINALBURN NEO	BAKUTOTU	ROMS/FBNEO/bakutotu.zip	RETROARCH	km_fbneo_xtreme_amped_libretro.so
PLAY	FINALBURN NEO	BALCUBE	ROMS/FBNEO/balcube.zip	RETROARCH	km_fbneo_xtreme_amped_libretro.so
PLAY	FINALBURN NEO	BALLBROS	ROMS/FBNEO/ballbros.zip	RETROARCH	km_fbneo_xtreme_amped_libretro.so
PLAY	FINALBURN NEO	BALUBA	ROMS/FBNEO/baluba.zip	RETROARCH	km_fbneo_xtreme_amped_libretro.so
PLAY	FINALBURN NEO	BANBAM	ROMS/FBNEO/banbam.zip	RETROARCH	km_fbneo_xtreme_amped_libretro.so
PLAY	FINALBURN NEO	BANKP	ROMS/FBNEO/bankp.zip	RETROARCH	km_fbneo_xtreme_amped_libretro.so
PLAY	FINALBURN NEO	BARYON	ROMS/FBNEO/baryon.zip	RETROARCH	km_fbneo_xtreme_amped_libretro.so
PLAY	FINALBURN NEO	BATCIR	ROMS/FBNEO/batcir.zip	RETROARCH	km_fbneo_xtreme_amped_libretro.so
PLAY	FINALBURN NEO	BATMAN	ROMS/FBNEO/batman.zip	RETROARCH	km_fbneo_xtreme_amped_libretro.so
PLAY	FINALBURN NEO	BATRIDER	ROMS/FBNEO/batrider.zip	RETROARCH	km_fbneo_xtreme_amped_libretro.so
PLAY	FINALBURN NEO	BATTLANE	ROMS/FBNEO/battlane.zip	RETROARCH	km_fbneo_xtreme_amped_libretro.so
PLAY	FINALBURN NEO	BATTLEX	ROMS/FBNEO/battlex.zip	RETROARCH	km_fbneo_xtreme_amped_libretro.so
PLAY	FINALBURN NEO	BATTLNTS	ROMS/FBNEO/battlnts.zip	RETROARCH	km_fbneo_xtreme_amped_libretro.so
PLAY	FINALBURN NEO	BATTROAD	ROMS/FBNEO/battroad.zip	RETROARCH	km_fbneo_xtreme_amped_libretro.so
PLAY	FINALBURN NEO	BAYROUTE	ROMS/FBNEO/bayroute.zip	RETROARCH	km_fbneo_xtreme_amped_libretro.so
PLAY	FINALBURN NEO	BBAKRAID	ROMS/FBNEO/bbakraid.zip	RETROARCH	km_fbneo_xtreme_amped_libretro.so
PLAY	FINALBURN NEO	BBALLS	ROMS/FBNEO/bballs.zip	RETROARCH	km_fbneo_xtreme_amped_libretro.so
PLAY	FINALBURN NEO	BBMANW	ROMS/FBNEO/bbmanw.zip	RETROARCH	km_fbneo_xtreme_amped_libretro.so
PLAY	FINALBURN NEO	BCRUZM12	ROMS/FBNEO/bcruzm12.zip	RETROARCH	km_fbneo_xtreme_amped_libretro.so
PLAY	FINALBURN NEO	BCSTRY	ROMS/FBNEO/bcstry.zip	RETROARCH	km_fbneo_xtreme_amped_libretro.so
PLAY	FINALBURN NEO	BERABOHM	ROMS/FBNEO/berabohm.zip	RETROARCH	km_fbneo_xtreme_amped_libretro.so
PLAY	FINALBURN NEO	BERLWALL	ROMS/FBNEO/berlwall.zip	RETROARCH	km_fbneo_xtreme_amped_libretro.so
PLAY	FINALBURN NEO	BERZERK	ROMS/FBNEO/berzerk.zip	RETROARCH	km_fbneo_xtreme_amped_libretro.so
PLAY	FINALBURN NEO	BESTBEST	ROMS/FBNEO/bestbest.zip	RETROARCH	km_fbneo_xtreme_amped_libretro.so
PLAY	FINALBURN NEO	BESTRI	ROMS/FBNEO/bestri.zip	RETROARCH	km_fbneo_xtreme_amped_libretro.so
PLAY	FINALBURN NEO	BGAREGGA	ROMS/FBNEO/bgaregga.zip	RETROARCH	km_fbneo_xtreme_amped_libretro.so
PLAY	FINALBURN NEO	BIGBUCKS	ROMS/FBNEO/bigbucks.zip	RETROARCH	km_fbneo_xtreme_amped_libretro.so
PLAY	FINALBURN NEO	BIGKARNK	ROMS/FBNEO/bigkarnk.zip	RETROARCH	km_fbneo_xtreme_amped_libretro.so
PLAY	FINALBURN NEO	BIGPROWR	ROMS/FBNEO/bigprowr.zip	RETROARCH	km_fbneo_xtreme_amped_libretro.so
PLAY	FINALBURN NEO	BIKKURIC	ROMS/FBNEO/bikkuric.zip	RETROARCH	km_fbneo_xtreme_amped_libretro.so
PLAY	FINALBURN NEO	BIOATACK	ROMS/FBNEO/bioatack.zip	RETROARCH	km_fbneo_xtreme_amped_libretro.so
PLAY	FINALBURN NEO	BIOMTOY	ROMS/FBNEO/biomtoy.zip	RETROARCH	km_fbneo_xtreme_amped_libretro.so
PLAY	FINALBURN NEO	BIONICC	ROMS/FBNEO/bionicc.zip	RETROARCH	km_fbneo_xtreme_amped_libretro.so
PLAY	FINALBURN NEO	BIOSHIP	ROMS/FBNEO/bioship.zip	RETROARCH	km_fbneo_xtreme_amped_libretro.so
PLAY	FINALBURN NEO	BIRDIY	ROMS/FBNEO/birdiy.zip	RETROARCH	km_fbneo_xtreme_amped_libretro.so
PLAY	FINALBURN NEO	BIRDTRY	ROMS/FBNEO/birdtry.zip	RETROARCH	km_fbneo_xtreme_amped_libretro.so
PLAY	FINALBURN NEO	BISHI	ROMS/FBNEO/bishi.zip	RETROARCH	km_fbneo_xtreme_amped_libretro.so
PLAY	FINALBURN NEO	BJTWIN	ROMS/FBNEO/bjtwin.zip	RETROARCH	km_fbneo_xtreme_amped_libretro.so
PLAY	FINALBURN NEO	BLACKT96	ROMS/FBNEO/blackt96.zip	RETROARCH	km_fbneo_xtreme_amped_libretro.so
PLAY	FINALBURN NEO	BLADESTL	ROMS/FBNEO/bladestl.zip	RETROARCH	km_fbneo_xtreme_amped_libretro.so
PLAY	FINALBURN NEO	BLANDIA	ROMS/FBNEO/blandia.zip	RETROARCH	km_fbneo_xtreme_amped_libretro.so
PLAY	FINALBURN NEO	BLASTER	ROMS/FBNEO/blaster.zip	RETROARCH	km_fbneo_xtreme_amped_libretro.so
PLAY	FINALBURN NEO	BLASTO	ROMS/FBNEO/blasto.zip	RETROARCH	km_fbneo_xtreme_amped_libretro.so
PLAY	FINALBURN NEO	BLASTOFF	ROMS/FBNEO/blastoff.zip	RETROARCH	km_fbneo_xtreme_amped_libretro.so
PLAY	FINALBURN NEO	BLAZEON	ROMS/FBNEO/blazeon.zip	RETROARCH	km_fbneo_xtreme_amped_libretro.so
PLAY	FINALBURN NEO	BLAZER	ROMS/FBNEO/blazer.zip	RETROARCH	km_fbneo_xtreme_amped_libretro.so
PLAY	FINALBURN NEO	BLKHEART	ROMS/FBNEO/blkheart.zip	RETROARCH	km_fbneo_xtreme_amped_libretro.so
PLAY	FINALBURN NEO	BLKHOLE	ROMS/FBNEO/blkhole.zip	RETROARCH	km_fbneo_xtreme_amped_libretro.so
PLAY	FINALBURN NEO	BLKPNTHR	ROMS/FBNEO/blkpnthr.zip	RETROARCH	km_fbneo_xtreme_amped_libretro.so
PLAY	FINALBURN NEO	BLMBYCAR	ROMS/FBNEO/blmbycar.zip	RETROARCH	km_fbneo_xtreme_amped_libretro.so
PLAY	FINALBURN NEO	BLOCK	ROMS/FBNEO/block.zip	RETROARCH	km_fbneo_xtreme_amped_libretro.so
PLAY	FINALBURN NEO	BLOCKADE	ROMS/FBNEO/blockade.zip	RETROARCH	km_fbneo_xtreme_amped_libretro.so
PLAY	FINALBURN NEO	BLOCKCAR	ROMS/FBNEO/blockcar.zip	RETROARCH	km_fbneo_xtreme_amped_libretro.so
PLAY	FINALBURN NEO	BLOCKHL	ROMS/FBNEO/blockhl.zip	RETROARCH	km_fbneo_xtreme_amped_libretro.so
PLAY	FINALBURN NEO	BLOCKOUT	ROMS/FBNEO/blockout.zip	RETROARCH	km_fbneo_xtreme_amped_libretro.so
PLAY	FINALBURN NEO	BLOODBRO	ROMS/FBNEO/bloodbro.zip	RETROARCH	km_fbneo_xtreme_amped_libretro.so
PLAY	FINALBURN NEO	BLOODSTM	ROMS/FBNEO/bloodstm.zip	RETROARCH	km_fbneo_xtreme_amped_libretro.so
PLAY	FINALBURN NEO	BLOODWAR	ROMS/FBNEO/bloodwar.zip	RETROARCH	km_fbneo_xtreme_amped_libretro.so
PLAY	FINALBURN NEO	BONKADV	ROMS/FBNEO/bonkadv.zip	RETROARCH	km_fbneo_xtreme_amped_libretro.so
PLAY	FINALBURN NEO	BONZEADV	ROMS/FBNEO/bonzeadv.zip	RETROARCH	km_fbneo_xtreme_amped_libretro.so
PLAY	FINALBURN NEO	BSHARK	ROMS/FBNEO/bshark.zip	RETROARCH	km_fbneo_xtreme_amped_libretro.so
PLAY	FINALBURN NEO	BSSOCCER	ROMS/FBNEO/bssoccer.zip	RETROARCH	km_fbneo_xtreme_amped_libretro.so
PLAY	FINALBURN NEO	BTIME	ROMS/FBNEO/btime.zip	RETROARCH	km_fbneo_xtreme_amped_libretro.so
PLAY	FINALBURN NEO	CADASH	ROMS/FBNEO/cadash.zip	RETROARCH	km_fbneo_xtreme_amped_libretro.so
PLAY	FINALBURN NEO	CAIRBLAD	ROMS/FBNEO/cairblad.zip	RETROARCH	km_fbneo_xtreme_amped_libretro.so
PLAY	FINALBURN NEO	CALIBR50	ROMS/FBNEO/calibr50.zip	RETROARCH	km_fbneo_xtreme_amped_libretro.so
PLAY	FINALBURN NEO	CAPTAVEN	ROMS/FBNEO/captaven.zip	RETROARCH	km_fbneo_xtreme_amped_libretro.so
PLAY	FINALBURN NEO	CAPTCOMM	ROMS/FBNEO/captcomm.zip	RETROARCH	km_fbneo_xtreme_amped_libretro.so
PLAY	FINALBURN NEO	CAWING	ROMS/FBNEO/cawing.zip	RETROARCH	km_fbneo_xtreme_amped_libretro.so
PLAY	FINALBURN NEO	CBOMBERS	ROMS/FBNEO/cbombers.zip	RETROARCH	km_fbneo_xtreme_amped_libretro.so
PLAY	FINALBURN NEO	CBUSTER	ROMS/FBNEO/cbuster.zip	RETROARCH	km_fbneo_xtreme_amped_libretro.so
PLAY	FINALBURN NEO	CHAMPWR	ROMS/FBNEO/champwr.zip	RETROARCH	km_fbneo_xtreme_amped_libretro.so
PLAY	FINALBURN NEO	CHANBARA	ROMS/FBNEO/chanbara.zip	RETROARCH	km_fbneo_xtreme_amped_libretro.so
PLAY	FINALBURN NEO	CHANGES	ROMS/FBNEO/changes.zip	RETROARCH	km_fbneo_xtreme_amped_libretro.so
PLAY	FINALBURN NEO	CHARLIEN	ROMS/FBNEO/charlien.zip	RETROARCH	km_fbneo_xtreme_amped_libretro.so
PLAY	FINALBURN NEO	CHASEHQ	ROMS/FBNEO/chasehq.zip	RETROARCH	km_fbneo_xtreme_amped_libretro.so
PLAY	FINALBURN NEO	CHINAGAT	ROMS/FBNEO/chinagat.zip	RETROARCH	km_fbneo_xtreme_amped_libretro.so
PLAY	FINALBURN NEO	CHUKATAI	ROMS/FBNEO/chukatai.zip	RETROARCH	km_fbneo_xtreme_amped_libretro.so
PLAY	FINALBURN NEO	CIRCUSC	ROMS/FBNEO/circusc.zip	RETROARCH	km_fbneo_xtreme_amped_libretro.so
PLAY	FINALBURN NEO	CNINJA	ROMS/FBNEO/cninja.zip	RETROARCH	km_fbneo_xtreme_amped_libretro.so
PLAY	FINALBURN NEO	COMMANDW	ROMS/FBNEO/commandw.zip	RETROARCH	km_fbneo_xtreme_amped_libretro.so
PLAY	FINALBURN NEO	COMMSEGA	ROMS/FBNEO/commsega.zip	RETROARCH	km_fbneo_xtreme_amped_libretro.so
PLAY	FINALBURN NEO	CONTRA	ROMS/FBNEO/contra.zip	RETROARCH	km_fbneo_xtreme_amped_libretro.so
PLAY	FINALBURN NEO	CRIMEC	ROMS/FBNEO/crimec.zip	RETROARCH	km_fbneo_xtreme_amped_libretro.so
PLAY	FINALBURN NEO	CROSPANG	ROMS/FBNEO/crospang.zip	RETROARCH	km_fbneo_xtreme_amped_libretro.so
PLAY	FINALBURN NEO	CRSHRACE	ROMS/FBNEO/crshrace.zip	RETROARCH	km_fbneo_xtreme_amped_libretro.so
PLAY	FINALBURN NEO	CTRIBE	ROMS/FBNEO/ctribe.zip	RETROARCH	km_fbneo_xtreme_amped_libretro.so
PLAY	FINALBURN NEO	CUTEFGHT	ROMS/FBNEO/cutefght.zip	RETROARCH	km_fbneo_xtreme_amped_libretro.so
PLAY	FINALBURN NEO	CYBERTNK	ROMS/FBNEO/cybertnk.zip	RETROARCH	km_fbneo_xtreme_amped_libretro.so
PLAY	FINALBURN NEO	CYBOTS	ROMS/FBNEO/cybots.zip	RETROARCH	km_fbneo_xtreme_amped_libretro.so
PLAY	FINALBURN NEO	CYVERN	ROMS/FBNEO/cyvern.zip	RETROARCH	km_fbneo_xtreme_amped_libretro.so
PLAY	FINALBURN NEO	DANGAR	ROMS/FBNEO/dangar.zip	RETROARCH	km_fbneo_xtreme_amped_libretro.so
PLAY	FINALBURN NEO	DANGSEED	ROMS/FBNEO/dangseed.zip	RETROARCH	km_fbneo_xtreme_amped_libretro.so
PLAY	FINALBURN NEO	DANKUGA	ROMS/FBNEO/dankuga.zip	RETROARCH	km_fbneo_xtreme_amped_libretro.so
PLAY	FINALBURN NEO	DARIUS	ROMS/FBNEO/darius.zip	RETROARCH	km_fbneo_xtreme_amped_libretro.so
PLAY	FINALBURN NEO	DARIUS2	ROMS/FBNEO/darius2.zip	RETROARCH	km_fbneo_xtreme_amped_libretro.so
PLAY	FINALBURN NEO	DARIUSG	ROMS/FBNEO/dariusg.zip	RETROARCH	km_fbneo_xtreme_amped_libretro.so
PLAY	FINALBURN NEO	DARIUSGX	ROMS/FBNEO/dariusgx.zip	RETROARCH	km_fbneo_xtreme_amped_libretro.so
PLAY	FINALBURN NEO	DARKMIST	ROMS/FBNEO/darkmist.zip	RETROARCH	km_fbneo_xtreme_amped_libretro.so
PLAY	FINALBURN NEO	DARKSEAL	ROMS/FBNEO/darkseal.zip	RETROARCH	km_fbneo_xtreme_amped_libretro.so
PLAY	FINALBURN NEO	DBLAXLE	ROMS/FBNEO/dblaxle.zip	RETROARCH	km_fbneo_xtreme_amped_libretro.so
PLAY	FINALBURN NEO	DBLDYNJ	ROMS/FBNEO/dbldynj.zip	RETROARCH	km_fbneo_xtreme_amped_libretro.so
PLAY	FINALBURN NEO	DBZ	ROMS/FBNEO/dbz.zip	RETROARCH	km_fbneo_xtreme_amped_libretro.so
PLAY	FINALBURN NEO	DBZ2	ROMS/FBNEO/dbz2.zip	RETROARCH	km_fbneo_xtreme_amped_libretro.so
PLAY	FINALBURN NEO	DEADCONX	ROMS/FBNEO/deadconx.zip	RETROARCH	km_fbneo_xtreme_amped_libretro.so
PLAY	FINALBURN NEO	DENJINMK	ROMS/FBNEO/denjinmk.zip	RETROARCH	km_fbneo_xtreme_amped_libretro.so
PLAY	FINALBURN NEO	DEVILW	ROMS/FBNEO/devilw.zip	RETROARCH	km_fbneo_xtreme_amped_libretro.so
PLAY	FINALBURN NEO	DEVSTORS	ROMS/FBNEO/devstors.zip	RETROARCH	km_fbneo_xtreme_amped_libretro.so
PLAY	FINALBURN NEO	DIGDUG	ROMS/FBNEO/digdug.zip	RETROARCH	km_fbneo_xtreme_amped_libretro.so
PLAY	FINALBURN NEO	DIGDUG2	ROMS/FBNEO/digdug2.zip	RETROARCH	km_fbneo_xtreme_amped_libretro.so
PLAY	FINALBURN NEO	DIMAHOO	ROMS/FBNEO/dimahoo.zip	RETROARCH	km_fbneo_xtreme_amped_libretro.so
PLAY	FINALBURN NEO	DINO	ROMS/FBNEO/dino.zip	RETROARCH	km_fbneo_xtreme_amped_libretro.so
PLAY	FINALBURN NEO	DRAGNGUN	ROMS/FBNEO/dragngun.zip	RETROARCH	km_fbneo_xtreme_amped_libretro.so
PLAY	FINALBURN NEO	DRAGONSH	ROMS/FBNEO/dragonsh.zip	RETROARCH	km_fbneo_xtreme_amped_libretro.so
PLAY	FINALBURN NEO	DRGNMST	ROMS/FBNEO/drgnmst.zip	RETROARCH	km_fbneo_xtreme_amped_libretro.so
PLAY	FINALBURN NEO	DRGNUNIT	ROMS/FBNEO/drgnunit.zip	RETROARCH	km_fbneo_xtreme_amped_libretro.so
PLAY	FINALBURN NEO	DSTLK	ROMS/FBNEO/dstlk.zip	RETROARCH	km_fbneo_xtreme_amped_libretro.so
PLAY	FINALBURN NEO	DYNAGEAR	ROMS/FBNEO/dynagear.zip	RETROARCH	km_fbneo_xtreme_amped_libretro.so
PLAY	FINALBURN NEO	DYNDUKE	ROMS/FBNEO/dynduke.zip	RETROARCH	km_fbneo_xtreme_amped_libretro.so
PLAY	FINALBURN NEO	DYNWAR	ROMS/FBNEO/dynwar.zip	RETROARCH	km_fbneo_xtreme_amped_libretro.so
PLAY	FINALBURN NEO	ELEVATORB	ROMS/FBNEO/elevatorb.zip	RETROARCH	km_fbneo_xtreme_amped_libretro.so
PLAY	FINALBURN NEO	ELVACTR	ROMS/FBNEO/elvactr.zip	RETROARCH	km_fbneo_xtreme_amped_libretro.so
PLAY	FINALBURN NEO	FFIGHT	ROMS/FBNEO/ffight.zip	RETROARCH	km_fbneo_xtreme_amped_libretro.so
PLAY	FINALBURN NEO	FGHTHIST	ROMS/FBNEO/fghthist.zip	RETROARCH	km_fbneo_xtreme_amped_libretro.so
PLAY	FINALBURN NEO	FRONTLIN	ROMS/FBNEO/frontlin.zip	RETROARCH	km_fbneo_xtreme_amped_libretro.so
PLAY	FINALBURN NEO	FSPIDERB	ROMS/FBNEO/fspiderb.zip	RETROARCH	km_fbneo_xtreme_amped_libretro.so
PLAY	FINALBURN NEO	FSTARFRC	ROMS/FBNEO/fstarfrc.zip	RETROARCH	km_fbneo_xtreme_amped_libretro.so
PLAY	FINALBURN NEO	FUNKYBEE	ROMS/FBNEO/funkybee.zip	RETROARCH	km_fbneo_xtreme_amped_libretro.so
PLAY	FINALBURN NEO	FUNKYJET	ROMS/FBNEO/funkyjet.zip	RETROARCH	km_fbneo_xtreme_amped_libretro.so
PLAY	FINALBURN NEO	FUTSPY	ROMS/FBNEO/futspy.zip	RETROARCH	km_fbneo_xtreme_amped_libretro.so
PLAY	FINALBURN NEO	GFIRE2	ROMS/FBNEO/gfire2.zip	RETROARCH	km_fbneo_xtreme_amped_libretro.so
PLAY	FINALBURN NEO	GHOSTB3	ROMS/FBNEO/ghostb3.zip	RETROARCH	km_fbneo_xtreme_amped_libretro.so
PLAY	FINALBURN NEO	GHOULS	ROMS/FBNEO/ghouls.zip	RETROARCH	km_fbneo_xtreme_amped_libretro.so
PLAY	FINALBURN NEO	GIGAWING	ROMS/FBNEO/gigawing.zip	RETROARCH	km_fbneo_xtreme_amped_libretro.so
PLAY	FINALBURN NEO	GIJOE	ROMS/FBNEO/gijoe.zip	RETROARCH	km_fbneo_xtreme_amped_libretro.so
PLAY	FINALBURN NEO	GINGANIN	ROMS/FBNEO/ginganin.zip	RETROARCH	km_fbneo_xtreme_amped_libretro.so
PLAY	FINALBURN NEO	GNG	ROMS/FBNEO/gng.zip	RETROARCH	km_fbneo_xtreme_amped_libretro.so
PLAY	FINALBURN NEO	GRDNSTRM	ROMS/FBNEO/grdnstrm.zip	RETROARCH	km_fbneo_xtreme_amped_libretro.so
PLAY	FINALBURN NEO	GROWL	ROMS/FBNEO/growl.zip	RETROARCH	km_fbneo_xtreme_amped_libretro.so
PLAY	FINALBURN NEO	GUNDAMEX	ROMS/FBNEO/gundamex.zip	RETROARCH	km_fbneo_xtreme_amped_libretro.so
PLAY	FINALBURN NEO	GUNDHARA	ROMS/FBNEO/gundhara.zip	RETROARCH	km_fbneo_xtreme_amped_libretro.so
PLAY	FINALBURN NEO	GUNFORC2	ROMS/FBNEO/gunforc2.zip	RETROARCH	km_fbneo_xtreme_amped_libretro.so
PLAY	FINALBURN NEO	GUNFORCE	ROMS/FBNEO/gunforce.zip	RETROARCH	km_fbneo_xtreme_amped_libretro.so
PLAY	FINALBURN NEO	GUNFRONT	ROMS/FBNEO/gunfront.zip	RETROARCH	km_fbneo_xtreme_amped_libretro.so
PLAY	FINALBURN NEO	GUNLOCK	ROMS/FBNEO/gunlock.zip	RETROARCH	km_fbneo_xtreme_amped_libretro.so
PLAY	FINALBURN NEO	GUNMAST	ROMS/FBNEO/gunmast.zip	RETROARCH	km_fbneo_xtreme_amped_libretro.so
PLAY	FINALBURN NEO	GUNNAIL	ROMS/FBNEO/gunnail.zip	RETROARCH	km_fbneo_xtreme_amped_libretro.so
PLAY	FINALBURN NEO	GUNSMOKE	ROMS/FBNEO/gunsmoke.zip	RETROARCH	km_fbneo_xtreme_amped_libretro.so
PLAY	FINALBURN NEO	GYRODINE	ROMS/FBNEO/gyrodine.zip	RETROARCH	km_fbneo_xtreme_amped_libretro.so
PLAY	FINALBURN NEO	GYRUSS	ROMS/FBNEO/gyruss.zip	RETROARCH	km_fbneo_xtreme_amped_libretro.so
PLAY	FINALBURN NEO	HACHAMFB	ROMS/FBNEO/hachamfb.zip	RETROARCH	km_fbneo_xtreme_amped_libretro.so
PLAY	FINALBURN NEO	HAMAWAY	ROMS/FBNEO/hamaway.zip	RETROARCH	km_fbneo_xtreme_amped_libretro.so
PLAY	FINALBURN NEO	HANGON	ROMS/FBNEO/hangon.zip	RETROARCH	km_fbneo_xtreme_amped_libretro.so
PLAY	FINALBURN NEO	HANGONJR	ROMS/FBNEO/hangonjr.zip	RETROARCH	km_fbneo_xtreme_amped_libretro.so
PLAY	FINALBURN NEO	HANGZO	ROMS/FBNEO/hangzo.zip	RETROARCH	km_fbneo_xtreme_amped_libretro.so
PLAY	FINALBURN NEO	HHARRY	ROMS/FBNEO/hharry.zip	RETROARCH	km_fbneo_xtreme_amped_libretro.so
PLAY	FINALBURN NEO	HIPPODRM	ROMS/FBNEO/hippodrm.zip	RETROARCH	km_fbneo_xtreme_amped_libretro.so
PLAY	FINALBURN NEO	HOOK	ROMS/FBNEO/hook.zip	RETROARCH	km_fbneo_xtreme_amped_libretro.so
PLAY	FINALBURN NEO	HSF2	ROMS/FBNEO/hsf2.zip	RETROARCH	km_fbneo_xtreme_amped_libretro.so
PLAY	FINALBURN NEO	IGMO	ROMS/FBNEO/igmo.zip	RETROARCH	km_fbneo_xtreme_amped_libretro.so
PLAY	FINALBURN NEO	IKKI	ROMS/FBNEO/ikki.zip	RETROARCH	km_fbneo_xtreme_amped_libretro.so
PLAY	FINALBURN NEO	IMAGO	ROMS/FBNEO/imago.zip	RETROARCH	km_fbneo_xtreme_amped_libretro.so
PLAY	FINALBURN NEO	IMGFIGHT	ROMS/FBNEO/imgfight.zip	RETROARCH	km_fbneo_xtreme_amped_libretro.so
PLAY	FINALBURN NEO	JCHAN2	ROMS/FBNEO/jchan2.zip	RETROARCH	km_fbneo_xtreme_amped_libretro.so
PLAY	FINALBURN NEO	JOEMAC	ROMS/FBNEO/joemac.zip	RETROARCH	km_fbneo_xtreme_amped_libretro.so
PLAY	FINALBURN NEO	JOEMACR	ROMS/FBNEO/joemacr.zip	RETROARCH	km_fbneo_xtreme_amped_libretro.so
PLAY	FINALBURN NEO	JOJOBANE	ROMS/FBNEO/jojobane.zip	RETROARCH	km_fbneo_xtreme_amped_libretro.so
PLAY	FINALBURN NEO	JOJOJ	ROMS/FBNEO/jojoj.zip	RETROARCH	km_fbneo_xtreme_amped_libretro.so
PLAY	FINALBURN NEO	KABUKIZ	ROMS/FBNEO/kabukiz.zip	RETROARCH	km_fbneo_xtreme_amped_libretro.so
PLAY	FINALBURN NEO	KAGEKI	ROMS/FBNEO/kageki.zip	RETROARCH	km_fbneo_xtreme_amped_libretro.so
PLAY	FINALBURN NEO	KARATOUR	ROMS/FBNEO/karatour.zip	RETROARCH	km_fbneo_xtreme_amped_libretro.so
PLAY	FINALBURN NEO	KBASH	ROMS/FBNEO/kbash.zip	RETROARCH	km_fbneo_xtreme_amped_libretro.so
PLAY	FINALBURN NEO	KBASH2	ROMS/FBNEO/kbash2.zip	RETROARCH	km_fbneo_xtreme_amped_libretro.so
PLAY	FINALBURN NEO	KIKIKAI	ROMS/FBNEO/kikikai.zip	RETROARCH	km_fbneo_xtreme_amped_libretro.so
PLAY	FINALBURN NEO	KNIGHTS	ROMS/FBNEO/knights.zip	RETROARCH	km_fbneo_xtreme_amped_libretro.so
PLAY	FINALBURN NEO	KOD	ROMS/FBNEO/kod.zip	RETROARCH	km_fbneo_xtreme_amped_libretro.so
PLAY	FINALBURN NEO	LDRUN	ROMS/FBNEO/ldrun.zip	RETROARCH	km_fbneo_xtreme_amped_libretro.so
PLAY	FINALBURN NEO	LDRUN2	ROMS/FBNEO/ldrun2.zip	RETROARCH	km_fbneo_xtreme_amped_libretro.so
PLAY	FINALBURN NEO	LDRUN3	ROMS/FBNEO/ldrun3.zip	RETROARCH	km_fbneo_xtreme_amped_libretro.so
PLAY	FINALBURN NEO	LDRUN4	ROMS/FBNEO/ldrun4.zip	RETROARCH	km_fbneo_xtreme_amped_libretro.so
PLAY	FINALBURN NEO	LIGHTBR	ROMS/FBNEO/lightbr.zip	RETROARCH	km_fbneo_xtreme_amped_libretro.so
PLAY	FINALBURN NEO	LKAGE	ROMS/FBNEO/lkage.zip	RETROARCH	km_fbneo_xtreme_amped_libretro.so
PLAY	FINALBURN NEO	LTSWORDS	ROMS/FBNEO/ltswords.zip	RETROARCH	km_fbneo_xtreme_amped_libretro.so
PLAY	FINALBURN NEO	LUCKYWLD	ROMS/FBNEO/luckywld.zip	RETROARCH	km_fbneo_xtreme_amped_libretro.so
PLAY	FINALBURN NEO	MACROSS	ROMS/FBNEO/macross.zip	RETROARCH	km_fbneo_xtreme_amped_libretro.so
PLAY	FINALBURN NEO	MACROSS2	ROMS/FBNEO/macross2.zip	RETROARCH	km_fbneo_xtreme_amped_libretro.so
PLAY	FINALBURN NEO	MACROSSP	ROMS/FBNEO/macrossp.zip	RETROARCH	km_fbneo_xtreme_amped_libretro.so
PLAY	FINALBURN NEO	MAPPY	ROMS/FBNEO/mappy.zip	RETROARCH	km_fbneo_xtreme_amped_libretro.so
PLAY	FINALBURN NEO	MBOMBRD	ROMS/FBNEO/mbombrd.zip	RETROARCH	km_fbneo_xtreme_amped_libretro.so
PLAY	FINALBURN NEO	MEGAMAN	ROMS/FBNEO/megaman.zip	RETROARCH	km_fbneo_xtreme_amped_libretro.so
PLAY	FINALBURN NEO	MEGAMAN2	ROMS/FBNEO/megaman2.zip	RETROARCH	km_fbneo_xtreme_amped_libretro.so
PLAY	FINALBURN NEO	METALB	ROMS/FBNEO/metalb.zip	RETROARCH	km_fbneo_xtreme_amped_libretro.so
PLAY	FINALBURN NEO	MIA	ROMS/FBNEO/mia.zip	RETROARCH	km_fbneo_xtreme_amped_libretro.so
PLAY	FINALBURN NEO	MIKIE	ROMS/FBNEO/mikie.zip	RETROARCH	km_fbneo_xtreme_amped_libretro.so
PLAY	FINALBURN NEO	MIRNINJA	ROMS/FBNEO/mirninja.zip	RETROARCH	km_fbneo_xtreme_amped_libretro.so
PLAY	FINALBURN NEO	MK	ROMS/FBNEO/mk.zip	RETROARCH	km_fbneo_xtreme_amped_libretro.so
PLAY	FINALBURN NEO	MK2	ROMS/FBNEO/mk2.zip	RETROARCH	km_fbneo_xtreme_amped_libretro.so
PLAY	FINALBURN NEO	MK3	ROMS/FBNEO/mk3.zip	RETROARCH	km_fbneo_xtreme_amped_libretro.so
PLAY	FINALBURN NEO	MMAULERS	ROMS/FBNEO/mmaulers.zip	RETROARCH	km_fbneo_xtreme_amped_libretro.so
PLAY	FINALBURN NEO	MPANG	ROMS/FBNEO/mpang.zip	RETROARCH	km_fbneo_xtreme_amped_libretro.so
PLAY	FINALBURN NEO	MSH	ROMS/FBNEO/msh.zip	RETROARCH	km_fbneo_xtreme_amped_libretro.so
PLAY	FINALBURN NEO	MSHUTTLE	ROMS/FBNEO/mshuttle.zip	RETROARCH	km_fbneo_xtreme_amped_libretro.so
PLAY	FINALBURN NEO	MSHVSF	ROMS/FBNEO/mshvsf.zip	RETROARCH	km_fbneo_xtreme_amped_libretro.so
PLAY	FINALBURN NEO	MSWORD	ROMS/FBNEO/msword.zip	RETROARCH	km_fbneo_xtreme_amped_libretro.so
PLAY	FINALBURN NEO	MTLCHAMP	ROMS/FBNEO/mtlchamp.zip	RETROARCH	km_fbneo_xtreme_amped_libretro.so
PLAY	FINALBURN NEO	MTWINS	ROMS/FBNEO/mtwins.zip	RETROARCH	km_fbneo_xtreme_amped_libretro.so
PLAY	FINALBURN NEO	MUGSMASH	ROMS/FBNEO/mugsmash.zip	RETROARCH	km_fbneo_xtreme_amped_libretro.so
PLAY	FINALBURN NEO	MUSICBAL	ROMS/FBNEO/musicbal.zip	RETROARCH	km_fbneo_xtreme_amped_libretro.so
PLAY	FINALBURN NEO	MUSTACHE	ROMS/FBNEO/mustache.zip	RETROARCH	km_fbneo_xtreme_amped_libretro.so
PLAY	FINALBURN NEO	MUSTANG	ROMS/FBNEO/mustang.zip	RETROARCH	km_fbneo_xtreme_amped_libretro.so
PLAY	FINALBURN NEO	MUTANTF	ROMS/FBNEO/mutantf.zip	RETROARCH	km_fbneo_xtreme_amped_libretro.so
PLAY	FINALBURN NEO	MVP	ROMS/FBNEO/mvp.zip	RETROARCH	km_fbneo_xtreme_amped_libretro.so
PLAY	FINALBURN NEO	MVSC	ROMS/FBNEO/mvsc.zip	RETROARCH	km_fbneo_xtreme_amped_libretro.so
PLAY	FINALBURN NEO	MWARR	ROMS/FBNEO/mwarr.zip	RETROARCH	km_fbneo_xtreme_amped_libretro.so
PLAY	FINALBURN NEO	NEMO	ROMS/FBNEO/nemo.zip	RETROARCH	km_fbneo_xtreme_amped_libretro.so
PLAY	FINALBURN NEO	NSLASHER	ROMS/FBNEO/nslasher.zip	RETROARCH	km_fbneo_xtreme_amped_libretro.so
PLAY	FINALBURN NEO	NSPIRIT	ROMS/FBNEO/nspirit.zip	RETROARCH	km_fbneo_xtreme_amped_libretro.so
PLAY	FINALBURN NEO	NWARR	ROMS/FBNEO/nwarr.zip	RETROARCH	km_fbneo_xtreme_amped_libretro.so
PLAY	FINALBURN NEO	OSCAR	ROMS/FBNEO/oscar.zip	RETROARCH	km_fbneo_xtreme_amped_libretro.so
PLAY	FINALBURN NEO	OSMAN	ROMS/FBNEO/osman.zip	RETROARCH	km_fbneo_xtreme_amped_libretro.so
PLAY	FINALBURN NEO	OTHUNDER	ROMS/FBNEO/othunder.zip	RETROARCH	km_fbneo_xtreme_amped_libretro.so
PLAY	FINALBURN NEO	PLEGENDS	ROMS/FBNEO/plegends.zip	RETROARCH	km_fbneo_xtreme_amped_libretro.so
PLAY	FINALBURN NEO	PNICKJ	ROMS/FBNEO/pnickj.zip	RETROARCH	km_fbneo_xtreme_amped_libretro.so
PLAY	FINALBURN NEO	PONPOKO	ROMS/FBNEO/ponpoko.zip	RETROARCH	km_fbneo_xtreme_amped_libretro.so
PLAY	FINALBURN NEO	POOYAN	ROMS/FBNEO/pooyan.zip	RETROARCH	km_fbneo_xtreme_amped_libretro.so
PLAY	FINALBURN NEO	PUCHICAR	ROMS/FBNEO/puchicar.zip	RETROARCH	km_fbneo_xtreme_amped_libretro.so
PLAY	FINALBURN NEO	PUNISHER	ROMS/FBNEO/punisher.zip	RETROARCH	km_fbneo_xtreme_amped_libretro.so
PLAY	FINALBURN NEO	PZLBOWL	ROMS/FBNEO/pzlbowl.zip	RETROARCH	km_fbneo_xtreme_amped_libretro.so
PLAY	FINALBURN NEO	PZLBREAK	ROMS/FBNEO/pzlbreak.zip	RETROARCH	km_fbneo_xtreme_amped_libretro.so
PLAY	FINALBURN NEO	PZLOOP2	ROMS/FBNEO/pzloop2.zip	RETROARCH	km_fbneo_xtreme_amped_libretro.so
PLAY	FINALBURN NEO	REDEARTH	ROMS/FBNEO/redearth.zip	RETROARCH	km_fbneo_xtreme_amped_libretro.so
PLAY	FINALBURN NEO	RINGDEST	ROMS/FBNEO/ringdest.zip	RETROARCH	km_fbneo_xtreme_amped_libretro.so
PLAY	FINALBURN NEO	RINGRAGE	ROMS/FBNEO/ringrage.zip	RETROARCH	km_fbneo_xtreme_amped_libretro.so
PLAY	FINALBURN NEO	RIOT	ROMS/FBNEO/riot.zip	RETROARCH	km_fbneo_xtreme_amped_libretro.so
PLAY	FINALBURN NEO	RIOTCITY	ROMS/FBNEO/riotcity.zip	RETROARCH	km_fbneo_xtreme_amped_libretro.so
PLAY	FINALBURN NEO	ROADF	ROMS/FBNEO/roadf.zip	RETROARCH	km_fbneo_xtreme_amped_libretro.so
PLAY	FINALBURN NEO	ROBOCOP	ROMS/FBNEO/robocop.zip	RETROARCH	km_fbneo_xtreme_amped_libretro.so
PLAY	FINALBURN NEO	ROBOCOP2	ROMS/FBNEO/robocop2.zip	RETROARCH	km_fbneo_xtreme_amped_libretro.so
PLAY	FINALBURN NEO	ROBOKID	ROMS/FBNEO/robokid.zip	RETROARCH	km_fbneo_xtreme_amped_libretro.so
PLAY	FINALBURN NEO	RYUJIN	ROMS/FBNEO/ryujin.zip	RETROARCH	km_fbneo_xtreme_amped_libretro.so
PLAY	FINALBURN NEO	SCHMEISR	ROMS/FBNEO/schmeisr.zip	RETROARCH	km_fbneo_xtreme_amped_libretro.so
PLAY	FINALBURN NEO	SDFIGHT	ROMS/FBNEO/sdfight.zip	RETROARCH	km_fbneo_xtreme_amped_libretro.so
PLAY	FINALBURN NEO	SDGNDMPS	ROMS/FBNEO/sdgndmps.zip	RETROARCH	km_fbneo_xtreme_amped_libretro.so
PLAY	FINALBURN NEO	SF	ROMS/FBNEO/sf.zip	RETROARCH	km_fbneo_xtreme_amped_libretro.so
PLAY	FINALBURN NEO	SF2	ROMS/FBNEO/sf2.zip	RETROARCH	km_fbneo_xtreme_amped_libretro.so
PLAY	FINALBURN NEO	SF2CE	ROMS/FBNEO/sf2ce.zip	RETROARCH	km_fbneo_xtreme_amped_libretro.so
PLAY	FINALBURN NEO	SF2HF	ROMS/FBNEO/sf2hf.zip	RETROARCH	km_fbneo_xtreme_amped_libretro.so
PLAY	FINALBURN NEO	SFA2	ROMS/FBNEO/sfa2.zip	RETROARCH	km_fbneo_xtreme_amped_libretro.so
PLAY	FINALBURN NEO	SFA3	ROMS/FBNEO/sfa3.zip	RETROARCH	km_fbneo_xtreme_amped_libretro.so
PLAY	FINALBURN NEO	SFIII	ROMS/FBNEO/sfiii.zip	RETROARCH	km_fbneo_xtreme_amped_libretro.so
PLAY	FINALBURN NEO	SFIII2	ROMS/FBNEO/sfiii2.zip	RETROARCH	km_fbneo_xtreme_amped_libretro.so
PLAY	FINALBURN NEO	SFIII3	ROMS/FBNEO/sfiii3.zip	RETROARCH	km_fbneo_xtreme_amped_libretro.so
PLAY	FINALBURN NEO	SFTM	ROMS/FBNEO/sftm.zip	RETROARCH	km_fbneo_xtreme_amped_libretro.so
PLAY	FINALBURN NEO	SFX	ROMS/FBNEO/sfx.zip	RETROARCH	km_fbneo_xtreme_amped_libretro.so
PLAY	FINALBURN NEO	SFZ2AL	ROMS/FBNEO/sfz2al.zip	RETROARCH	km_fbneo_xtreme_amped_libretro.so
PLAY	FINALBURN NEO	SFZA	ROMS/FBNEO/sfza.zip	RETROARCH	km_fbneo_xtreme_amped_libretro.so
PLAY	FINALBURN NEO	SFZCH	ROMS/FBNEO/sfzch.zip	RETROARCH	km_fbneo_xtreme_amped_libretro.so
PLAY	FINALBURN NEO	SGEMF	ROMS/FBNEO/sgemf.zip	RETROARCH	km_fbneo_xtreme_amped_libretro.so
PLAY	FINALBURN NEO	SHADOWLD	ROMS/FBNEO/shadowld.zip	RETROARCH	km_fbneo_xtreme_amped_libretro.so
PLAY	FINALBURN NEO	SHADOWWA	ROMS/FBNEO/shadowwa.zip	RETROARCH	km_fbneo_xtreme_amped_libretro.so
PLAY	FINALBURN NEO	SHANGON	ROMS/FBNEO/shangon.zip	RETROARCH	km_fbneo_xtreme_amped_libretro.so
PLAY	FINALBURN NEO	SHARRIER	ROMS/FBNEO/sharrier.zip	RETROARCH	km_fbneo_xtreme_amped_libretro.so
PLAY	FINALBURN NEO	SILENTD	ROMS/FBNEO/silentd.zip	RETROARCH	km_fbneo_xtreme_amped_libretro.so
PLAY	FINALBURN NEO	SILKROAD	ROMS/FBNEO/silkroad.zip	RETROARCH	km_fbneo_xtreme_amped_libretro.so
PLAY	FINALBURN NEO	SLAMMAST	ROMS/FBNEO/slammast.zip	RETROARCH	km_fbneo_xtreme_amped_libretro.so
PLAY	FINALBURN NEO	SOLFIGTR	ROMS/FBNEO/solfigtr.zip	RETROARCH	km_fbneo_xtreme_amped_libretro.so
PLAY	FINALBURN NEO	SONSON	ROMS/FBNEO/sonson.zip	RETROARCH	km_fbneo_xtreme_amped_libretro.so
PLAY	FINALBURN NEO	SPF2T	ROMS/FBNEO/spf2t.zip	RETROARCH	km_fbneo_xtreme_amped_libretro.so
PLAY	FINALBURN NEO	SPINLBRK	ROMS/FBNEO/spinlbrk.zip	RETROARCH	km_fbneo_xtreme_amped_libretro.so
PLAY	FINALBURN NEO	SSF2	ROMS/FBNEO/ssf2.zip	RETROARCH	km_fbneo_xtreme_amped_libretro.so
PLAY	FINALBURN NEO	SSF2T	ROMS/FBNEO/ssf2t.zip	RETROARCH	km_fbneo_xtreme_amped_libretro.so
PLAY	FINALBURN NEO	SSMISSIN	ROMS/FBNEO/ssmissin.zip	RETROARCH	km_fbneo_xtreme_amped_libretro.so
PLAY	FINALBURN NEO	SSOLDIER	ROMS/FBNEO/ssoldier.zip	RETROARCH	km_fbneo_xtreme_amped_libretro.so
PLAY	FINALBURN NEO	SSRIDERSABD	ROMS/FBNEO/ssridersabd.zip	RETROARCH	km_fbneo_xtreme_amped_libretro.so
PLAY	FINALBURN NEO	STAGGER1	ROMS/FBNEO/stagger1.zip	RETROARCH	km_fbneo_xtreme_amped_libretro.so
PLAY	FINALBURN NEO	STRIDER	ROMS/FBNEO/strider.zip	RETROARCH	km_fbneo_xtreme_amped_libretro.so
PLAY	FINALBURN NEO	STRKFGTR	ROMS/FBNEO/strkfgtr.zip	RETROARCH	km_fbneo_xtreme_amped_libretro.so
PLAY	FINALBURN NEO	SUPERCHS	ROMS/FBNEO/superchs.zip	RETROARCH	km_fbneo_xtreme_amped_libretro.so
PLAY	FINALBURN NEO	SUPERMAN	ROMS/FBNEO/superman.zip	RETROARCH	km_fbneo_xtreme_amped_libretro.so
PLAY	FINALBURN NEO	TAOTAIDO	ROMS/FBNEO/taotaido.zip	RETROARCH	km_fbneo_xtreme_amped_libretro.so
PLAY	FINALBURN NEO	TAPPER	ROMS/FBNEO/tapper.zip	RETROARCH	km_fbneo_xtreme_amped_libretro.so
PLAY	FINALBURN NEO	TARGETH	ROMS/FBNEO/targeth.zip	RETROARCH	km_fbneo_xtreme_amped_libretro.so
PLAY	FINALBURN NEO	TATTASS	ROMS/FBNEO/tattass.zip	RETROARCH	km_fbneo_xtreme_amped_libretro.so
PLAY	FINALBURN NEO	THEPIT	ROMS/FBNEO/thepit.zip	RETROARCH	km_fbneo_xtreme_amped_libretro.so
PLAY	FINALBURN NEO	THNDRBLD	ROMS/FBNEO/thndrbld.zip	RETROARCH	km_fbneo_xtreme_amped_libretro.so
PLAY	FINALBURN NEO	TKDENSHO	ROMS/FBNEO/tkdensho.zip	RETROARCH	km_fbneo_xtreme_amped_libretro.so
PLAY	FINALBURN NEO	TMNT2	ROMS/FBNEO/tmnt2.zip	RETROARCH	km_fbneo_xtreme_amped_libretro.so
PLAY	FINALBURN NEO	TMNT2PO	ROMS/FBNEO/tmnt2po.zip	RETROARCH	km_fbneo_xtreme_amped_libretro.so
PLAY	FINALBURN NEO	TRSTAR	ROMS/FBNEO/trstar.zip	RETROARCH	km_fbneo_xtreme_amped_libretro.so
PLAY	FINALBURN NEO	TSAMURAI	ROMS/FBNEO/tsamurai.zip	RETROARCH	km_fbneo_xtreme_amped_libretro.so
PLAY	FINALBURN NEO	TTURF	ROMS/FBNEO/tturf.zip	RETROARCH	km_fbneo_xtreme_amped_libretro.so
PLAY	FINALBURN NEO	TUMBLEP	ROMS/FBNEO/tumblep.zip	RETROARCH	km_fbneo_xtreme_amped_libretro.so
PLAY	FINALBURN NEO	TURBO	ROMS/FBNEO/turbo.zip	RETROARCH	km_fbneo_xtreme_amped_libretro.so
PLAY	FINALBURN NEO	UCCOPS	ROMS/FBNEO/uccops.zip	RETROARCH	km_fbneo_xtreme_amped_libretro.so
PLAY	FINALBURN NEO	VENDETTA	ROMS/FBNEO/vendetta.zip	RETROARCH	km_fbneo_xtreme_amped_libretro.so
PLAY	FINALBURN NEO	VENDETTA2PU	ROMS/FBNEO/vendetta2pu.zip	RETROARCH	km_fbneo_xtreme_amped_libretro.so
PLAY	FINALBURN NEO	VHUNT2	ROMS/FBNEO/vhunt2.zip	RETROARCH	km_fbneo_xtreme_amped_libretro.so
PLAY	FINALBURN NEO	VIGILANT	ROMS/FBNEO/vigilant.zip	RETROARCH	km_fbneo_xtreme_amped_libretro.so
PLAY	FINALBURN NEO	VINDCTR2	ROMS/FBNEO/vindctr2.zip	RETROARCH	km_fbneo_xtreme_amped_libretro.so
PLAY	FINALBURN NEO	VINDICTR	ROMS/FBNEO/vindictr.zip	RETROARCH	km_fbneo_xtreme_amped_libretro.so
PLAY	FINALBURN NEO	VIOFIGHT	ROMS/FBNEO/viofight.zip	RETROARCH	km_fbneo_xtreme_amped_libretro.so
PLAY	FINALBURN NEO	VIOSTORM	ROMS/FBNEO/viostorm.zip	RETROARCH	km_fbneo_xtreme_amped_libretro.so
PLAY	FINALBURN NEO	VSAV	ROMS/FBNEO/vsav.zip	RETROARCH	km_fbneo_xtreme_amped_libretro.so
PLAY	FINALBURN NEO	VSAV2	ROMS/FBNEO/vsav2.zip	RETROARCH	km_fbneo_xtreme_amped_libretro.so
PLAY	FINALBURN NEO	WIZDFIRE	ROMS/FBNEO/wizdfire.zip	RETROARCH	km_fbneo_xtreme_amped_libretro.so
PLAY	FINALBURN NEO	WNDRMOMO	ROMS/FBNEO/wndrmomo.zip	RETROARCH	km_fbneo_xtreme_amped_libretro.so
PLAY	FINALBURN NEO	WNDRPLNT	ROMS/FBNEO/wndrplnt.zip	RETROARCH	km_fbneo_xtreme_amped_libretro.so
PLAY	FINALBURN NEO	WOF	ROMS/FBNEO/wof.zip	RETROARCH	km_fbneo_xtreme_amped_libretro.so
PLAY	FINALBURN NEO	XEXEX	ROMS/FBNEO/xexex.zip	RETROARCH	km_fbneo_xtreme_amped_libretro.so
PLAY	FINALBURN NEO	XMCOTA	ROMS/FBNEO/xmcota.zip	RETROARCH	km_fbneo_xtreme_amped_libretro.so
PLAY	FINALBURN NEO	XMEN	ROMS/FBNEO/xmen.zip	RETROARCH	km_fbneo_xtreme_amped_libretro.so
PLAY	FINALBURN NEO	XMULTIPL	ROMS/FBNEO/xmultipl.zip	RETROARCH	km_fbneo_xtreme_amped_libretro.so
PLAY	FINALBURN NEO	XMVSF	ROMS/FBNEO/xmvsf.zip	RETROARCH	km_fbneo_xtreme_amped_libretro.so
PLAY	FINALBURN NEO	YIEAR	ROMS/FBNEO/yiear.zip	RETROARCH	km_fbneo_xtreme_amped_libretro.so
PLAY	FINALBURN NEO	ZIGZAGB	ROMS/FBNEO/zigzagb.zip	RETROARCH	km_fbneo_xtreme_amped_libretro.so
PLAY	NES FAMICOM	10-YARD FIGHT (USA, EUROPE)	ROMS/FC/10-Yard Fight (USA, Europe).zip	RETROARCH	fceumm_libretro.so
PLAY	NES FAMICOM	1942 (JAPAN, USA)	ROMS/FC/1942 (Japan, USA).zip	RETROARCH	fceumm_libretro.so
PLAY	NES FAMICOM	1943 - THE BATTLE OF MIDWAY (USA)	ROMS/FC/1943 - The Battle of Midway (USA).zip	RETROARCH	fceumm_libretro.so
PLAY	NES FAMICOM	3-D WORLDRUNNER (USA)	ROMS/FC/3-D WorldRunner (USA).zip	RETROARCH	fceumm_libretro.so
PLAY	NES FAMICOM	720 DEGREES (USA)	ROMS/FC/720 Degrees (USA).zip	RETROARCH	fceumm_libretro.so
PLAY	NES FAMICOM	8 EYES (USA)	ROMS/FC/8 Eyes (USA).zip	RETROARCH	fceumm_libretro.so
PLAY	NES FAMICOM	ABADOX - THE DEADLY INNER WAR (USA)	ROMS/FC/Abadox - The Deadly Inner War (USA).zip	RETROARCH	fceumm_libretro.so
PLAY	NES FAMICOM	ACTION 52 (USA) (UNL)	ROMS/FC/Action 52 (USA) (Unl).zip	RETROARCH	fceumm_libretro.so
PLAY	NES FAMICOM	ADDAMS FAMILY, THE (USA)	ROMS/FC/Addams Family, The (USA).zip	RETROARCH	fceumm_libretro.so
PLAY	NES FAMICOM	ADDAMS FAMILY, THE - PUGSLEY'S SCAVENGER HUNT (USA)	ROMS/FC/Addams Family, The - Pugsley's Scavenger Hunt (USA).zip	RETROARCH	fceumm_libretro.so
PLAY	NES FAMICOM	ADVANCED DUNGEONS & DRAGONS - DRAGONSTRIKE (USA)	ROMS/FC/Advanced Dungeons & Dragons - DragonStrike (USA).zip	RETROARCH	fceumm_libretro.so
PLAY	NES FAMICOM	ADVANCED DUNGEONS & DRAGONS - HEROES OF THE LANCE (USA)	ROMS/FC/Advanced Dungeons & Dragons - Heroes of the Lance (USA).zip	RETROARCH	fceumm_libretro.so
PLAY	NES FAMICOM	ADVANCED DUNGEONS & DRAGONS - HILLSFAR (USA)	ROMS/FC/Advanced Dungeons & Dragons - Hillsfar (USA).zip	RETROARCH	fceumm_libretro.so
PLAY	NES FAMICOM	ADVANCED DUNGEONS & DRAGONS - POOL OF RADIANCE (USA)	ROMS/FC/Advanced Dungeons & Dragons - Pool of Radiance (USA).zip	RETROARCH	fceumm_libretro.so
PLAY	NES FAMICOM	ADVENTURE ISLAND (USA)	ROMS/FC/Adventure Island (USA).zip	RETROARCH	fceumm_libretro.so
PLAY	NES FAMICOM	ADVENTURE ISLAND 3 (USA)	ROMS/FC/Adventure Island 3 (USA).zip	RETROARCH	fceumm_libretro.so
PLAY	NES FAMICOM	ADVENTURE ISLAND II (USA)	ROMS/FC/Adventure Island II (USA).zip	RETROARCH	fceumm_libretro.so
PLAY	NES FAMICOM	ADVENTURES IN THE MAGIC KINGDOM (USA)	ROMS/FC/Adventures in the Magic Kingdom (USA).zip	RETROARCH	fceumm_libretro.so
PLAY	NES FAMICOM	AFTER BURNER (USA) (UNL)	ROMS/FC/After Burner (USA) (Unl).zip	RETROARCH	fceumm_libretro.so
PLAY	NES FAMICOM	AIR FORTRESS (USA)	ROMS/FC/Air Fortress (USA).zip	RETROARCH	fceumm_libretro.so
PLAY	NES FAMICOM	AIRBALL (USA) (PROTO)	ROMS/FC/Airball (USA) (Proto).zip	RETROARCH	fceumm_libretro.so
PLAY	NES FAMICOM	AIRWOLF (USA)	ROMS/FC/Airwolf (USA).zip	RETROARCH	fceumm_libretro.so
PLAY	NES FAMICOM	AL UNSER JR. TURBO RACING (USA)	ROMS/FC/Al Unser Jr. Turbo Racing (USA).zip	RETROARCH	fceumm_libretro.so
PLAY	NES FAMICOM	ALADDIN (EUROPE)	ROMS/FC/Aladdin (Europe).zip	RETROARCH	fceumm_libretro.so
PLAY	NES FAMICOM	ALFRED CHICKEN (USA)	ROMS/FC/Alfred Chicken (USA).zip	RETROARCH	fceumm_libretro.so
PLAY	NES FAMICOM	ALIEN 3 (USA)	ROMS/FC/Alien 3 (USA).zip	RETROARCH	fceumm_libretro.so
PLAY	NES FAMICOM	ALIEN SYNDROME (USA) (UNL)	ROMS/FC/Alien Syndrome (USA) (Unl).zip	RETROARCH	fceumm_libretro.so
PLAY	NES FAMICOM	ALL-PRO BASKETBALL (USA)	ROMS/FC/All-Pro Basketball (USA).zip	RETROARCH	fceumm_libretro.so
PLAY	NES FAMICOM	ALTER EGO (WORLD) (UNL)	ROMS/FC/Alter Ego (World) (Unl).zip	RETROARCH	fceumm_libretro.so
PLAY	NES FAMICOM	AMAGON (USA)	ROMS/FC/Amagon (USA).zip	RETROARCH	fceumm_libretro.so
PLAY	NES FAMICOM	AMERICAN GLADIATORS (USA)	ROMS/FC/American Gladiators (USA).zip	RETROARCH	fceumm_libretro.so
PLAY	NES FAMICOM	ANTICIPATION (USA)	ROMS/FC/Anticipation (USA).zip	RETROARCH	fceumm_libretro.so
PLAY	NES FAMICOM	ARCH RIVALS - A BASKETBRAWL! (USA)	ROMS/FC/Arch Rivals - A Basketbrawl! (USA).zip	RETROARCH	fceumm_libretro.so
PLAY	NES FAMICOM	ARCHON (USA)	ROMS/FC/Archon (USA).zip	RETROARCH	fceumm_libretro.so
PLAY	NES FAMICOM	BANDIT KINGS OF ANCIENT CHINA (USA)	ROMS/FC/Bandit Kings of Ancient China (USA).zip	RETROARCH	fceumm_libretro.so
PLAY	NES FAMICOM	BARBIE (USA)	ROMS/FC/Barbie (USA).zip	RETROARCH	fceumm_libretro.so
PLAY	NES FAMICOM	BARD'S TALE, THE (USA)	ROMS/FC/Bard's Tale, The (USA).zip	RETROARCH	fceumm_libretro.so
PLAY	NES FAMICOM	BARKER BILL'S TRICK SHOOTING (USA)	ROMS/FC/Barker Bill's Trick Shooting (USA).zip	RETROARCH	fceumm_libretro.so
PLAY	NES FAMICOM	BASHI BAZOOK - MORPHOID MASHER (USA) (PROTO)	ROMS/FC/Bashi Bazook - Morphoid Masher (USA) (Proto).zip	RETROARCH	fceumm_libretro.so
PLAY	NES FAMICOM	BATMAN - RETURN OF THE JOKER (USA)	ROMS/FC/Batman - Return of the Joker (USA).zip	RETROARCH	fceumm_libretro.so
PLAY	NES FAMICOM	BATMAN - THE VIDEO GAME (USA)	ROMS/FC/Batman - The Video Game (USA).zip	RETROARCH	fceumm_libretro.so
PLAY	NES FAMICOM	BATMAN RETURNS (USA)	ROMS/FC/Batman Returns (USA).zip	RETROARCH	fceumm_libretro.so
PLAY	NES FAMICOM	BATTLE CHESS (USA)	ROMS/FC/Battle Chess (USA).zip	RETROARCH	fceumm_libretro.so
PLAY	NES FAMICOM	BATTLE KID - FORTRESS OF PERIL (USA) (UNL)	ROMS/FC/Battle Kid - Fortress of Peril (USA) (Unl).zip	RETROARCH	fceumm_libretro.so
PLAY	NES FAMICOM	BATTLE KID 2 - MOUNTAIN OF TORMENT (USA) (UNL)	ROMS/FC/Battle Kid 2 - Mountain of Torment (USA) (Unl).zip	RETROARCH	fceumm_libretro.so
PLAY	NES FAMICOM	BATTLE OF OLYMPUS, THE (USA)	ROMS/FC/Battle of Olympus, The (USA).zip	RETROARCH	fceumm_libretro.so
PLAY	NES FAMICOM	BATTLESHIP (USA)	ROMS/FC/Battleship (USA).zip	RETROARCH	fceumm_libretro.so
PLAY	NES FAMICOM	BATTLETANK (USA)	ROMS/FC/Battletank (USA).zip	RETROARCH	fceumm_libretro.so
PLAY	NES FAMICOM	BATTLETOADS (USA)	ROMS/FC/Battletoads (USA).zip	RETROARCH	fceumm_libretro.so
PLAY	NES FAMICOM	BEAUTY AND THE BEAST (EUROPE)	ROMS/FC/Beauty and the Beast (Europe).zip	RETROARCH	fceumm_libretro.so
PLAY	NES FAMICOM	BLACKJACK (USA) (UNL)	ROMS/FC/Blackjack (USA) (Unl).zip	RETROARCH	fceumm_libretro.so
PLAY	NES FAMICOM	BLADE BUSTER (WORLD) (UNL)	ROMS/FC/Blade Buster (World) (Unl).zip	RETROARCH	fceumm_libretro.so
PLAY	NES FAMICOM	BLADES OF STEEL (USA)	ROMS/FC/Blades of Steel (USA).zip	RETROARCH	fceumm_libretro.so
PLAY	NES FAMICOM	BLASTER MASTER (USA)	ROMS/FC/Blaster Master (USA).zip	RETROARCH	fceumm_libretro.so
PLAY	NES FAMICOM	BLUE MARLIN, THE (USA)	ROMS/FC/Blue Marlin, The (USA).zip	RETROARCH	fceumm_libretro.so
PLAY	NES FAMICOM	BLUES BROTHERS, THE (USA)	ROMS/FC/Blues Brothers, The (USA).zip	RETROARCH	fceumm_libretro.so
PLAY	NES FAMICOM	BOMB SWEEPER (WORLD) (UNL)	ROMS/FC/Bomb Sweeper (World) (Unl).zip	RETROARCH	fceumm_libretro.so
PLAY	NES FAMICOM	BOMBERMAN (USA)	ROMS/FC/Bomberman (USA).zip	RETROARCH	fceumm_libretro.so
PLAY	NES FAMICOM	BOMBERMAN II (USA)	ROMS/FC/Bomberman II (USA).zip	RETROARCH	fceumm_libretro.so
PLAY	NES FAMICOM	BONK'S ADVENTURE (USA)	ROMS/FC/Bonk's Adventure (USA).zip	RETROARCH	fceumm_libretro.so
PLAY	NES FAMICOM	BOULDER DASH (USA)	ROMS/FC/Boulder Dash (USA).zip	RETROARCH	fceumm_libretro.so
PLAY	NES FAMICOM	BOX BOY (WORLD) (UNL)	ROMS/FC/Box Boy (World) (Unl).zip	RETROARCH	fceumm_libretro.so
PLAY	NES FAMICOM	BOY AND HIS BLOB, A - TROUBLE ON BLOBOLONIA (USA)	ROMS/FC/Boy and His Blob, A - Trouble on Blobolonia (USA).zip	RETROARCH	fceumm_libretro.so
PLAY	NES FAMICOM	BRAM STOKER'S DRACULA (USA)	ROMS/FC/Bram Stoker's Dracula (USA).zip	RETROARCH	fceumm_libretro.so
PLAY	NES FAMICOM	BURGERTIME (USA)	ROMS/FC/BurgerTime (USA).zip	RETROARCH	fceumm_libretro.so
PLAY	NES FAMICOM	BUZZ AND WALDOG (USA) (PROTO)	ROMS/FC/Buzz and Waldog (USA) (Proto).zip	RETROARCH	fceumm_libretro.so
PLAY	NES FAMICOM	CABAL (USA)	ROMS/FC/Cabal (USA).zip	RETROARCH	fceumm_libretro.so
PLAY	NES FAMICOM	CAESARS PALACE (USA)	ROMS/FC/Caesars Palace (USA).zip	RETROARCH	fceumm_libretro.so
PLAY	NES FAMICOM	CALIFORNIA GAMES (USA)	ROMS/FC/California Games (USA).zip	RETROARCH	fceumm_libretro.so
PLAY	NES FAMICOM	CALIFORNIA RAISINS - THE GRAPE ESCAPE (USA) (PROTO)	ROMS/FC/California Raisins - The Grape Escape (USA) (Proto).zip	RETROARCH	fceumm_libretro.so
PLAY	NES FAMICOM	CALTRON - 6 IN 1 (USA) (UNL)	ROMS/FC/Caltron - 6 in 1 (USA) (Unl).zip	RETROARCH	fceumm_libretro.so
PLAY	NES FAMICOM	CAPCOM'S GOLD MEDAL CHALLENGE '92 (USA)	ROMS/FC/Capcom's Gold Medal Challenge '92 (USA).zip	RETROARCH	fceumm_libretro.so
PLAY	NES FAMICOM	CAPTAIN AMERICA AND THE AVENGERS (USA)	ROMS/FC/Captain America and the Avengers (USA).zip	RETROARCH	fceumm_libretro.so
PLAY	NES FAMICOM	CAPTAIN COMIC - THE ADVENTURE (USA) (UNL)	ROMS/FC/Captain Comic - The Adventure (USA) (Unl).zip	RETROARCH	fceumm_libretro.so
PLAY	NES FAMICOM	CAPTAIN PLANET AND THE PLANETEERS (USA)	ROMS/FC/Captain Planet and the Planeteers (USA).zip	RETROARCH	fceumm_libretro.so
PLAY	NES FAMICOM	CAPTAIN SKYHAWK (USA)	ROMS/FC/Captain Skyhawk (USA).zip	RETROARCH	fceumm_libretro.so
PLAY	NES FAMICOM	CASINO KID (USA)	ROMS/FC/Casino Kid (USA).zip	RETROARCH	fceumm_libretro.so
PLAY	NES FAMICOM	CASINO KID II (USA)	ROMS/FC/Casino Kid II (USA).zip	RETROARCH	fceumm_libretro.so
PLAY	NES FAMICOM	CASTELIAN (USA)	ROMS/FC/Castelian (USA).zip	RETROARCH	fceumm_libretro.so
PLAY	NES FAMICOM	CASTLE OF DECEIT (USA) (UNL)	ROMS/FC/Castle of Deceit (USA) (Unl).zip	RETROARCH	fceumm_libretro.so
PLAY	NES FAMICOM	CASTLE OF DRAGON (USA)	ROMS/FC/Castle of Dragon (USA).zip	RETROARCH	fceumm_libretro.so
PLAY	NES FAMICOM	CASTLEQUEST (USA)	ROMS/FC/Castlequest (USA).zip	RETROARCH	fceumm_libretro.so
PLAY	NES FAMICOM	CASTLEVANIA (USA)	ROMS/FC/Castlevania (USA).zip	RETROARCH	fceumm_libretro.so
PLAY	NES FAMICOM	CASTLEVANIA II - SIMON'S QUEST (USA)	ROMS/FC/Castlevania II - Simon's Quest (USA).zip	RETROARCH	fceumm_libretro.so
PLAY	NES FAMICOM	CASTLEVANIA III - DRACULA'S CURSE (USA)	ROMS/FC/Castlevania III - Dracula's Curse (USA).zip	RETROARCH	fceumm_libretro.so
PLAY	NES FAMICOM	CAVEMAN GAMES (USA)	ROMS/FC/Caveman Games (USA).zip	RETROARCH	fceumm_libretro.so
PLAY	NES FAMICOM	CHALLENGE OF THE DRAGON (USA) (UNL)	ROMS/FC/Challenge of the Dragon (USA) (Unl).zip	RETROARCH	fceumm_libretro.so
PLAY	NES FAMICOM	CHUBBY CHERUB (USA)	ROMS/FC/Chubby Cherub (USA).zip	RETROARCH	fceumm_libretro.so
PLAY	NES FAMICOM	CHUCK YEAGER'S FIGHTER COMBAT (USA) (PROTO)	ROMS/FC/Chuck Yeager's Fighter Combat (USA) (Proto).zip	RETROARCH	fceumm_libretro.so
PLAY	NES FAMICOM	CIRCUS CAPER (USA)	ROMS/FC/Circus Caper (USA).zip	RETROARCH	fceumm_libretro.so
PLAY	NES FAMICOM	CLASH AT DEMONHEAD (USA)	ROMS/FC/Clash at Demonhead (USA).zip	RETROARCH	fceumm_libretro.so
PLAY	NES FAMICOM	CLASSIC CONCENTRATION (USA)	ROMS/FC/Classic Concentration (USA).zip	RETROARCH	fceumm_libretro.so
PLAY	NES FAMICOM	CLIFFHANGER (USA)	ROMS/FC/Cliffhanger (USA).zip	RETROARCH	fceumm_libretro.so
PLAY	NES FAMICOM	COBRA COMMAND (USA)	ROMS/FC/Cobra Command (USA).zip	RETROARCH	fceumm_libretro.so
PLAY	NES FAMICOM	COBRA TRIANGLE (USA)	ROMS/FC/Cobra Triangle (USA).zip	RETROARCH	fceumm_libretro.so
PLAY	NES FAMICOM	CODE NAME - VIPER (USA)	ROMS/FC/Code Name - Viper (USA).zip	RETROARCH	fceumm_libretro.so
PLAY	NES FAMICOM	COLOR A DINOSAUR (USA)	ROMS/FC/Color a Dinosaur (USA).zip	RETROARCH	fceumm_libretro.so
PLAY	NES FAMICOM	COMMANDO (USA)	ROMS/FC/Commando (USA).zip	RETROARCH	fceumm_libretro.so
PLAY	NES FAMICOM	CONAN (USA)	ROMS/FC/Conan (USA).zip	RETROARCH	fceumm_libretro.so
PLAY	NES FAMICOM	CONFLICT (USA)	ROMS/FC/Conflict (USA).zip	RETROARCH	fceumm_libretro.so
PLAY	NES FAMICOM	CONQUEST OF THE CRYSTAL PALACE (USA)	ROMS/FC/Conquest of the Crystal Palace (USA).zip	RETROARCH	fceumm_libretro.so
PLAY	NES FAMICOM	CONTRA (USA)	ROMS/FC/Contra (USA).zip	RETROARCH	fceumm_libretro.so
PLAY	NES FAMICOM	CONTRA FORCE (USA)	ROMS/FC/Contra Force (USA).zip	RETROARCH	fceumm_libretro.so
PLAY	NES FAMICOM	COOL WORLD (USA)	ROMS/FC/Cool World (USA).zip	RETROARCH	fceumm_libretro.so
PLAY	NES FAMICOM	CYBER STADIUM SERIES - BASE WARS (USA)	ROMS/FC/Cyber Stadium Series - Base Wars (USA).zip	RETROARCH	fceumm_libretro.so
PLAY	NES FAMICOM	CYBERBALL (USA)	ROMS/FC/Cyberball (USA).zip	RETROARCH	fceumm_libretro.so
PLAY	NES FAMICOM	CYBERNOID - THE FIGHTING MACHINE (USA)	ROMS/FC/Cybernoid - The Fighting Machine (USA).zip	RETROARCH	fceumm_libretro.so
PLAY	NES FAMICOM	DANCE AEROBICS (USA)	ROMS/FC/Dance Aerobics (USA).zip	RETROARCH	fceumm_libretro.so
PLAY	NES FAMICOM	DANNY SULLIVAN'S INDY HEAT (USA)	ROMS/FC/Danny Sullivan's Indy Heat (USA).zip	RETROARCH	fceumm_libretro.so
PLAY	NES FAMICOM	DARKMAN (USA)	ROMS/FC/Darkman (USA).zip	RETROARCH	fceumm_libretro.so
PLAY	NES FAMICOM	DARKWING DUCK (USA)	ROMS/FC/Darkwing Duck (USA).zip	RETROARCH	fceumm_libretro.so
PLAY	NES FAMICOM	DASH GALAXY IN THE ALIEN ASYLUM (USA)	ROMS/FC/Dash Galaxy in the Alien Asylum (USA).zip	RETROARCH	fceumm_libretro.so
PLAY	NES FAMICOM	DAY DREAMIN' DAVEY (USA)	ROMS/FC/Day Dreamin' Davey (USA).zip	RETROARCH	fceumm_libretro.so
PLAY	NES FAMICOM	DAYS OF THUNDER (USA)	ROMS/FC/Days of Thunder (USA).zip	RETROARCH	fceumm_libretro.so
PLAY	NES FAMICOM	DEADLY TOWERS (USA)	ROMS/FC/Deadly Towers (USA).zip	RETROARCH	fceumm_libretro.so
PLAY	NES FAMICOM	DEATH RACE (USA) (UNL)	ROMS/FC/Death Race (USA) (Unl).zip	RETROARCH	fceumm_libretro.so
PLAY	NES FAMICOM	DEATHBOTS (USA) (UNL)	ROMS/FC/Deathbots (USA) (Unl).zip	RETROARCH	fceumm_libretro.so
PLAY	NES FAMICOM	DEFENDER II (USA)	ROMS/FC/Defender II (USA).zip	RETROARCH	fceumm_libretro.so
PLAY	NES FAMICOM	DEFENDER OF THE CROWN (USA)	ROMS/FC/Defender of the Crown (USA).zip	RETROARCH	fceumm_libretro.so
PLAY	NES FAMICOM	DEFENDERS OF DYNATRON CITY (USA)	ROMS/FC/Defenders of Dynatron City (USA).zip	RETROARCH	fceumm_libretro.so
PLAY	NES FAMICOM	DEJA VU (USA)	ROMS/FC/Deja Vu (USA).zip	RETROARCH	fceumm_libretro.so
PLAY	NES FAMICOM	DEMON SWORD - RELEASE THE POWER (USA)	ROMS/FC/Demon Sword - Release the Power (USA).zip	RETROARCH	fceumm_libretro.so
PLAY	NES FAMICOM	DESERT COMMANDER (USA)	ROMS/FC/Desert Commander (USA).zip	RETROARCH	fceumm_libretro.so
PLAY	NES FAMICOM	DESTINATION EARTHSTAR (USA)	ROMS/FC/Destination Earthstar (USA).zip	RETROARCH	fceumm_libretro.so
PLAY	NES FAMICOM	DESTINY OF AN EMPEROR (USA)	ROMS/FC/Destiny of an Emperor (USA).zip	RETROARCH	fceumm_libretro.so
PLAY	NES FAMICOM	DEVIL WORLD (EUROPE)	ROMS/FC/Devil World (Europe).zip	RETROARCH	fceumm_libretro.so
PLAY	NES FAMICOM	DICK TRACY (USA)	ROMS/FC/Dick Tracy (USA).zip	RETROARCH	fceumm_libretro.so
PLAY	NES FAMICOM	DIE HARD (USA)	ROMS/FC/Die Hard (USA).zip	RETROARCH	fceumm_libretro.so
PLAY	NES FAMICOM	DIG DUG II - TROUBLE IN PARADISE (USA)	ROMS/FC/Dig Dug II - Trouble in Paradise (USA).zip	RETROARCH	fceumm_libretro.so
PLAY	NES FAMICOM	DIGGER - THE LEGEND OF THE LOST CITY (USA)	ROMS/FC/Digger - The Legend of the Lost City (USA).zip	RETROARCH	fceumm_libretro.so
PLAY	NES FAMICOM	DIRTY HARRY (USA)	ROMS/FC/Dirty Harry (USA).zip	RETROARCH	fceumm_libretro.so
PLAY	NES FAMICOM	DIZZY THE ADVENTURER (USA) (UNL)	ROMS/FC/Dizzy the Adventurer (USA) (Unl).zip	RETROARCH	fceumm_libretro.so
PLAY	NES FAMICOM	DOUBLE DARE (USA)	ROMS/FC/Double Dare (USA).zip	RETROARCH	fceumm_libretro.so
PLAY	NES FAMICOM	DOUBLE DRIBBLE (USA)	ROMS/FC/Double Dribble (USA).zip	RETROARCH	fceumm_libretro.so
PLAY	NES FAMICOM	DOUBLE STRIKE - AERIAL ATTACK FORCE (USA) (UNL)	ROMS/FC/Double Strike - Aerial Attack Force (USA) (Unl).zip	RETROARCH	fceumm_libretro.so
PLAY	NES FAMICOM	DRAGON WARRIOR (USA)	ROMS/FC/Dragon Warrior (USA).zip	RETROARCH	fceumm_libretro.so
PLAY	NES FAMICOM	DRAGON WARRIOR II (USA)	ROMS/FC/Dragon Warrior II (USA).zip	RETROARCH	fceumm_libretro.so
PLAY	NES FAMICOM	DRAGON WARRIOR III (USA)	ROMS/FC/Dragon Warrior III (USA).zip	RETROARCH	fceumm_libretro.so
PLAY	NES FAMICOM	DRAGON WARRIOR IV (USA)	ROMS/FC/Dragon Warrior IV (USA).zip	RETROARCH	fceumm_libretro.so
PLAY	NES FAMICOM	DRAGON'S LAIR (USA)	ROMS/FC/Dragon's Lair (USA).zip	RETROARCH	fceumm_libretro.so
PLAY	NES FAMICOM	DROPZONE (EUROPE)	ROMS/FC/Dropzone (Europe).zip	RETROARCH	fceumm_libretro.so
PLAY	NES FAMICOM	DUCK HUNT (WORLD)	ROMS/FC/Duck Hunt (World).zip	RETROARCH	fceumm_libretro.so
PLAY	NES FAMICOM	DUCK MAZE (AUSTRALIA) (UNL)	ROMS/FC/Duck Maze (Australia) (Unl).zip	RETROARCH	fceumm_libretro.so
PLAY	NES FAMICOM	DUCKTALES (USA)	ROMS/FC/DuckTales (USA).zip	RETROARCH	fceumm_libretro.so
PLAY	NES FAMICOM	DUCKTALES 2 (USA)	ROMS/FC/DuckTales 2 (USA).zip	RETROARCH	fceumm_libretro.so
PLAY	NES FAMICOM	DUDES WITH ATTITUDE (USA) (UNL)	ROMS/FC/Dudes With Attitude (USA) (Unl).zip	RETROARCH	fceumm_libretro.so
PLAY	NES FAMICOM	DUNGEON MAGIC - SWORD OF THE ELEMENTS (USA)	ROMS/FC/Dungeon Magic - Sword of the Elements (USA).zip	RETROARCH	fceumm_libretro.so
PLAY	NES FAMICOM	DUSTY DIAMOND'S ALL-STAR SOFTBALL (USA)	ROMS/FC/Dusty Diamond's All-Star Softball (USA).zip	RETROARCH	fceumm_libretro.so
PLAY	NES FAMICOM	DYNABLASTER (EUROPE)	ROMS/FC/Dynablaster (Europe).zip	RETROARCH	fceumm_libretro.so
PLAY	NES FAMICOM	DYNOWARZ - DESTRUCTION OF SPONDYLUS (USA)	ROMS/FC/Dynowarz - Destruction of Spondylus (USA).zip	RETROARCH	fceumm_libretro.so
PLAY	NES FAMICOM	EARTH BOUND (USA) (PROTO)	ROMS/FC/Earth Bound (USA) (Proto).zip	RETROARCH	fceumm_libretro.so
PLAY	NES FAMICOM	FINAL FANTASY (USA)	ROMS/FC/Final Fantasy (USA).zip	RETROARCH	fceumm_libretro.so
PLAY	NES FAMICOM	FIRE 'N ICE (USA)	ROMS/FC/Fire 'n Ice (USA).zip	RETROARCH	fceumm_libretro.so
PLAY	NES FAMICOM	FIREHAWK (USA) (UNL)	ROMS/FC/Firehawk (USA) (Unl).zip	RETROARCH	fceumm_libretro.so
PLAY	NES FAMICOM	FISHER-PRICE - FIREHOUSE RESCUE (USA)	ROMS/FC/Fisher-Price - Firehouse Rescue (USA).zip	RETROARCH	fceumm_libretro.so
PLAY	NES FAMICOM	FISHER-PRICE - I CAN REMEMBER (USA)	ROMS/FC/Fisher-Price - I Can Remember (USA).zip	RETROARCH	fceumm_libretro.so
PLAY	NES FAMICOM	FISHER-PRICE - PERFECT FIT (USA)	ROMS/FC/Fisher-Price - Perfect Fit (USA).zip	RETROARCH	fceumm_libretro.so
PLAY	NES FAMICOM	FIST OF THE NORTH STAR (USA)	ROMS/FC/Fist of the North Star (USA).zip	RETROARCH	fceumm_libretro.so
PLAY	NES FAMICOM	FLIGHT OF THE INTRUDER (USA)	ROMS/FC/Flight of the Intruder (USA).zip	RETROARCH	fceumm_libretro.so
PLAY	NES FAMICOM	GHOSTBUSTERS (USA)	ROMS/FC/Ghostbusters (USA).zip	RETROARCH	fceumm_libretro.so
PLAY	NES FAMICOM	GHOSTBUSTERS II (USA)	ROMS/FC/Ghostbusters II (USA).zip	RETROARCH	fceumm_libretro.so
PLAY	NES FAMICOM	GHOSTS'N GOBLINS (USA)	ROMS/FC/Ghosts'n Goblins (USA).zip	RETROARCH	fceumm_libretro.so
PLAY	NES FAMICOM	GHOUL SCHOOL (USA)	ROMS/FC/Ghoul School (USA).zip	RETROARCH	fceumm_libretro.so
PLAY	NES FAMICOM	GOAL! (USA)	ROMS/FC/Goal! (USA).zip	RETROARCH	fceumm_libretro.so
PLAY	NES FAMICOM	GOAL! TWO (USA)	ROMS/FC/Goal! Two (USA).zip	RETROARCH	fceumm_libretro.so
PLAY	NES FAMICOM	GODZILLA - MONSTER OF MONSTERS! (USA)	ROMS/FC/Godzilla - Monster of Monsters! (USA).zip	RETROARCH	fceumm_libretro.so
PLAY	NES FAMICOM	GODZILLA 2 - WAR OF THE MONSTERS (USA)	ROMS/FC/Godzilla 2 - War of the Monsters (USA).zip	RETROARCH	fceumm_libretro.so
PLAY	NES FAMICOM	GOLGO 13 - TOP SECRET EPISODE (USA)	ROMS/FC/Golgo 13 - Top Secret Episode (USA).zip	RETROARCH	fceumm_libretro.so
PLAY	NES FAMICOM	GOONIES II, THE (USA)	ROMS/FC/Goonies II, The (USA).zip	RETROARCH	fceumm_libretro.so
PLAY	NES FAMICOM	GOTCHA! - THE SPORT! (USA)	ROMS/FC/Gotcha! - The Sport! (USA).zip	RETROARCH	fceumm_libretro.so
PLAY	NES FAMICOM	GRADIUS (USA)	ROMS/FC/Gradius (USA).zip	RETROARCH	fceumm_libretro.so
PLAY	NES FAMICOM	GRADIUS II ARCADE	ROMS/FC/Gradius II Arcade.zip	RETROARCH	fceumm_libretro.so
PLAY	NES FAMICOM	GREAT WALDO SEARCH, THE (USA)	ROMS/FC/Great Waldo Search, The (USA).zip	RETROARCH	fceumm_libretro.so
PLAY	NES FAMICOM	GREMLINS 2 - THE NEW BATCH (USA)	ROMS/FC/Gremlins 2 - The New Batch (USA).zip	RETROARCH	fceumm_libretro.so
PLAY	NES FAMICOM	HOPPIN' MAD (USA) (PROTO)	ROMS/FC/Hoppin' Mad (USA) (Proto).zip	RETROARCH	fceumm_libretro.so
PLAY	NES FAMICOM	HOT SLOTS (USA) (UNL)	ROMS/FC/Hot Slots (USA) (Unl).zip	RETROARCH	fceumm_libretro.so
PLAY	NES FAMICOM	HUDSON HAWK (USA)	ROMS/FC/Hudson Hawk (USA).zip	RETROARCH	fceumm_libretro.so
PLAY	NES FAMICOM	HUNT FOR RED OCTOBER, THE (USA)	ROMS/FC/Hunt for Red October, The (USA).zip	RETROARCH	fceumm_libretro.so
PLAY	NES FAMICOM	HYDLIDE (USA)	ROMS/FC/Hydlide (USA).zip	RETROARCH	fceumm_libretro.so
PLAY	NES FAMICOM	ICE HOCKEY (USA)	ROMS/FC/Ice Hockey (USA).zip	RETROARCH	fceumm_libretro.so
PLAY	NES FAMICOM	IKARI III - THE RESCUE (USA)	ROMS/FC/Ikari III - The Rescue (USA).zip	RETROARCH	fceumm_libretro.so
PLAY	NES FAMICOM	IMAGE FIGHT (USA)	ROMS/FC/Image Fight (USA).zip	RETROARCH	fceumm_libretro.so
PLAY	NES FAMICOM	IMMORTAL, THE (USA)	ROMS/FC/Immortal, The (USA).zip	RETROARCH	fceumm_libretro.so
PLAY	NES FAMICOM	IMPOSSIBLE MISSION II (USA) (UNL)	ROMS/FC/Impossible Mission II (USA) (Unl).zip	RETROARCH	fceumm_libretro.so
PLAY	NES FAMICOM	INCREDIBLE CRASH DUMMIES, THE (USA)	ROMS/FC/Incredible Crash Dummies, The (USA).zip	RETROARCH	fceumm_libretro.so
PLAY	NES FAMICOM	INDIANA JONES AND THE LAST CRUSADE (TAITO) (USA)	ROMS/FC/Indiana Jones and the Last Crusade (Taito) (USA).zip	RETROARCH	fceumm_libretro.so
PLAY	NES FAMICOM	INDIANA JONES AND THE LAST CRUSADE (UBI SOFT) (USA)	ROMS/FC/Indiana Jones and the Last Crusade (UBI Soft) (USA).zip	RETROARCH	fceumm_libretro.so
PLAY	NES FAMICOM	INDIANA JONES AND THE TEMPLE OF DOOM (USA)	ROMS/FC/Indiana Jones and the Temple of Doom (USA).zip	RETROARCH	fceumm_libretro.so
PLAY	NES FAMICOM	INFILTRATOR (USA)	ROMS/FC/Infiltrator (USA).zip	RETROARCH	fceumm_libretro.so
PLAY	NES FAMICOM	INTERNATIONAL CRICKET (AUSTRALIA)	ROMS/FC/International Cricket (Australia).zip	RETROARCH	fceumm_libretro.so
PLAY	NES FAMICOM	IRON TANK - THE INVASION OF NORMANDY (USA)	ROMS/FC/Iron Tank - The Invasion of Normandy (USA).zip	RETROARCH	fceumm_libretro.so
PLAY	NES FAMICOM	IRONSWORD - WIZARDS & WARRIORS II (USA)	ROMS/FC/IronSword - Wizards & Warriors II (USA).zip	RETROARCH	fceumm_libretro.so
PLAY	NES FAMICOM	ISOLATED WARRIOR (USA)	ROMS/FC/Isolated Warrior (USA).zip	RETROARCH	fceumm_libretro.so
PLAY	NES FAMICOM	IVAN 'IRONMAN' STEWART'S SUPER OFF ROAD (USA)	ROMS/FC/Ivan 'Ironman' Stewart's Super Off Road (USA).zip	RETROARCH	fceumm_libretro.so
PLAY	NES FAMICOM	JOURNEY TO SILIUS (USA)	ROMS/FC/Journey to Silius (USA).zip	RETROARCH	fceumm_libretro.so
PLAY	NES FAMICOM	JOUST (USA)	ROMS/FC/Joust (USA).zip	RETROARCH	fceumm_libretro.so
PLAY	NES FAMICOM	JUNGLE BOOK, THE (USA)	ROMS/FC/Jungle Book, The (USA).zip	RETROARCH	fceumm_libretro.so
PLAY	NES FAMICOM	JURASSIC PARK (USA)	ROMS/FC/Jurassic Park (USA).zip	RETROARCH	fceumm_libretro.so
PLAY	NES FAMICOM	KABUKI - QUANTUM FIGHTER (USA)	ROMS/FC/Kabuki - Quantum Fighter (USA).zip	RETROARCH	fceumm_libretro.so
PLAY	NES FAMICOM	KARATE CHAMP (USA)	ROMS/FC/Karate Champ (USA).zip	RETROARCH	fceumm_libretro.so
PLAY	NES FAMICOM	KARATE KID, THE (USA)	ROMS/FC/Karate Kid, The (USA).zip	RETROARCH	fceumm_libretro.so
PLAY	NES FAMICOM	KARNOV (USA)	ROMS/FC/Karnov (USA).zip	RETROARCH	fceumm_libretro.so
PLAY	NES FAMICOM	KICK MASTER (USA)	ROMS/FC/Kick Master (USA).zip	RETROARCH	fceumm_libretro.so
PLAY	NES FAMICOM	KICKLE CUBICLE (USA)	ROMS/FC/Kickle Cubicle (USA).zip	RETROARCH	fceumm_libretro.so
PLAY	NES FAMICOM	KID ICARUS (USA, EUROPE)	ROMS/FC/Kid Icarus (USA, Europe).zip	RETROARCH	fceumm_libretro.so
PLAY	NES FAMICOM	KID KLOWN IN NIGHT MAYOR WORLD (USA)	ROMS/FC/Kid Klown in Night Mayor World (USA).zip	RETROARCH	fceumm_libretro.so
PLAY	NES FAMICOM	KID KOOL AND THE QUEST FOR THE SEVEN WONDER HERBS (USA)	ROMS/FC/Kid Kool and the Quest for the Seven Wonder Herbs (USA).zip	RETROARCH	fceumm_libretro.so
PLAY	NES FAMICOM	KID NIKI - RADICAL NINJA (USA)	ROMS/FC/Kid Niki - Radical Ninja (USA).zip	RETROARCH	fceumm_libretro.so
PLAY	NES FAMICOM	KING NEPTUNE'S ADVENTURE (USA) (UNL)	ROMS/FC/King Neptune's Adventure (USA) (Unl).zip	RETROARCH	fceumm_libretro.so
PLAY	NES FAMICOM	KING OF KINGS, THE (USA) (UNL)	ROMS/FC/King of Kings, The (USA) (Unl).zip	RETROARCH	fceumm_libretro.so
PLAY	NES FAMICOM	KING'S KNIGHT (USA)	ROMS/FC/King's Knight (USA).zip	RETROARCH	fceumm_libretro.so
PLAY	NES FAMICOM	KING'S QUEST V (USA)	ROMS/FC/King's Quest V (USA).zip	RETROARCH	fceumm_libretro.so
PLAY	NES FAMICOM	KINGS OF THE BEACH - PROFESSIONAL BEACH VOLLEYBALL (USA)	ROMS/FC/Kings of the Beach - Professional Beach Volleyball (USA).zip	RETROARCH	fceumm_libretro.so
PLAY	NES FAMICOM	KIRBY'S ADVENTURE (USA)	ROMS/FC/Kirby's Adventure (USA).zip	RETROARCH	fceumm_libretro.so
PLAY	NES FAMICOM	KITTY'S CATCH (USA) (UNL) (PROTO)	ROMS/FC/Kitty's Catch (USA) (Unl) (Proto).zip	RETROARCH	fceumm_libretro.so
PLAY	NES FAMICOM	KIWI KRAZE - A BIRD-BRAINED ADVENTURE! (USA)	ROMS/FC/Kiwi Kraze - A Bird-Brained Adventure! (USA).zip	RETROARCH	fceumm_libretro.so
PLAY	NES FAMICOM	KLASH BALL (USA)	ROMS/FC/Klash Ball (USA).zip	RETROARCH	fceumm_libretro.so
PLAY	NES FAMICOM	KLAX (USA) (UNL)	ROMS/FC/Klax (USA) (Unl).zip	RETROARCH	fceumm_libretro.so
PLAY	NES FAMICOM	KNIGHT RIDER (USA)	ROMS/FC/Knight Rider (USA).zip	RETROARCH	fceumm_libretro.so
PLAY	NES FAMICOM	KONAMI HYPER SOCCER (EUROPE)	ROMS/FC/Konami Hyper Soccer (Europe).zip	RETROARCH	fceumm_libretro.so
PLAY	NES FAMICOM	KRAZY KREATURES (USA) (UNL)	ROMS/FC/Krazy Kreatures (USA) (Unl).zip	RETROARCH	fceumm_libretro.so
PLAY	NES FAMICOM	KRION CONQUEST, THE (USA)	ROMS/FC/Krion Conquest, The (USA).zip	RETROARCH	fceumm_libretro.so
PLAY	NES FAMICOM	KRUSTY'S FUN HOUSE (USA)	ROMS/FC/Krusty's Fun House (USA).zip	RETROARCH	fceumm_libretro.so
PLAY	NES FAMICOM	KUNG-FU HEROES (USA)	ROMS/FC/Kung-Fu Heroes (USA).zip	RETROARCH	fceumm_libretro.so
PLAY	NES FAMICOM	LAN MASTER (WORLD) (UNL)	ROMS/FC/Lan Master (World) (Unl).zip	RETROARCH	fceumm_libretro.so
PLAY	NES FAMICOM	LASER INVASION (USA)	ROMS/FC/Laser Invasion (USA).zip	RETROARCH	fceumm_libretro.so
PLAY	NES FAMICOM	LAST ACTION HERO (USA)	ROMS/FC/Last Action Hero (USA).zip	RETROARCH	fceumm_libretro.so
PLAY	NES FAMICOM	LAST NINJA, THE (USA)	ROMS/FC/Last Ninja, The (USA).zip	RETROARCH	fceumm_libretro.so
PLAY	NES FAMICOM	LAST STARFIGHTER, THE (USA)	ROMS/FC/Last Starfighter, The (USA).zip	RETROARCH	fceumm_libretro.so
PLAY	NES FAMICOM	LAWN MOWER (WORLD) (UNL)	ROMS/FC/Lawn Mower (World) (Unl).zip	RETROARCH	fceumm_libretro.so
PLAY	NES FAMICOM	LEGACY OF THE WIZARD (USA)	ROMS/FC/Legacy of the Wizard (USA).zip	RETROARCH	fceumm_libretro.so
PLAY	NES FAMICOM	LEGEND OF KAGE, THE (USA)	ROMS/FC/Legend of Kage, The (USA).zip	RETROARCH	fceumm_libretro.so
PLAY	NES FAMICOM	LEGEND OF PRINCE VALIANT, THE (EUROPE)	ROMS/FC/Legend of Prince Valiant, The (Europe).zip	RETROARCH	fceumm_libretro.so
PLAY	NES FAMICOM	LEGEND OF THE GHOST LION (USA)	ROMS/FC/Legend of the Ghost Lion (USA).zip	RETROARCH	fceumm_libretro.so
PLAY	NES FAMICOM	LEGEND OF ZELDA, THE (USA)	ROMS/FC/Legend of Zelda, The (USA).zip	RETROARCH	fceumm_libretro.so
PLAY	NES FAMICOM	LEGENDARY WINGS (USA)	ROMS/FC/Legendary Wings (USA).zip	RETROARCH	fceumm_libretro.so
PLAY	NES FAMICOM	LEMMINGS (USA)	ROMS/FC/Lemmings (USA).zip	RETROARCH	fceumm_libretro.so
PLAY	NES FAMICOM	LETHAL WEAPON (USA)	ROMS/FC/Lethal Weapon (USA).zip	RETROARCH	fceumm_libretro.so
PLAY	NES FAMICOM	LIFE FORCE (USA)	ROMS/FC/Life Force (USA).zip	RETROARCH	fceumm_libretro.so
PLAY	NES FAMICOM	LINUS SPACEHEAD'S COSMIC CRUSADE (USA) (UNL)	ROMS/FC/Linus Spacehead's Cosmic Crusade (USA) (Unl).zip	RETROARCH	fceumm_libretro.so
PLAY	NES FAMICOM	LION KING, THE (EUROPE)	ROMS/FC/Lion King, The (Europe).zip	RETROARCH	fceumm_libretro.so
PLAY	NES FAMICOM	LITTLE MERMAID, THE (USA)	ROMS/FC/Little Mermaid, The (USA).zip	RETROARCH	fceumm_libretro.so
PLAY	NES FAMICOM	LITTLE NEMO - THE DREAM MASTER (USA)	ROMS/FC/Little Nemo - The Dream Master (USA).zip	RETROARCH	fceumm_libretro.so
PLAY	NES FAMICOM	LITTLE NINJA BROTHERS (USA)	ROMS/FC/Little Ninja Brothers (USA).zip	RETROARCH	fceumm_libretro.so
PLAY	NES FAMICOM	LITTLE RED HOOD (AUSTRALIA) (UNL)	ROMS/FC/Little Red Hood (Australia) (Unl).zip	RETROARCH	fceumm_libretro.so
PLAY	NES FAMICOM	LITTLE SAMSON (USA)	ROMS/FC/Little Samson (USA).zip	RETROARCH	fceumm_libretro.so
PLAY	NES FAMICOM	LODE RUNNER (USA)	ROMS/FC/Lode Runner (USA).zip	RETROARCH	fceumm_libretro.so
PLAY	NES FAMICOM	LONE RANGER, THE (USA)	ROMS/FC/Lone Ranger, The (USA).zip	RETROARCH	fceumm_libretro.so
PLAY	NES FAMICOM	LOOPZ (USA)	ROMS/FC/Loopz (USA).zip	RETROARCH	fceumm_libretro.so
PLAY	NES FAMICOM	LOW G MAN - THE LOW GRAVITY MAN (USA)	ROMS/FC/Low G Man - The Low Gravity Man (USA).zip	RETROARCH	fceumm_libretro.so
PLAY	NES FAMICOM	LUNAR POOL (USA)	ROMS/FC/Lunar Pool (USA).zip	RETROARCH	fceumm_libretro.so
PLAY	NES FAMICOM	M.C. KIDS (USA)	ROMS/FC/M.C. Kids (USA).zip	RETROARCH	fceumm_libretro.so
PLAY	NES FAMICOM	M.U.L.E. (USA)	ROMS/FC/M.U.L.E. (USA).zip	RETROARCH	fceumm_libretro.so
PLAY	NES FAMICOM	M.U.S.C.L.E. - TAG TEAM MATCH (USA)	ROMS/FC/M.U.S.C.L.E. - Tag Team Match (USA).zip	RETROARCH	fceumm_libretro.so
PLAY	NES FAMICOM	MAD MAX (USA)	ROMS/FC/Mad Max (USA).zip	RETROARCH	fceumm_libretro.so
PLAY	NES FAMICOM	MAGMAX (USA)	ROMS/FC/Magmax (USA).zip	RETROARCH	fceumm_libretro.so
PLAY	NES FAMICOM	MEGA MAN (USA)	ROMS/FC/Mega Man (USA).zip	RETROARCH	fceumm_libretro.so
PLAY	NES FAMICOM	MEGA MAN 2 (USA)	ROMS/FC/Mega Man 2 (USA).zip	RETROARCH	fceumm_libretro.so
PLAY	NES FAMICOM	MEGA MAN 3 (USA)	ROMS/FC/Mega Man 3 (USA).zip	RETROARCH	fceumm_libretro.so
PLAY	NES FAMICOM	MEGA MAN 4 (USA)	ROMS/FC/Mega Man 4 (USA).zip	RETROARCH	fceumm_libretro.so
PLAY	NES FAMICOM	MEGA MAN 5 (USA)	ROMS/FC/Mega Man 5 (USA).zip	RETROARCH	fceumm_libretro.so
PLAY	NES FAMICOM	MEGA MAN 6 (USA)	ROMS/FC/Mega Man 6 (USA).zip	RETROARCH	fceumm_libretro.so
PLAY	NES FAMICOM	METAL FIGHTER (USA) (UNL)	ROMS/FC/Metal Fighter (USA) (Unl).zip	RETROARCH	fceumm_libretro.so
PLAY	NES FAMICOM	METAL GEAR (USA)	ROMS/FC/Metal Gear (USA).zip	RETROARCH	fceumm_libretro.so
PLAY	NES FAMICOM	METAL MECH - MAN & MACHINE (USA)	ROMS/FC/Metal Mech - Man & Machine (USA).zip	RETROARCH	fceumm_libretro.so
PLAY	NES FAMICOM	METAL STORM (USA)	ROMS/FC/Metal Storm (USA).zip	RETROARCH	fceumm_libretro.so
PLAY	NES FAMICOM	METROID (USA)	ROMS/FC/Metroid (USA).zip	RETROARCH	fceumm_libretro.so
PLAY	NES FAMICOM	MISSION COBRA (USA) (UNL)	ROMS/FC/Mission Cobra (USA) (Unl).zip	RETROARCH	fceumm_libretro.so
PLAY	NES FAMICOM	MISSION IMPOSSIBLE (USA)	ROMS/FC/Mission Impossible (USA).zip	RETROARCH	fceumm_libretro.so
PLAY	NES FAMICOM	MS. PAC-MAN (USA)	ROMS/FC/Ms. Pac-Man (USA).zip	RETROARCH	fceumm_libretro.so
PLAY	NES FAMICOM	MS. PAC-MAN (USA) (UNL)	ROMS/FC/Ms. Pac-Man (USA) (Unl).zip	RETROARCH	fceumm_libretro.so
PLAY	NES FAMICOM	MUPPET ADVENTURE - CHAOS AT THE CARNIVAL (USA)	ROMS/FC/Muppet Adventure - Chaos at the Carnival (USA).zip	RETROARCH	fceumm_libretro.so
PLAY	NES FAMICOM	MUTANT VIRUS, THE - CRISIS IN A COMPUTER WORLD (USA)	ROMS/FC/Mutant Virus, The - Crisis in a Computer World (USA).zip	RETROARCH	fceumm_libretro.so
PLAY	NES FAMICOM	MYSTERY QUEST (USA)	ROMS/FC/Mystery Quest (USA).zip	RETROARCH	fceumm_libretro.so
PLAY	NES FAMICOM	NARC (USA)	ROMS/FC/NARC (USA).zip	RETROARCH	fceumm_libretro.so
PLAY	NES FAMICOM	NES PLAY ACTION FOOTBALL (USA)	ROMS/FC/NES Play Action Football (USA).zip	RETROARCH	fceumm_libretro.so
PLAY	NES FAMICOM	NEW GHOSTBUSTERS II (EUROPE)	ROMS/FC/New Ghostbusters II (Europe).zip	RETROARCH	fceumm_libretro.so
PLAY	NES FAMICOM	NEW ZEALAND STORY, THE (EUROPE)	ROMS/FC/New Zealand Story, The (Europe).zip	RETROARCH	fceumm_libretro.so
PLAY	NES FAMICOM	NFL (USA)	ROMS/FC/NFL (USA).zip	RETROARCH	fceumm_libretro.so
PLAY	NES FAMICOM	NIGEL MANSELL'S WORLD CHAMPIONSHIP CHALLENGE (USA)	ROMS/FC/Nigel Mansell's World Championship Challenge (USA).zip	RETROARCH	fceumm_libretro.so
PLAY	NES FAMICOM	NIGHTMARE ON ELM STREET, A (USA)	ROMS/FC/Nightmare on Elm Street, A (USA).zip	RETROARCH	fceumm_libretro.so
PLAY	NES FAMICOM	NIGHTSHADE (USA)	ROMS/FC/Nightshade (USA).zip	RETROARCH	fceumm_libretro.so
PLAY	NES FAMICOM	NINJA CRUSADERS (USA)	ROMS/FC/Ninja Crusaders (USA).zip	RETROARCH	fceumm_libretro.so
PLAY	NES FAMICOM	NINJA GAIDEN (USA)	ROMS/FC/Ninja Gaiden (USA).zip	RETROARCH	fceumm_libretro.so
PLAY	NES FAMICOM	NINJA GAIDEN II - THE DARK SWORD OF CHAOS (USA)	ROMS/FC/Ninja Gaiden II - The Dark Sword of Chaos (USA).zip	RETROARCH	fceumm_libretro.so
PLAY	NES FAMICOM	NINJA GAIDEN III - THE ANCIENT SHIP OF DOOM (USA)	ROMS/FC/Ninja Gaiden III - The Ancient Ship of Doom (USA).zip	RETROARCH	fceumm_libretro.so
PLAY	NES FAMICOM	NINJA KID (USA)	ROMS/FC/Ninja Kid (USA).zip	RETROARCH	fceumm_libretro.so
PLAY	NES FAMICOM	OTHELLO (USA)	ROMS/FC/Othello (USA).zip	RETROARCH	fceumm_libretro.so
PLAY	NES FAMICOM	OVER HORIZON (EUROPE)	ROMS/FC/Over Horizon (Europe).zip	RETROARCH	fceumm_libretro.so
PLAY	NES FAMICOM	OVERLORD (USA)	ROMS/FC/Overlord (USA).zip	RETROARCH	fceumm_libretro.so
PLAY	NES FAMICOM	P'RADIKUS CONFLICT, THE (USA) (UNL)	ROMS/FC/P'radikus Conflict, The (USA) (Unl).zip	RETROARCH	fceumm_libretro.so
PLAY	NES FAMICOM	PAC-MAN (USA)	ROMS/FC/Pac-Man (USA).zip	RETROARCH	fceumm_libretro.so
PLAY	NES FAMICOM	PAC-MAN (USA) (TENGEN)	ROMS/FC/Pac-Man (USA) (Tengen).zip	RETROARCH	fceumm_libretro.so
PLAY	NES FAMICOM	PAC-MANIA (USA) (UNL)	ROMS/FC/Pac-Mania (USA) (Unl).zip	RETROARCH	fceumm_libretro.so
PLAY	NES FAMICOM	PALAMEDES (USA)	ROMS/FC/Palamedes (USA).zip	RETROARCH	fceumm_libretro.so
PLAY	NES FAMICOM	PANIC RESTAURANT (USA)	ROMS/FC/Panic Restaurant (USA).zip	RETROARCH	fceumm_libretro.so
PLAY	NES FAMICOM	PAPERBOY (USA)	ROMS/FC/Paperboy (USA).zip	RETROARCH	fceumm_libretro.so
PLAY	NES FAMICOM	PAPERBOY 2 (USA)	ROMS/FC/Paperboy 2 (USA).zip	RETROARCH	fceumm_libretro.so
PLAY	NES FAMICOM	PARASOL STARS - RAINBOW ISLANDS II (EUROPE)	ROMS/FC/Parasol Stars - Rainbow Islands II (Europe).zip	RETROARCH	fceumm_libretro.so
PLAY	NES FAMICOM	PLATOON (USA)	ROMS/FC/Platoon (USA).zip	RETROARCH	fceumm_libretro.so
PLAY	NES FAMICOM	PONG & HEAD BOUNCE (WORLD) (UNL)	ROMS/FC/Pong & Head Bounce (World) (Unl).zip	RETROARCH	fceumm_libretro.so
PLAY	NES FAMICOM	POPEYE (WORLD)	ROMS/FC/Popeye (World).zip	RETROARCH	fceumm_libretro.so
PLAY	NES FAMICOM	POWER BLADE (USA)	ROMS/FC/Power Blade (USA).zip	RETROARCH	fceumm_libretro.so
PLAY	NES FAMICOM	POWER BLADE 2 (USA)	ROMS/FC/Power Blade 2 (USA).zip	RETROARCH	fceumm_libretro.so
PLAY	NES FAMICOM	POWER PUNCH II (USA)	ROMS/FC/Power Punch II (USA).zip	RETROARCH	fceumm_libretro.so
PLAY	NES FAMICOM	PREDATOR (USA)	ROMS/FC/Predator (USA).zip	RETROARCH	fceumm_libretro.so
PLAY	NES FAMICOM	PRINCE OF PERSIA (USA)	ROMS/FC/Prince of Persia (USA).zip	RETROARCH	fceumm_libretro.so
PLAY	NES FAMICOM	PRINCESS TOMATO IN SALAD KINGDOM (USA)	ROMS/FC/Princess Tomato in Salad Kingdom (USA).zip	RETROARCH	fceumm_libretro.so
PLAY	NES FAMICOM	PRO SPORT HOCKEY (USA)	ROMS/FC/Pro Sport Hockey (USA).zip	RETROARCH	fceumm_libretro.so
PLAY	NES FAMICOM	PRO WRESTLING (USA)	ROMS/FC/Pro Wrestling (USA).zip	RETROARCH	fceumm_libretro.so
PLAY	NES FAMICOM	PROBOTECTOR (EUROPE)	ROMS/FC/Probotector (Europe).zip	RETROARCH	fceumm_libretro.so
PLAY	NES FAMICOM	PROBOTECTOR II - RETURN OF THE EVIL FORCES (EUROPE)	ROMS/FC/Probotector II - Return of the Evil Forces (Europe).zip	RETROARCH	fceumm_libretro.so
PLAY	NES FAMICOM	PUNCH-OUT!! (USA)	ROMS/FC/Punch-Out!! (USA).zip	RETROARCH	fceumm_libretro.so
PLAY	NES FAMICOM	PUNISHER, THE (USA)	ROMS/FC/Punisher, The (USA).zip	RETROARCH	fceumm_libretro.so
PLAY	NES FAMICOM	PUSS N BOOTS - PERO'S GREAT ADVENTURE (USA)	ROMS/FC/Puss n Boots - Pero's Great Adventure (USA).zip	RETROARCH	fceumm_libretro.so
PLAY	NES FAMICOM	PUZZLE (USA) (UNL)	ROMS/FC/Puzzle (USA) (Unl).zip	RETROARCH	fceumm_libretro.so
PLAY	NES FAMICOM	PUZZNIC (USA)	ROMS/FC/Puzznic (USA).zip	RETROARCH	fceumm_libretro.so
PLAY	NES FAMICOM	PYRAMID (USA) (UNL)	ROMS/FC/Pyramid (USA) (Unl).zip	RETROARCH	fceumm_libretro.so
PLAY	NES FAMICOM	Q-BERT (USA)	ROMS/FC/Q-bert (USA).zip	RETROARCH	fceumm_libretro.so
PLAY	NES FAMICOM	QIX (USA)	ROMS/FC/Qix (USA).zip	RETROARCH	fceumm_libretro.so
PLAY	NES FAMICOM	QUADZ (WORLD) (UNL)	ROMS/FC/Quadz (World) (Unl).zip	RETROARCH	fceumm_libretro.so
PLAY	NES FAMICOM	QUATTRO ADVENTURE (USA) (UNL)	ROMS/FC/Quattro Adventure (USA) (Unl).zip	RETROARCH	fceumm_libretro.so
PLAY	NES FAMICOM	QUATTRO ARCADE (USA) (UNL)	ROMS/FC/Quattro Arcade (USA) (Unl).zip	RETROARCH	fceumm_libretro.so
PLAY	NES FAMICOM	QUATTRO SPORTS (USA) (UNL)	ROMS/FC/Quattro Sports (USA) (Unl).zip	RETROARCH	fceumm_libretro.so
PLAY	NES FAMICOM	R.C. PRO-AM (USA)	ROMS/FC/R.C. Pro-Am (USA).zip	RETROARCH	fceumm_libretro.so
PLAY	NES FAMICOM	R.C. PRO-AM II (USA)	ROMS/FC/R.C. Pro-Am II (USA).zip	RETROARCH	fceumm_libretro.so
PLAY	NES FAMICOM	RACE AMERICA (USA)	ROMS/FC/Race America (USA).zip	RETROARCH	fceumm_libretro.so
PLAY	NES FAMICOM	RACKET ATTACK (USA)	ROMS/FC/Racket Attack (USA).zip	RETROARCH	fceumm_libretro.so
PLAY	NES FAMICOM	RACKETS & RIVALS (EUROPE)	ROMS/FC/Rackets & Rivals (Europe).zip	RETROARCH	fceumm_libretro.so
PLAY	NES FAMICOM	RAD RACER (USA)	ROMS/FC/Rad Racer (USA).zip	RETROARCH	fceumm_libretro.so
PLAY	NES FAMICOM	RAD RACER II (USA)	ROMS/FC/Rad Racer II (USA).zip	RETROARCH	fceumm_libretro.so
PLAY	NES FAMICOM	ROBOCOP (USA)	ROMS/FC/RoboCop (USA).zip	RETROARCH	fceumm_libretro.so
PLAY	NES FAMICOM	ROBOCOP 2 (USA)	ROMS/FC/RoboCop 2 (USA).zip	RETROARCH	fceumm_libretro.so
PLAY	NES FAMICOM	ROBOCOP 3 (USA)	ROMS/FC/RoboCop 3 (USA).zip	RETROARCH	fceumm_libretro.so
PLAY	NES FAMICOM	ROBOCOP VERSUS THE TERMINATOR (USA) (PROTO)	ROMS/FC/RoboCop versus The Terminator (USA) (Proto).zip	RETROARCH	fceumm_libretro.so
PLAY	NES FAMICOM	ROCK 'N' BALL (USA)	ROMS/FC/Rock 'n' Ball (USA).zip	RETROARCH	fceumm_libretro.so
PLAY	NES FAMICOM	ROCKET RANGER (USA)	ROMS/FC/Rocket Ranger (USA).zip	RETROARCH	fceumm_libretro.so
PLAY	NES FAMICOM	ROCKETEER, THE (USA)	ROMS/FC/Rocketeer, The (USA).zip	RETROARCH	fceumm_libretro.so
PLAY	NES FAMICOM	ROCKIN' KATS (USA)	ROMS/FC/Rockin' Kats (USA).zip	RETROARCH	fceumm_libretro.so
PLAY	NES FAMICOM	ROD LAND (EUROPE)	ROMS/FC/Rod Land (Europe).zip	RETROARCH	fceumm_libretro.so
PLAY	NES FAMICOM	ROLLERBALL (USA)	ROMS/FC/Rollerball (USA).zip	RETROARCH	fceumm_libretro.so
PLAY	NES FAMICOM	ROLLERBLADE RACER (USA)	ROMS/FC/Rollerblade Racer (USA).zip	RETROARCH	fceumm_libretro.so
PLAY	NES FAMICOM	ROLLERGAMES (USA)	ROMS/FC/Rollergames (USA).zip	RETROARCH	fceumm_libretro.so
PLAY	NES FAMICOM	ROLLING THUNDER (USA) (UNL)	ROMS/FC/Rolling Thunder (USA) (Unl).zip	RETROARCH	fceumm_libretro.so
PLAY	NES FAMICOM	SKATE OR DIE (USA)	ROMS/FC/Skate or Die (USA).zip	RETROARCH	fceumm_libretro.so
PLAY	NES FAMICOM	SKATE OR DIE 2 - THE SEARCH FOR DOUBLE TROUBLE (USA)	ROMS/FC/Skate or Die 2 - The Search for Double Trouble (USA).zip	RETROARCH	fceumm_libretro.so
PLAY	NES FAMICOM	SKI OR DIE (USA)	ROMS/FC/Ski or Die (USA).zip	RETROARCH	fceumm_libretro.so
PLAY	NES FAMICOM	SKULL & CROSSBONES (USA) (UNL)	ROMS/FC/Skull & Crossbones (USA) (Unl).zip	RETROARCH	fceumm_libretro.so
PLAY	NES FAMICOM	SKY KID (USA)	ROMS/FC/Sky Kid (USA).zip	RETROARCH	fceumm_libretro.so
PLAY	NES FAMICOM	SKY SHARK (USA)	ROMS/FC/Sky Shark (USA).zip	RETROARCH	fceumm_libretro.so
PLAY	NES FAMICOM	SLALOM (USA)	ROMS/FC/Slalom (USA).zip	RETROARCH	fceumm_libretro.so
PLAY	NES FAMICOM	SMASH T.V. (USA)	ROMS/FC/Smash T.V. (USA).zip	RETROARCH	fceumm_libretro.so
PLAY	NES FAMICOM	SMURFS, THE (EUROPE)	ROMS/FC/Smurfs, The (Europe).zip	RETROARCH	fceumm_libretro.so
PLAY	NES FAMICOM	SNAKE RATTLE N ROLL (USA)	ROMS/FC/Snake Rattle n Roll (USA).zip	RETROARCH	fceumm_libretro.so
PLAY	NES FAMICOM	SNAKE'S REVENGE (USA)	ROMS/FC/Snake's Revenge (USA).zip	RETROARCH	fceumm_libretro.so
PLAY	NES FAMICOM	SNOOPY'S SILLY SPORTS SPECTACULAR! (USA)	ROMS/FC/Snoopy's Silly Sports Spectacular! (USA).zip	RETROARCH	fceumm_libretro.so
PLAY	NES FAMICOM	SOCCER (WORLD)	ROMS/FC/Soccer (World).zip	RETROARCH	fceumm_libretro.so
PLAY	NES FAMICOM	SOLAR JETMAN - HUNT FOR THE GOLDEN WARPSHIP (USA)	ROMS/FC/Solar Jetman - Hunt for the Golden Warpship (USA).zip	RETROARCH	fceumm_libretro.so
PLAY	NES FAMICOM	SOLAR WARS (WORLD) (UNL)	ROMS/FC/Solar Wars (World) (Unl).zip	RETROARCH	fceumm_libretro.so
PLAY	NES FAMICOM	SOLITAIRE (USA) (UNL)	ROMS/FC/Solitaire (USA) (Unl).zip	RETROARCH	fceumm_libretro.so
PLAY	NES FAMICOM	SOLOMON'S KEY (USA)	ROMS/FC/Solomon's Key (USA).zip	RETROARCH	fceumm_libretro.so
PLAY	NES FAMICOM	SOLOMON'S KEY 2 (EUROPE)	ROMS/FC/Solomon's Key 2 (Europe).zip	RETROARCH	fceumm_libretro.so
PLAY	NES FAMICOM	SOLSTICE - THE QUEST FOR THE STAFF OF DEMNOS (USA)	ROMS/FC/Solstice - The Quest for the Staff of Demnos (USA).zip	RETROARCH	fceumm_libretro.so
PLAY	NES FAMICOM	SPACE SHUTTLE PROJECT (USA)	ROMS/FC/Space Shuttle Project (USA).zip	RETROARCH	fceumm_libretro.so
PLAY	NES FAMICOM	SPELUNKER (USA)	ROMS/FC/Spelunker (USA).zip	RETROARCH	fceumm_libretro.so
PLAY	NES FAMICOM	SPIDER-MAN - RETURN OF THE SINISTER SIX (USA)	ROMS/FC/Spider-Man - Return of the Sinister Six (USA).zip	RETROARCH	fceumm_libretro.so
PLAY	NES FAMICOM	SPIRITUAL WARFARE (USA) (UNL)	ROMS/FC/Spiritual Warfare (USA) (Unl).zip	RETROARCH	fceumm_libretro.so
PLAY	NES FAMICOM	SPOT - THE VIDEO GAME (USA)	ROMS/FC/Spot - The Video Game (USA).zip	RETROARCH	fceumm_libretro.so
PLAY	NES FAMICOM	SPY HUNTER (USA)	ROMS/FC/Spy Hunter (USA).zip	RETROARCH	fceumm_libretro.so
PLAY	NES FAMICOM	SPY VS SPY (USA)	ROMS/FC/Spy vs Spy (USA).zip	RETROARCH	fceumm_libretro.so
PLAY	NES FAMICOM	SQOON (USA)	ROMS/FC/Sqoon (USA).zip	RETROARCH	fceumm_libretro.so
PLAY	NES FAMICOM	SQUASHED (USA) (PROTO)	ROMS/FC/Squashed (USA) (Proto).zip	RETROARCH	fceumm_libretro.so
PLAY	NES FAMICOM	STACK-UP (WORLD)	ROMS/FC/Stack-Up (World).zip	RETROARCH	fceumm_libretro.so
PLAY	NES FAMICOM	STADIUM EVENTS (USA)	ROMS/FC/Stadium Events (USA).zip	RETROARCH	fceumm_libretro.so
PLAY	NES FAMICOM	STANLEY - THE SEARCH FOR DR. LIVINGSTON (USA)	ROMS/FC/Stanley - The Search for Dr. Livingston (USA).zip	RETROARCH	fceumm_libretro.so
PLAY	NES FAMICOM	STAR FORCE (USA)	ROMS/FC/Star Force (USA).zip	RETROARCH	fceumm_libretro.so
PLAY	NES FAMICOM	STAR SOLDIER (USA)	ROMS/FC/Star Soldier (USA).zip	RETROARCH	fceumm_libretro.so
PLAY	NES FAMICOM	STAR WARS (USA)	ROMS/FC/Star Wars (USA).zip	RETROARCH	fceumm_libretro.so
PLAY	NES FAMICOM	STAR WARS - THE EMPIRE STRIKES BACK (USA)	ROMS/FC/Star Wars - The Empire Strikes Back (USA).zip	RETROARCH	fceumm_libretro.so
PLAY	NES FAMICOM	STARSHIP HECTOR (USA)	ROMS/FC/Starship Hector (USA).zip	RETROARCH	fceumm_libretro.so
PLAY	NES FAMICOM	STREET FIGHTER 2010 - THE FINAL FIGHT (USA)	ROMS/FC/Street Fighter 2010 - The Final Fight (USA).zip	RETROARCH	fceumm_libretro.so
PLAY	NES FAMICOM	STRIDER (USA)	ROMS/FC/Strider (USA).zip	RETROARCH	fceumm_libretro.so
PLAY	NES FAMICOM	STUNT KIDS (USA) (UNL)	ROMS/FC/Stunt Kids (USA) (Unl).zip	RETROARCH	fceumm_libretro.so
PLAY	NES FAMICOM	TEENAGE MUTANT NINJA TURTLES (USA)	ROMS/FC/Teenage Mutant Ninja Turtles (USA).zip	RETROARCH	fceumm_libretro.so
PLAY	NES FAMICOM	TEENAGE MUTANT NINJA TURTLES - TOURNAMENT FIGHTERS (USA)	ROMS/FC/Teenage Mutant Ninja Turtles - Tournament Fighters (USA).zip	RETROARCH	fceumm_libretro.so
PLAY	NES FAMICOM	TEENAGE MUTANT NINJA TURTLES II - THE ARCADE GAME (USA)	ROMS/FC/Teenage Mutant Ninja Turtles II - The Arcade Game (USA).zip	RETROARCH	fceumm_libretro.so
PLAY	NES FAMICOM	TEENAGE MUTANT NINJA TURTLES III - THE MANHATTAN PROJECT (USA)	ROMS/FC/Teenage Mutant Ninja Turtles III - The Manhattan Project (USA).zip	RETROARCH	fceumm_libretro.so
PLAY	NES FAMICOM	TERMINATOR 2 - JUDGMENT DAY (USA)	ROMS/FC/Terminator 2 - Judgment Day (USA).zip	RETROARCH	fceumm_libretro.so
PLAY	NES FAMICOM	TIME LORD (USA)	ROMS/FC/Time Lord (USA).zip	RETROARCH	fceumm_libretro.so
PLAY	NES FAMICOM	TIMES OF LORE (USA)	ROMS/FC/Times of Lore (USA).zip	RETROARCH	fceumm_libretro.so
PLAY	NES FAMICOM	TINY TOON ADVENTURES (USA)	ROMS/FC/Tiny Toon Adventures (USA).zip	RETROARCH	fceumm_libretro.so
PLAY	NES FAMICOM	TINY TOON ADVENTURES 2 - TROUBLE IN WACKYLAND (USA)	ROMS/FC/Tiny Toon Adventures 2 - Trouble in Wackyland (USA).zip	RETROARCH	fceumm_libretro.so
PLAY	NES FAMICOM	TINY TOON ADVENTURES CARTOON WORKSHOP (USA)	ROMS/FC/Tiny Toon Adventures Cartoon Workshop (USA).zip	RETROARCH	fceumm_libretro.so
PLAY	NES FAMICOM	TITAN WARRIORS (USA) (PROTO)	ROMS/FC/Titan Warriors (USA) (Proto).zip	RETROARCH	fceumm_libretro.so
PLAY	NES FAMICOM	TROLLS ON TREASURE ISLAND (USA) (UNL)	ROMS/FC/Trolls on Treasure Island (USA) (Unl).zip	RETROARCH	fceumm_libretro.so
PLAY	NES FAMICOM	TWIN COBRA (USA)	ROMS/FC/Twin Cobra (USA).zip	RETROARCH	fceumm_libretro.so
PLAY	NES FAMICOM	TWIN EAGLE (USA)	ROMS/FC/Twin Eagle (USA).zip	RETROARCH	fceumm_libretro.so
PLAY	NES FAMICOM	U-FORCE POWER GAMES (USA) (PROTO)	ROMS/FC/U-Force Power Games (USA) (Proto).zip	RETROARCH	fceumm_libretro.so
PLAY	NES FAMICOM	UFOURIA - THE SAGA (EUROPE)	ROMS/FC/Ufouria - The Saga (Europe).zip	RETROARCH	fceumm_libretro.so
PLAY	NES FAMICOM	VOLLEYBALL (USA, EUROPE)	ROMS/FC/Volleyball (USA, Europe).zip	RETROARCH	fceumm_libretro.so
PLAY	NES FAMICOM	ZELDA II - THE ADVENTURE OF LINK (USA)	ROMS/FC/Zelda II - The Adventure of Link (USA).zip	RETROARCH	fceumm_libretro.so
PLAY	NES FAMICOM	ZEN - INTERGALACTIC NINJA (USA)	ROMS/FC/Zen - Intergalactic Ninja (USA).zip	RETROARCH	fceumm_libretro.so
PLAY	NES FAMICOM	ZODA'S REVENGE - STARTROPICS II (USA)	ROMS/FC/Zoda's Revenge - StarTropics II (USA).zip	RETROARCH	fceumm_libretro.so
PLAY	NES FAMICOM	ZOMBIE NATION (USA)	ROMS/FC/Zombie Nation (USA).zip	RETROARCH	fceumm_libretro.so
PLAY	NES FAMICOM	ZOOMING SECRETARY (WORLD) (UNL)	ROMS/FC/Zooming Secretary (World) (Unl).zip	RETROARCH	fceumm_libretro.so
PLAY	GAME BOY	A-FORCE (ASIA) (UNL)	ROMS/GB/A-Force (Asia) (Unl).zip	RETROARCH	gambatte_libretro.so
PLAY	GAME BOY	A-MAZING TATER (USA)	ROMS/GB/A-mazing Tater (USA).zip	RETROARCH	gambatte_libretro.so
PLAY	GAME BOY	ADVENTURE ISLAND (USA, EUROPE)	ROMS/GB/Adventure Island (USA, Europe).zip	RETROARCH	gambatte_libretro.so
PLAY	GAME BOY	ADVENTURE ISLAND II - ALIENS IN PARADISE (USA, EUROPE)	ROMS/GB/Adventure Island II - Aliens in Paradise (USA, Europe).zip	RETROARCH	gambatte_libretro.so
PLAY	GAME BOY	ADVENTURES OF LOLO (EUROPE)	ROMS/GB/Adventures of Lolo (Europe).zip	RETROARCH	gambatte_libretro.so
PLAY	GAME BOY	ADVENTURES OF ROCKY AND BULLWINKLE AND FRIENDS, THE (USA)	ROMS/GB/Adventures of Rocky and Bullwinkle and Friends, The (USA).zip	RETROARCH	gambatte_libretro.so
PLAY	GAME BOY	ADVENTURES OF STAR SAVER, THE (USA, EUROPE)	ROMS/GB/Adventures of Star Saver, The (USA, Europe).zip	RETROARCH	gambatte_libretro.so
PLAY	GAME BOY	AEROSTAR (USA, EUROPE)	ROMS/GB/Aerostar (USA, Europe).zip	RETROARCH	gambatte_libretro.so
PLAY	GAME BOY	AFTER BURST (JAPAN)	ROMS/GB/After Burst (Japan).zip	RETROARCH	gambatte_libretro.so
PLAY	GAME BOY	AGRO SOAR (AUSTRALIA)	ROMS/GB/Agro Soar (Australia).zip	RETROARCH	gambatte_libretro.so
PLAY	GAME BOY	ALADDIN (USA)	ROMS/GB/Aladdin (USA).zip	RETROARCH	gambatte_libretro.so
PLAY	GAME BOY	ALFRED CHICKEN (USA)	ROMS/GB/Alfred Chicken (USA).zip	RETROARCH	gambatte_libretro.so
PLAY	GAME BOY	ALIEN 3 (USA, EUROPE)	ROMS/GB/Alien 3 (USA, Europe).zip	RETROARCH	gambatte_libretro.so
PLAY	GAME BOY	ALIEN OLYMPICS (EUROPE)	ROMS/GB/Alien Olympics (Europe).zip	RETROARCH	gambatte_libretro.so
PLAY	GAME BOY	ALIEN VS PREDATOR - THE LAST OF HIS CLAN (USA)	ROMS/GB/Alien vs Predator - The Last of His Clan (USA).zip	RETROARCH	gambatte_libretro.so
PLAY	GAME BOY	ALLEYWAY (WORLD)	ROMS/GB/Alleyway (World).zip	RETROARCH	gambatte_libretro.so
PLAY	GAME BOY	AMAZING SPIDER-MAN, THE (USA, EUROPE)	ROMS/GB/Amazing Spider-Man, The (USA, Europe).zip	RETROARCH	gambatte_libretro.so
PLAY	GAME BOY	AMIDA (JAPAN)	ROMS/GB/Amida (Japan).zip	RETROARCH	gambatte_libretro.so
PLAY	GAME BOY	ANIMANIACS (USA)	ROMS/GB/Animaniacs (USA).zip	RETROARCH	gambatte_libretro.so
PLAY	GAME BOY	ANOTHER BIBLE (JAPAN) (TRANSLATED EN)	ROMS/GB/Another Bible (Japan) (Translated En).zip	RETROARCH	gambatte_libretro.so
PLAY	GAME BOY	ANT SOLDIERS (ASIA) (UNL)	ROMS/GB/Ant Soldiers (Asia) (Unl).zip	RETROARCH	gambatte_libretro.so
PLAY	GAME BOY	ARCADE CLASSIC NO. 1 - ASTEROIDS & MISSILE COMMAND (USA, EUROPE)	ROMS/GB/Arcade Classic No. 1 - Asteroids & Missile Command (USA, Europe).zip	RETROARCH	gambatte_libretro.so
PLAY	GAME BOY	ARCADE CLASSIC NO. 2 - CENTIPEDE & MILLIPEDE (USA, EUROPE)	ROMS/GB/Arcade Classic No. 2 - Centipede & Millipede (USA, Europe).zip	RETROARCH	gambatte_libretro.so
PLAY	GAME BOY	ARCADE CLASSIC NO. 3 - GALAGA & GALAXIAN (USA)	ROMS/GB/Arcade Classic No. 3 - Galaga & Galaxian (USA).zip	RETROARCH	gambatte_libretro.so
PLAY	GAME BOY	ARCADE CLASSIC NO. 4 - DEFENDER & JOUST (USA, EUROPE)	ROMS/GB/Arcade Classic No. 4 - Defender & Joust (USA, Europe).zip	RETROARCH	gambatte_libretro.so
PLAY	GAME BOY	ARCADE CLASSICS - BATTLEZONE & SUPER BREAKOUT (USA, EUROPE)	ROMS/GB/Arcade Classics - Battlezone & Super Breakout (USA, Europe).zip	RETROARCH	gambatte_libretro.so
PLAY	GAME BOY	BATMAN - RETURN OF THE JOKER (USA, EUROPE)	ROMS/GB/Batman - Return of the Joker (USA, Europe).zip	RETROARCH	gambatte_libretro.so
PLAY	GAME BOY	BATMAN - THE ANIMATED SERIES (USA, EUROPE)	ROMS/GB/Batman - The Animated Series (USA, Europe).zip	RETROARCH	gambatte_libretro.so
PLAY	GAME BOY	BATMAN - THE VIDEO GAME (WORLD)	ROMS/GB/Batman - The Video Game (World).zip	RETROARCH	gambatte_libretro.so
PLAY	GAME BOY	BATMAN FOREVER (USA, EUROPE)	ROMS/GB/Batman Forever (USA, Europe).zip	RETROARCH	gambatte_libretro.so
PLAY	GAME BOY	BATTLE ARENA TOSHINDEN (USA)	ROMS/GB/Battle Arena Toshinden (USA).zip	RETROARCH	gambatte_libretro.so
PLAY	GAME BOY	BATTLETOADS (USA, EUROPE)	ROMS/GB/Battletoads (USA, Europe).zip	RETROARCH	gambatte_libretro.so
PLAY	GAME BOY	BATTLETOADS IN RAGNAROK'S WORLD (USA)	ROMS/GB/Battletoads in Ragnarok's World (USA).zip	RETROARCH	gambatte_libretro.so
PLAY	GAME BOY	BEAST FIGHTER (ASIA) (UNL)	ROMS/GB/Beast Fighter (Asia) (Unl).zip	RETROARCH	gambatte_libretro.so
PLAY	GAME BOY	BLODIA (JAPAN)	ROMS/GB/Blodia (Japan).zip	RETROARCH	gambatte_libretro.so
PLAY	GAME BOY	BLUES BROTHERS, THE (USA, EUROPE)	ROMS/GB/Blues Brothers, The (USA, Europe).zip	RETROARCH	gambatte_libretro.so
PLAY	GAME BOY	BLUES BROTHERS, THE - JUKEBOX ADVENTURE (EUROPE)	ROMS/GB/Blues Brothers, The - Jukebox Adventure (Europe).zip	RETROARCH	gambatte_libretro.so
PLAY	GAME BOY	BO JACKSON - TWO GAMES IN ONE (USA)	ROMS/GB/Bo Jackson - Two Games in One (USA).zip	RETROARCH	gambatte_libretro.so
PLAY	GAME BOY	BOGGLE PLUS (USA)	ROMS/GB/Boggle Plus (USA).zip	RETROARCH	gambatte_libretro.so
PLAY	GAME BOY	BOMB DISPOSER (ASIA) (UNL)	ROMS/GB/Bomb Disposer (Asia) (Unl).zip	RETROARCH	gambatte_libretro.so
PLAY	GAME BOY	BOMB JACK (EUROPE)	ROMS/GB/Bomb Jack (Europe).zip	RETROARCH	gambatte_libretro.so
PLAY	GAME BOY	BOMBER MAN GB 3 (JAPAN) (TRANSLATED EN)	ROMS/GB/Bomber Man GB 3 (Japan) (Translated En).zip	RETROARCH	gambatte_libretro.so
PLAY	GAME BOY	BOMBERMAN GB (USA, EUROPE)	ROMS/GB/Bomberman GB (USA, Europe).zip	RETROARCH	gambatte_libretro.so
PLAY	GAME BOY	BONK'S ADVENTURE (USA)	ROMS/GB/Bonk's Adventure (USA).zip	RETROARCH	gambatte_libretro.so
PLAY	GAME BOY	BONK'S REVENGE (USA)	ROMS/GB/Bonk's Revenge (USA).zip	RETROARCH	gambatte_libretro.so
PLAY	GAME BOY	BOOBY BOYS (JAPAN) (TRANSLATED EN)	ROMS/GB/Booby Boys (Japan) (Translated En).zip	RETROARCH	gambatte_libretro.so
PLAY	GAME BOY	BOOMER'S ADVENTURE IN ASMIK WORLD (USA)	ROMS/GB/Boomer's Adventure in ASMIK World (USA).zip	RETROARCH	gambatte_libretro.so
PLAY	GAME BOY	BOULDER DASH (EUROPE)	ROMS/GB/Boulder Dash (Europe).zip	RETROARCH	gambatte_libretro.so
PLAY	GAME BOY	BOXXLE (USA, EUROPE) (REV A)	ROMS/GB/Boxxle (USA, Europe) (Rev A).zip	RETROARCH	gambatte_libretro.so
PLAY	GAME BOY	BOXXLE II (USA)	ROMS/GB/Boxxle II (USA).zip	RETROARCH	gambatte_libretro.so
PLAY	GAME BOY	BRAIN BENDER (USA)	ROMS/GB/Brain Bender (USA).zip	RETROARCH	gambatte_libretro.so
PLAY	GAME BOY	BRAIN DRAIN (USA)	ROMS/GB/Brain Drain (USA).zip	RETROARCH	gambatte_libretro.so
PLAY	GAME BOY	BRAM STOKER'S DRACULA (USA, EUROPE)	ROMS/GB/Bram Stoker's Dracula (USA, Europe).zip	RETROARCH	gambatte_libretro.so
PLAY	GAME BOY	BREAKTHRU! (USA)	ROMS/GB/BreakThru! (USA).zip	RETROARCH	gambatte_libretro.so
PLAY	GAME BOY	CASTLE QUEST (EUROPE)	ROMS/GB/Castle Quest (Europe).zip	RETROARCH	gambatte_libretro.so
PLAY	GAME BOY	CASTLEVANIA ADVENTURE, THE (USA)	ROMS/GB/Castlevania Adventure, The (USA).zip	RETROARCH	gambatte_libretro.so
PLAY	GAME BOY	CASTLEVANIA II - BELMONT'S REVENGE (USA, EUROPE)	ROMS/GB/Castlevania II - Belmont's Revenge (USA, Europe).zip	RETROARCH	gambatte_libretro.so
PLAY	GAME BOY	CASTLEVANIA LEGENDS (USA, EUROPE)	ROMS/GB/Castlevania Legends (USA, Europe).zip	RETROARCH	gambatte_libretro.so
PLAY	GAME BOY	CHOPLIFTER II - RESCUE & SURVIVE (USA)	ROMS/GB/Choplifter II - Rescue & Survive (USA).zip	RETROARCH	gambatte_libretro.so
PLAY	GAME BOY	CHOPLIFTER III (EUROPE)	ROMS/GB/Choplifter III (Europe).zip	RETROARCH	gambatte_libretro.so
PLAY	GAME BOY	CHUCK ROCK (USA, EUROPE)	ROMS/GB/Chuck Rock (USA, Europe).zip	RETROARCH	gambatte_libretro.so
PLAY	GAME BOY	CLIFFHANGER (USA, EUROPE)	ROMS/GB/Cliffhanger (USA, Europe).zip	RETROARCH	gambatte_libretro.so
PLAY	GAME BOY	COLLECTION POCKET (JAPAN)	ROMS/GB/Collection Pocket (Japan).zip	RETROARCH	gambatte_libretro.so
PLAY	GAME BOY	COLLEGE SLAM (USA)	ROMS/GB/College Slam (USA).zip	RETROARCH	gambatte_libretro.so
PLAY	GAME BOY	CONTRA - THE ALIEN WARS (USA)	ROMS/GB/Contra - The Alien Wars (USA).zip	RETROARCH	gambatte_libretro.so
PLAY	GAME BOY	CRAZY BURGER (ASIA) (UNL)	ROMS/GB/Crazy Burger (Asia) (Unl).zip	RETROARCH	gambatte_libretro.so
PLAY	GAME BOY	CRYSTAL QUEST (USA)	ROMS/GB/Crystal Quest (USA).zip	RETROARCH	gambatte_libretro.so
PLAY	GAME BOY	CUTTHROAT ISLAND (USA, EUROPE)	ROMS/GB/CutThroat Island (USA, Europe).zip	RETROARCH	gambatte_libretro.so
PLAY	GAME BOY	CYRAID (USA)	ROMS/GB/Cyraid (USA).zip	RETROARCH	gambatte_libretro.so
PLAY	GAME BOY	DARKWING DUCK (USA)	ROMS/GB/Darkwing Duck (USA).zip	RETROARCH	gambatte_libretro.so
PLAY	GAME BOY	DAVID CRANE'S THE RESCUE OF PRINCESS BLOBETTE (USA)	ROMS/GB/David Crane's The Rescue of Princess Blobette (USA).zip	RETROARCH	gambatte_libretro.so
PLAY	GAME BOY	DAYS OF THUNDER (USA, EUROPE)	ROMS/GB/Days of Thunder (USA, Europe).zip	RETROARCH	gambatte_libretro.so
PLAY	GAME BOY	DIG DUG (USA)	ROMS/GB/Dig Dug (USA).zip	RETROARCH	gambatte_libretro.so
PLAY	GAME BOY	DIRTY RACING (JAPAN)	ROMS/GB/Dirty Racing (Japan).zip	RETROARCH	gambatte_libretro.so
PLAY	GAME BOY	DODGE BOY (JAPAN)	ROMS/GB/Dodge Boy (Japan).zip	RETROARCH	gambatte_libretro.so
PLAY	GAME BOY	DORAEMON KART (JAPAN) (TRANSLATED EN)	ROMS/GB/Doraemon Kart (Japan) (Translated En).zip	RETROARCH	gambatte_libretro.so
PLAY	GAME BOY	DORAEMON TAIKETSU HIMITSUDOUGU!! (JAPAN)	ROMS/GB/Doraemon Taiketsu HimitsuDougu!! (Japan).zip	RETROARCH	gambatte_libretro.so
PLAY	GAME BOY	DOUBLE DRIBBLE - 5 ON 5 (USA)	ROMS/GB/Double Dribble - 5 on 5 (USA).zip	RETROARCH	gambatte_libretro.so
PLAY	GAME BOY	DUCK ADVENTURES (ASIA) (UNL)	ROMS/GB/Duck Adventures (Asia) (Unl).zip	RETROARCH	gambatte_libretro.so
PLAY	GAME BOY	DUCKTALES (USA)	ROMS/GB/DuckTales (USA).zip	RETROARCH	gambatte_libretro.so
PLAY	GAME BOY	DUCKTALES 2 (USA)	ROMS/GB/DuckTales 2 (USA).zip	RETROARCH	gambatte_libretro.so
PLAY	GAME BOY	FIGHTING SIMULATOR - 2 IN 1 FLYING WARRIORS (USA, EUROPE)	ROMS/GB/Fighting Simulator - 2 in 1 Flying Warriors (USA, Europe).zip	RETROARCH	gambatte_libretro.so
PLAY	GAME BOY	FINAL FANTASY ADVENTURE (USA)	ROMS/GB/Final Fantasy Adventure (USA).zip	RETROARCH	gambatte_libretro.so
PLAY	GAME BOY	FINAL FANTASY LEGEND II (USA)	ROMS/GB/Final Fantasy Legend II (USA).zip	RETROARCH	gambatte_libretro.so
PLAY	GAME BOY	FINAL FANTASY LEGEND III (USA)	ROMS/GB/Final Fantasy Legend III (USA).zip	RETROARCH	gambatte_libretro.so
PLAY	GAME BOY	FINAL FANTASY LEGEND, THE (USA)	ROMS/GB/Final Fantasy Legend, The (USA).zip	RETROARCH	gambatte_libretro.so
PLAY	GAME BOY	FINAL REVERSE (JAPAN)	ROMS/GB/Final Reverse (Japan).zip	RETROARCH	gambatte_libretro.so
PLAY	GAME BOY	FROGGER (USA)	ROMS/GB/Frogger (USA).zip	RETROARCH	gambatte_libretro.so
PLAY	GAME BOY	FUSHIGI NA BLOBBY - PRINCESS BLOB O SUKUE! (JAPAN)	ROMS/GB/Fushigi na Blobby - Princess Blob o Sukue! (Japan).zip	RETROARCH	gambatte_libretro.so
PLAY	GAME BOY	GAME BOY GALLERY (EUROPE)	ROMS/GB/Game Boy Gallery (Europe).zip	RETROARCH	gambatte_libretro.so
PLAY	GAME BOY	GAME BOY WARS (JAPAN)	ROMS/GB/Game Boy Wars (Japan).zip	RETROARCH	gambatte_libretro.so
PLAY	GAME BOY	GAME BOY WARS TURBO (JAPAN) (TRANSLATED EN)	ROMS/GB/Game Boy Wars Turbo (Japan) (Translated En).zip	RETROARCH	gambatte_libretro.so
PLAY	GAME BOY	GAME OF HARMONY, THE (USA)	ROMS/GB/Game of Harmony, The (USA).zip	RETROARCH	gambatte_libretro.so
PLAY	GAME BOY	GAMERA - DAIKAIJUU KUUCHUU KESSEN (JAPAN) (TRANSLATED EN)	ROMS/GB/Gamera - Daikaijuu Kuuchuu Kessen (Japan) (Translated En).zip	RETROARCH	gambatte_libretro.so
PLAY	GAME BOY	GANBARE GOEMON - SARAWARETA EBISUMARU (JAPAN)	ROMS/GB/Ganbare Goemon - Sarawareta Ebisumaru (Japan).zip	RETROARCH	gambatte_libretro.so
PLAY	GAME BOY	GANSO!! YANCHA MARU (JAPAN)	ROMS/GB/Ganso!! Yancha Maru (Japan).zip	RETROARCH	gambatte_libretro.so
PLAY	GAME BOY	GARFIELD LABYRINTH (EUROPE)	ROMS/GB/Garfield Labyrinth (Europe).zip	RETROARCH	gambatte_libretro.so
PLAY	GAME BOY	GARGOYLE'S QUEST (USA, EUROPE)	ROMS/GB/Gargoyle's Quest (USA, Europe).zip	RETROARCH	gambatte_libretro.so
PLAY	GAME BOY	GAUNTLET II (USA, EUROPE)	ROMS/GB/Gauntlet II (USA, Europe).zip	RETROARCH	gambatte_libretro.so
PLAY	GAME BOY	GB GENJIN LAND - VIVA! CHIKKUN OUKOKU (JAPAN)	ROMS/GB/GB Genjin Land - Viva! Chikkun Oukoku (Japan).zip	RETROARCH	gambatte_libretro.so
PLAY	GAME BOY	GEAR WORKS (USA, EUROPE)	ROMS/GB/Gear Works (USA, Europe).zip	RETROARCH	gambatte_libretro.so
PLAY	GAME BOY	HOOK (USA)	ROMS/GB/Hook (USA).zip	RETROARCH	gambatte_libretro.so
PLAY	GAME BOY	HUDSON HAWK (USA)	ROMS/GB/Hudson Hawk (USA).zip	RETROARCH	gambatte_libretro.so
PLAY	GAME BOY	HUGO (EUROPE)	ROMS/GB/Hugo (Europe).zip	RETROARCH	gambatte_libretro.so
PLAY	GAME BOY	HUGO 2 (GERMANY)	ROMS/GB/Hugo 2 (Germany).zip	RETROARCH	gambatte_libretro.so
PLAY	GAME BOY	HUMANS, THE (USA)	ROMS/GB/Humans, The (USA).zip	RETROARCH	gambatte_libretro.so
PLAY	GAME BOY	HUNCHBACK OF NOTRE DAME, THE - 5 FOOLISHLY FUN TOPSY TURVY GAMES (USA, EUROPE)	ROMS/GB/Hunchback of Notre Dame, The - 5 Foolishly Fun Topsy Turvy Games (USA, Europe).zip	RETROARCH	gambatte_libretro.so
PLAY	GAME BOY	HUNT FOR RED OCTOBER, THE (USA, EUROPE)	ROMS/GB/Hunt for Red October, The (USA, Europe).zip	RETROARCH	gambatte_libretro.so
PLAY	GAME BOY	HYPER BLACK BASS '95 (JAPAN)	ROMS/GB/Hyper Black Bass '95 (Japan).zip	RETROARCH	gambatte_libretro.so
PLAY	GAME BOY	HYPER LODE RUNNER (WORLD) (REV A)	ROMS/GB/Hyper Lode Runner (World) (Rev A).zip	RETROARCH	gambatte_libretro.so
PLAY	GAME BOY	IN YOUR FACE (USA)	ROMS/GB/In Your Face (USA).zip	RETROARCH	gambatte_libretro.so
PLAY	GAME BOY	INCREDIBLE CRASH DUMMIES, THE (USA, EUROPE)	ROMS/GB/Incredible Crash Dummies, The (USA, Europe).zip	RETROARCH	gambatte_libretro.so
PLAY	GAME BOY	INDIANA JONES AND THE LAST CRUSADE (USA, EUROPE)	ROMS/GB/Indiana Jones and the Last Crusade (USA, Europe).zip	RETROARCH	gambatte_libretro.so
PLAY	GAME BOY	INDIEN DANS LA VILLE, UN (FRANCE)	ROMS/GB/Indien dans la Ville, Un (France).zip	RETROARCH	gambatte_libretro.so
PLAY	GAME BOY	INITIAL D GAIDEN (JAPAN)	ROMS/GB/Initial D Gaiden (Japan).zip	RETROARCH	gambatte_libretro.so
PLAY	GAME BOY	INTERNATIONAL SUPERSTAR SOCCER (USA, EUROPE)	ROMS/GB/International Superstar Soccer (USA, Europe).zip	RETROARCH	gambatte_libretro.so
PLAY	GAME BOY	IRONMAN X-O MANOWAR IN HEAVY METAL (USA, EUROPE)	ROMS/GB/Ironman X-O Manowar in Heavy Metal (USA, Europe).zip	RETROARCH	gambatte_libretro.so
PLAY	GAME BOY	ISHIDO - THE WAY OF STONES (USA)	ROMS/GB/Ishido - The Way of Stones (USA).zip	RETROARCH	gambatte_libretro.so
PLAY	GAME BOY	JAMES BOND 007 (USA, EUROPE)	ROMS/GB/James Bond 007 (USA, Europe).zip	RETROARCH	gambatte_libretro.so
PLAY	GAME BOY	JANKENMAN (JAPAN)	ROMS/GB/Jankenman (Japan).zip	RETROARCH	gambatte_libretro.so
PLAY	GAME BOY	JUDGE DREDD (USA, EUROPE)	ROMS/GB/Judge Dredd (USA, Europe).zip	RETROARCH	gambatte_libretro.so
PLAY	GAME BOY	JUNGLE BOOK, THE (USA, EUROPE)	ROMS/GB/Jungle Book, The (USA, Europe).zip	RETROARCH	gambatte_libretro.so
PLAY	GAME BOY	JUNGLE NO OUJA TARCHAN (JAPAN)	ROMS/GB/Jungle no Ouja Tarchan (Japan).zip	RETROARCH	gambatte_libretro.so
PLAY	GAME BOY	JUNGLE STRIKE (USA, EUROPE)	ROMS/GB/Jungle Strike (USA, Europe).zip	RETROARCH	gambatte_libretro.so
PLAY	GAME BOY	JURASSIC PARK (USA)	ROMS/GB/Jurassic Park (USA).zip	RETROARCH	gambatte_libretro.so
PLAY	GAME BOY	JURASSIC PARK PART 2 - THE CHAOS CONTINUES (USA, EUROPE)	ROMS/GB/Jurassic Park Part 2 - The Chaos Continues (USA, Europe).zip	RETROARCH	gambatte_libretro.so
PLAY	GAME BOY	KAERU NO TAME NI KANE WA NARU (JAPAN) (TRANSLATED EN)	ROMS/GB/Kaeru no Tame ni Kane wa Naru (Japan) (Translated En).zip	RETROARCH	gambatte_libretro.so
PLAY	GAME BOY	KAIJUU OU GODZILLA (JAPAN)	ROMS/GB/Kaijuu Ou Godzilla (Japan).zip	RETROARCH	gambatte_libretro.so
PLAY	GAME BOY	KAMEN RIDER SD - HASHIRE! MIGHTY RIDERS (JAPAN)	ROMS/GB/Kamen Rider SD - Hashire! Mighty Riders (Japan).zip	RETROARCH	gambatte_libretro.so
PLAY	GAME BOY	KARAKURI KENGOU DEN - MUSASHI ROAD (JAPAN) (TRANSLATED EN)	ROMS/GB/Karakuri Kengou Den - Musashi Road (Japan) (Translated En).zip	RETROARCH	gambatte_libretro.so
PLAY	GAME BOY	KARAMUCHOU NO DAIJIKEN (JAPAN)	ROMS/GB/Karamuchou no Daijiken (Japan).zip	RETROARCH	gambatte_libretro.so
PLAY	GAME BOY	KATTOBI ROAD (JAPAN)	ROMS/GB/Kattobi Road (Japan).zip	RETROARCH	gambatte_libretro.so
PLAY	GAME BOY	KID DRACULA (USA, EUROPE)	ROMS/GB/Kid Dracula (USA, Europe).zip	RETROARCH	gambatte_libretro.so
PLAY	GAME BOY	KID ICARUS - OF MYTHS AND MONSTERS (USA, EUROPE)	ROMS/GB/Kid Icarus - Of Myths and Monsters (USA, Europe).zip	RETROARCH	gambatte_libretro.so
PLAY	GAME BOY	KILLER INSTINCT (USA, EUROPE)	ROMS/GB/Killer Instinct (USA, Europe).zip	RETROARCH	gambatte_libretro.so
PLAY	GAME BOY	KINGDOM CRUSADE (USA)	ROMS/GB/Kingdom Crusade (USA).zip	RETROARCH	gambatte_libretro.so
PLAY	GAME BOY	KININ KOUMAROKU ONI (JAPAN) (TRANSLATED EN)	ROMS/GB/Kinin Koumaroku Oni (Japan) (Translated En).zip	RETROARCH	gambatte_libretro.so
PLAY	GAME BOY	KINNIKUMAN - THE DREAM MATCH (JAPAN)	ROMS/GB/Kinnikuman - The Dream Match (Japan).zip	RETROARCH	gambatte_libretro.so
PLAY	GAME BOY	KIRBY'S BLOCK BALL (USA, EUROPE)	ROMS/GB/Kirby's Block Ball (USA, Europe).zip	RETROARCH	gambatte_libretro.so
PLAY	GAME BOY	KIRBY'S DREAM LAND (USA, EUROPE)	ROMS/GB/Kirby's Dream Land (USA, Europe).zip	RETROARCH	gambatte_libretro.so
PLAY	GAME BOY	KIRBY'S DREAM LAND 2 (USA, EUROPE)	ROMS/GB/Kirby's Dream Land 2 (USA, Europe).zip	RETROARCH	gambatte_libretro.so
PLAY	GAME BOY	KIRBY'S STAR STACKER (USA, EUROPE)	ROMS/GB/Kirby's Star Stacker (USA, Europe).zip	RETROARCH	gambatte_libretro.so
PLAY	GAME BOY	KITCHEN PANIC (JAPAN)	ROMS/GB/Kitchen Panic (Japan).zip	RETROARCH	gambatte_libretro.so
PLAY	GAME BOY	KITERETSU DAIHYAKKA - BOUKEN OOEDO JURAKI (JAPAN)	ROMS/GB/Kiteretsu Daihyakka - Bouken Ooedo Juraki (Japan).zip	RETROARCH	gambatte_libretro.so
PLAY	GAME BOY	KLAX (USA)	ROMS/GB/Klax (USA).zip	RETROARCH	gambatte_libretro.so
PLAY	GAME BOY	KNIGHT QUEST (USA)	ROMS/GB/Knight Quest (USA).zip	RETROARCH	gambatte_libretro.so
PLAY	GAME BOY	LAMBORGHINI AMERICAN CHALLENGE (USA, EUROPE)	ROMS/GB/Lamborghini American Challenge (USA, Europe).zip	RETROARCH	gambatte_libretro.so
PLAY	GAME BOY	LAST ACTION HERO (USA, EUROPE)	ROMS/GB/Last Action Hero (USA, Europe).zip	RETROARCH	gambatte_libretro.so
PLAY	GAME BOY	LAWNMOWER MAN, THE (EUROPE)	ROMS/GB/Lawnmower Man, The (Europe).zip	RETROARCH	gambatte_libretro.so
PLAY	GAME BOY	LAZLOS' LEAP (USA)	ROMS/GB/Lazlos' Leap (USA).zip	RETROARCH	gambatte_libretro.so
PLAY	GAME BOY	LEGEND OF THE RIVER KING GB (USA)	ROMS/GB/Legend of the River King GB (USA).zip	RETROARCH	gambatte_libretro.so
PLAY	GAME BOY	LEGEND OF ZELDA, THE - LINK'S AWAKENING (USA, EUROPE)	ROMS/GB/Legend of Zelda, The - Link's Awakening (USA, Europe).zip	RETROARCH	gambatte_libretro.so
PLAY	GAME BOY	LEMMINGS (USA)	ROMS/GB/Lemmings (USA).zip	RETROARCH	gambatte_libretro.so
PLAY	GAME BOY	LEMMINGS 2 - THE TRIBES (EUROPE)	ROMS/GB/Lemmings 2 - The Tribes (Europe).zip	RETROARCH	gambatte_libretro.so
PLAY	GAME BOY	MAUI MALLARD (USA)	ROMS/GB/Maui Mallard (USA).zip	RETROARCH	gambatte_libretro.so
PLAY	GAME BOY	MAUS, DIE (EUROPE)	ROMS/GB/Maus, Die (Europe).zip	RETROARCH	gambatte_libretro.so
PLAY	GAME BOY	MAX (EUROPE)	ROMS/GB/Max (Europe).zip	RETROARCH	gambatte_libretro.so
PLAY	GAME BOY	MCDONALDLAND (EUROPE)	ROMS/GB/McDonaldland (Europe).zip	RETROARCH	gambatte_libretro.so
PLAY	GAME BOY	MEGA MAN - DR. WILY'S REVENGE (USA)	ROMS/GB/Mega Man - Dr. Wily's Revenge (USA).zip	RETROARCH	gambatte_libretro.so
PLAY	GAME BOY	MEGA MAN II (USA)	ROMS/GB/Mega Man II (USA).zip	RETROARCH	gambatte_libretro.so
PLAY	GAME BOY	MEGA MAN III (USA)	ROMS/GB/Mega Man III (USA).zip	RETROARCH	gambatte_libretro.so
PLAY	GAME BOY	MEGA MAN IV (USA)	ROMS/GB/Mega Man IV (USA).zip	RETROARCH	gambatte_libretro.so
PLAY	GAME BOY	MEGA MAN V (USA)	ROMS/GB/Mega Man V (USA).zip	RETROARCH	gambatte_libretro.so
PLAY	GAME BOY	MEGALIT (USA, EUROPE)	ROMS/GB/Megalit (USA, Europe).zip	RETROARCH	gambatte_libretro.so
PLAY	GAME BOY	MERCENARY FORCE (USA, EUROPE)	ROMS/GB/Mercenary Force (USA, Europe).zip	RETROARCH	gambatte_libretro.so
PLAY	GAME BOY	METAL MASTERS (USA)	ROMS/GB/Metal Masters (USA).zip	RETROARCH	gambatte_libretro.so
PLAY	GAME BOY	METROID II - RETURN OF SAMUS (WORLD)	ROMS/GB/Metroid II - Return of Samus (World).zip	RETROARCH	gambatte_libretro.so
PLAY	GAME BOY	MICKEY MOUSE (EUROPE)	ROMS/GB/Mickey Mouse (Europe).zip	RETROARCH	gambatte_libretro.so
PLAY	GAME BOY	MICKEY MOUSE (JAPAN)	ROMS/GB/Mickey Mouse (Japan).zip	RETROARCH	gambatte_libretro.so
PLAY	GAME BOY	MICKEY MOUSE - MAGIC WAND (USA, EUROPE)	ROMS/GB/Mickey Mouse - Magic Wand (USA, Europe).zip	RETROARCH	gambatte_libretro.so
PLAY	GAME BOY	MICKEY MOUSE IV (JAPAN)	ROMS/GB/Mickey Mouse IV (Japan).zip	RETROARCH	gambatte_libretro.so
PLAY	GAME BOY	MICKEY'S CHASE (USA)	ROMS/GB/Mickey's Chase (USA).zip	RETROARCH	gambatte_libretro.so
PLAY	GAME BOY	MICKEY'S ULTIMATE CHALLENGE (USA, EUROPE)	ROMS/GB/Mickey's Ultimate Challenge (USA, Europe).zip	RETROARCH	gambatte_libretro.so
PLAY	GAME BOY	MORTAL KOMBAT (USA, EUROPE)	ROMS/GB/Mortal Kombat (USA, Europe).zip	RETROARCH	gambatte_libretro.so
PLAY	GAME BOY	MORTAL KOMBAT 3 (USA)	ROMS/GB/Mortal Kombat 3 (USA).zip	RETROARCH	gambatte_libretro.so
PLAY	GAME BOY	MORTAL KOMBAT I & II (USA, EUROPE)	ROMS/GB/Mortal Kombat I & II (USA, Europe).zip	RETROARCH	gambatte_libretro.so
PLAY	GAME BOY	MORTAL KOMBAT II (USA, EUROPE)	ROMS/GB/Mortal Kombat II (USA, Europe).zip	RETROARCH	gambatte_libretro.so
PLAY	GAME BOY	MOTOCROSS MANIACS (USA)	ROMS/GB/Motocross Maniacs (USA).zip	RETROARCH	gambatte_libretro.so
PLAY	GAME BOY	MOUSE TRAP HOTEL (USA)	ROMS/GB/Mouse Trap Hotel (USA).zip	RETROARCH	gambatte_libretro.so
PLAY	GAME BOY	MR. CHIN'S GOURMET PARADISE (USA)	ROMS/GB/Mr. Chin's Gourmet Paradise (USA).zip	RETROARCH	gambatte_libretro.so
PLAY	GAME BOY	MR. DO! (USA)	ROMS/GB/Mr. Do! (USA).zip	RETROARCH	gambatte_libretro.so
PLAY	GAME BOY	MR. NUTZ (EUROPE)	ROMS/GB/Mr. Nutz (Europe).zip	RETROARCH	gambatte_libretro.so
PLAY	GAME BOY	MS. PAC-MAN (USA)	ROMS/GB/Ms. Pac-Man (USA).zip	RETROARCH	gambatte_libretro.so
PLAY	GAME BOY	MUHAMMAD ALI'S BOXING (USA, EUROPE)	ROMS/GB/Muhammad Ali's Boxing (USA, Europe).zip	RETROARCH	gambatte_libretro.so
PLAY	GAME BOY	MULAN (USA, EUROPE)	ROMS/GB/Mulan (USA, Europe).zip	RETROARCH	gambatte_libretro.so
PLAY	GAME BOY	MYSTERIUM (USA)	ROMS/GB/Mysterium (USA).zip	RETROARCH	gambatte_libretro.so
PLAY	GAME BOY	MYSTICAL NINJA STARRING GOEMON (USA)	ROMS/GB/Mystical Ninja Starring Goemon (USA).zip	RETROARCH	gambatte_libretro.so
PLAY	GAME BOY	NAIL'N SCALE (USA, EUROPE)	ROMS/GB/Nail'n Scale (USA, Europe).zip	RETROARCH	gambatte_libretro.so
PLAY	GAME BOY	NAKAJIMA SATORU - F-1 HERO GB - WORLD CHAMPIONSHIP '91 (JAPAN)	ROMS/GB/Nakajima Satoru - F-1 Hero GB - World Championship '91 (Japan).zip	RETROARCH	gambatte_libretro.so
PLAY	GAME BOY	NAMCO CLASSIC (JAPAN)	ROMS/GB/Namco Classic (Japan).zip	RETROARCH	gambatte_libretro.so
PLAY	GAME BOY	NAMCO GALLERY VOL.1 (JAPAN)	ROMS/GB/Namco Gallery Vol.1 (Japan).zip	RETROARCH	gambatte_libretro.so
PLAY	GAME BOY	NAMCO GALLERY VOL.2 (JAPAN)	ROMS/GB/Namco Gallery Vol.2 (Japan).zip	RETROARCH	gambatte_libretro.so
PLAY	GAME BOY	NAMCO GALLERY VOL.3 (JAPAN)	ROMS/GB/Namco Gallery Vol.3 (Japan).zip	RETROARCH	gambatte_libretro.so
PLAY	GAME BOY	NANGOKU SHOUNEN PAPUWA-KUN - GANMADAN NO YABOU (JAPAN)	ROMS/GB/Nangoku Shounen Papuwa-kun - Ganmadan no Yabou (Japan).zip	RETROARCH	gambatte_libretro.so
PLAY	GAME BOY	NAVY SEALS (USA, EUROPE)	ROMS/GB/Navy Seals (USA, Europe).zip	RETROARCH	gambatte_libretro.so
PLAY	GAME BOY	ODDWORLD ADVENTURES (USA, EUROPE)	ROMS/GB/Oddworld Adventures (USA, Europe).zip	RETROARCH	gambatte_libretro.so
PLAY	GAME BOY	OLYMPIC SUMMER GAMES (USA, EUROPE)	ROMS/GB/Olympic Summer Games (USA, Europe).zip	RETROARCH	gambatte_libretro.so
PLAY	GAME BOY	OPERATION C (USA)	ROMS/GB/Operation C (USA).zip	RETROARCH	gambatte_libretro.so
PLAY	GAME BOY	OTHELLO (EUROPE)	ROMS/GB/Othello (Europe).zip	RETROARCH	gambatte_libretro.so
PLAY	GAME BOY	OTTO'S OTTIFANTEN - BABY BRUNO'S NIGHTMARE (EUROPE)	ROMS/GB/Otto's Ottifanten - Baby Bruno's Nightmare (Europe).zip	RETROARCH	gambatte_libretro.so
PLAY	GAME BOY	OUT OF GAS (USA)	ROMS/GB/Out of Gas (USA).zip	RETROARCH	gambatte_libretro.so
PLAY	GAME BOY	PAC-ATTACK (USA)	ROMS/GB/Pac-Attack (USA).zip	RETROARCH	gambatte_libretro.so
PLAY	GAME BOY	PAC-IN-TIME (USA)	ROMS/GB/Pac-In-Time (USA).zip	RETROARCH	gambatte_libretro.so
PLAY	GAME BOY	PAC-MAN (USA)	ROMS/GB/Pac-Man (USA).zip	RETROARCH	gambatte_libretro.so
PLAY	GAME BOY	PACHIO-KUN - PUZZLE CASTLE (JAPAN)	ROMS/GB/Pachio-kun - Puzzle Castle (Japan).zip	RETROARCH	gambatte_libretro.so
PLAY	GAME BOY	PAGEMASTER, THE (USA)	ROMS/GB/Pagemaster, The (USA).zip	RETROARCH	gambatte_libretro.so
PLAY	GAME BOY	PAINTER MOMOPIE (JAPAN)	ROMS/GB/Painter Momopie (Japan).zip	RETROARCH	gambatte_libretro.so
PLAY	GAME BOY	PALAMEDES (EUROPE)	ROMS/GB/Palamedes (Europe).zip	RETROARCH	gambatte_libretro.so
PLAY	GAME BOY	PANEL ACTION BINGO (USA)	ROMS/GB/Panel Action Bingo (USA).zip	RETROARCH	gambatte_libretro.so
PLAY	GAME BOY	PANEL NO NINJA KESAMARU (JAPAN)	ROMS/GB/Panel no Ninja Kesamaru (Japan).zip	RETROARCH	gambatte_libretro.so
PLAY	GAME BOY	PAPERBOY (USA, EUROPE)	ROMS/GB/Paperboy (USA, Europe).zip	RETROARCH	gambatte_libretro.so
PLAY	GAME BOY	PAPERBOY 2 (USA, EUROPE)	ROMS/GB/Paperboy 2 (USA, Europe).zip	RETROARCH	gambatte_libretro.so
PLAY	GAME BOY	PARASOL HENBEE (JAPAN)	ROMS/GB/Parasol Henbee (Japan).zip	RETROARCH	gambatte_libretro.so
PLAY	GAME BOY	PARASOL STARS (EUROPE)	ROMS/GB/Parasol Stars (Europe).zip	RETROARCH	gambatte_libretro.so
PLAY	GAME BOY	PARODIUS (EUROPE)	ROMS/GB/Parodius (Europe).zip	RETROARCH	gambatte_libretro.so
PLAY	GAME BOY	PEETAN (JAPAN)	ROMS/GB/Peetan (Japan).zip	RETROARCH	gambatte_libretro.so
PLAY	GAME BOY	PEKE TO POKO NO DARUMAN BUSTERS (JAPAN) (TRANSLATED EN)	ROMS/GB/Peke to Poko no Daruman Busters (Japan) (Translated En).zip	RETROARCH	gambatte_libretro.so
PLAY	GAME BOY	PENGUIN LAND (JAPAN)	ROMS/GB/Penguin Land (Japan).zip	RETROARCH	gambatte_libretro.so
PLAY	GAME BOY	PENGUIN WARS (USA)	ROMS/GB/Penguin Wars (USA).zip	RETROARCH	gambatte_libretro.so
PLAY	GAME BOY	PENTA DRAGON (JAPAN) (TRANSLATED EN)	ROMS/GB/Penta Dragon (Japan) (Translated En).zip	RETROARCH	gambatte_libretro.so
PLAY	GAME BOY	PGA EUROPEAN TOUR (USA, EUROPE)	ROMS/GB/PGA European Tour (USA, Europe).zip	RETROARCH	gambatte_libretro.so
PLAY	GAME BOY	PGA TOUR '96 (USA, EUROPE)	ROMS/GB/PGA Tour '96 (USA, Europe).zip	RETROARCH	gambatte_libretro.so
PLAY	GAME BOY	PHANTOM AIR MISSION (EUROPE)	ROMS/GB/Phantom Air Mission (Europe).zip	RETROARCH	gambatte_libretro.so
PLAY	GAME BOY	PIERRE LE CHEF IS.. OUT TO LUNCH (EUROPE)	ROMS/GB/Pierre Le Chef is.. Out to Lunch (Europe).zip	RETROARCH	gambatte_libretro.so
PLAY	GAME BOY	PINGU - SEKAI DE 1BAN GENKI NA PENGUIN (JAPAN)	ROMS/GB/Pingu - Sekai de 1ban Genki na Penguin (Japan).zip	RETROARCH	gambatte_libretro.so
PLAY	GAME BOY	PINOCCHIO (USA)	ROMS/GB/Pinocchio (USA).zip	RETROARCH	gambatte_libretro.so
PLAY	GAME BOY	PIPE DREAM (USA)	ROMS/GB/Pipe Dream (USA).zip	RETROARCH	gambatte_libretro.so
PLAY	GAME BOY	PIT FIGHTER (USA, EUROPE)	ROMS/GB/Pit Fighter (USA, Europe).zip	RETROARCH	gambatte_libretro.so
PLAY	GAME BOY	POCKET STADIUM (JAPAN)	ROMS/GB/Pocket Stadium (Japan).zip	RETROARCH	gambatte_libretro.so
PLAY	GAME BOY	POKONYAN! - YUME NO DAIBOUKEN (JAPAN)	ROMS/GB/Pokonyan! - Yume no Daibouken (Japan).zip	RETROARCH	gambatte_libretro.so
PLAY	GAME BOY	PONTA TO HINAKO NO CHINDOUCHUU - YUUJOU HEN (JAPAN)	ROMS/GB/Ponta to Hinako no Chindouchuu - Yuujou Hen (Japan).zip	RETROARCH	gambatte_libretro.so
PLAY	GAME BOY	POPEYE (JAPAN)	ROMS/GB/Popeye (Japan).zip	RETROARCH	gambatte_libretro.so
PLAY	GAME BOY	POPEYE 2 (USA)	ROMS/GB/Popeye 2 (USA).zip	RETROARCH	gambatte_libretro.so
PLAY	GAME BOY	Q BILLION (USA)	ROMS/GB/Q Billion (USA).zip	RETROARCH	gambatte_libretro.so
PLAY	GAME BOY	Q-BERT FOR GAME BOY (USA, EUROPE)	ROMS/GB/Q-bert for Game Boy (USA, Europe).zip	RETROARCH	gambatte_libretro.so
PLAY	GAME BOY	QIX (WORLD)	ROMS/GB/Qix (World).zip	RETROARCH	gambatte_libretro.so
PLAY	GAME BOY	QUARTH (USA, EUROPE)	ROMS/GB/Quarth (USA, Europe).zip	RETROARCH	gambatte_libretro.so
PLAY	GAME BOY	RACE DAYS (USA)	ROMS/GB/Race Days (USA).zip	RETROARCH	gambatte_libretro.so
PLAY	GAME BOY	RACE DRIVIN' (USA, EUROPE)	ROMS/GB/Race Drivin' (USA, Europe).zip	RETROARCH	gambatte_libretro.so
PLAY	GAME BOY	RACING DAMASHII (JAPAN)	ROMS/GB/Racing Damashii (Japan).zip	RETROARCH	gambatte_libretro.so
PLAY	GAME BOY	RADAR MISSION (USA, EUROPE)	ROMS/GB/Radar Mission (USA, Europe).zip	RETROARCH	gambatte_libretro.so
PLAY	GAME BOY	RAGING FIGHTER (USA, EUROPE)	ROMS/GB/Raging Fighter (USA, Europe).zip	RETROARCH	gambatte_libretro.so
PLAY	GAME BOY	RAILWAY (ASIA) (UNL)	ROMS/GB/Railway (Asia) (Unl).zip	RETROARCH	gambatte_libretro.so
PLAY	GAME BOY	RAMPART (USA, EUROPE)	ROMS/GB/Rampart (USA, Europe).zip	RETROARCH	gambatte_libretro.so
PLAY	GAME BOY	RAY-THUNDER (JAPAN)	ROMS/GB/Ray-Thunder (Japan).zip	RETROARCH	gambatte_libretro.so
PLAY	GAME BOY	REAL GHOSTBUSTERS, THE (USA)	ROMS/GB/Real Ghostbusters, The (USA).zip	RETROARCH	gambatte_libretro.so
PLAY	GAME BOY	REN & STIMPY SHOW, THE - SPACE CADET ADVENTURES (USA)	ROMS/GB/Ren & Stimpy Show, The - Space Cadet Adventures (USA).zip	RETROARCH	gambatte_libretro.so
PLAY	GAME BOY	REN & STIMPY SHOW, THE - VEEDIOTS! (USA, EUROPE)	ROMS/GB/Ren & Stimpy Show, The - Veediots! (USA, Europe).zip	RETROARCH	gambatte_libretro.so
PLAY	GAME BOY	RESERVOIR RAT (EUROPE)	ROMS/GB/Reservoir Rat (Europe).zip	RETROARCH	gambatte_libretro.so
PLAY	GAME BOY	RIDDICK BOWE BOXING (USA)	ROMS/GB/Riddick Bowe Boxing (USA).zip	RETROARCH	gambatte_libretro.so
PLAY	GAME BOY	RING RAGE (USA)	ROMS/GB/Ring Rage (USA).zip	RETROARCH	gambatte_libretro.so
PLAY	GAME BOY	ROAD RASH (USA, EUROPE)	ROMS/GB/Road Rash (USA, Europe).zip	RETROARCH	gambatte_libretro.so
PLAY	GAME BOY	ROADSTER (JAPAN)	ROMS/GB/Roadster (Japan).zip	RETROARCH	gambatte_libretro.so
PLAY	GAME BOY	ROBIN HOOD - PRINCE OF THIEVES (USA)	ROMS/GB/Robin Hood - Prince of Thieves (USA).zip	RETROARCH	gambatte_libretro.so
PLAY	GAME BOY	ROBOCOP (USA, EUROPE) (REV A)	ROMS/GB/RoboCop (USA, Europe) (Rev A).zip	RETROARCH	gambatte_libretro.so
PLAY	GAME BOY	ROBOCOP 2 (USA)	ROMS/GB/RoboCop 2 (USA).zip	RETROARCH	gambatte_libretro.so
PLAY	GAME BOY	ROBOCOP VS. THE TERMINATOR (USA)	ROMS/GB/RoboCop vs. The Terminator (USA).zip	RETROARCH	gambatte_libretro.so
PLAY	GAME BOY	ROCK'N! MONSTER!! (JAPAN)	ROMS/GB/Rock'n! Monster!! (Japan).zip	RETROARCH	gambatte_libretro.so
PLAY	GAME BOY	ROD LAND (EUROPE)	ROMS/GB/Rod Land (Europe).zip	RETROARCH	gambatte_libretro.so
PLAY	GAME BOY	ROLAN'S CURSE (USA)	ROMS/GB/Rolan's Curse (USA).zip	RETROARCH	gambatte_libretro.so
PLAY	GAME BOY	ROLAN'S CURSE II (USA)	ROMS/GB/Rolan's Curse II (USA).zip	RETROARCH	gambatte_libretro.so
PLAY	GAME BOY	SOLARSTRIKER (WORLD)	ROMS/GB/SolarStriker (World).zip	RETROARCH	gambatte_libretro.so
PLAY	GAME BOY	SOLITAIRE FUNPAK (USA, EUROPE)	ROMS/GB/Solitaire FunPak (USA, Europe).zip	RETROARCH	gambatte_libretro.so
PLAY	GAME BOY	SOLOMON'S CLUB (USA)	ROMS/GB/Solomon's Club (USA).zip	RETROARCH	gambatte_libretro.so
PLAY	GAME BOY	SOREYUKE!! KID (JAPAN)	ROMS/GB/Soreyuke!! Kid (Japan).zip	RETROARCH	gambatte_libretro.so
PLAY	GAME BOY	SPACE INVADERS (JAPAN)	ROMS/GB/Space Invaders (Japan).zip	RETROARCH	gambatte_libretro.so
PLAY	GAME BOY	SPACE INVADERS (USA)	ROMS/GB/Space Invaders (USA).zip	RETROARCH	gambatte_libretro.so
PLAY	GAME BOY	SPANKY'S QUEST (USA)	ROMS/GB/Spanky's Quest (USA).zip	RETROARCH	gambatte_libretro.so
PLAY	GAME BOY	SPEEDBALL 2 - BRUTAL DELUXE (USA, EUROPE)	ROMS/GB/Speedball 2 - Brutal Deluxe (USA, Europe).zip	RETROARCH	gambatte_libretro.so
PLAY	GAME BOY	SPEEDY GONZALES (USA, EUROPE)	ROMS/GB/Speedy Gonzales (USA, Europe).zip	RETROARCH	gambatte_libretro.so
PLAY	GAME BOY	SPIDER-MAN 2 (USA, EUROPE)	ROMS/GB/Spider-Man 2 (USA, Europe).zip	RETROARCH	gambatte_libretro.so
PLAY	GAME BOY	SPIDER-MAN 3 - INVASION OF THE SPIDER-SLAYERS (USA, EUROPE)	ROMS/GB/Spider-Man 3 - Invasion of the Spider-Slayers (USA, Europe).zip	RETROARCH	gambatte_libretro.so
PLAY	GAME BOY	SPIDER-MAN-X-MEN (USA, EUROPE)	ROMS/GB/Spider-Man-X-Men (USA, Europe).zip	RETROARCH	gambatte_libretro.so
PLAY	GAME BOY	SPIRITUAL WARFARE (USA) (UNL)	ROMS/GB/Spiritual Warfare (USA) (Unl).zip	RETROARCH	gambatte_libretro.so
PLAY	GAME BOY	SPIROU (EUROPE)	ROMS/GB/Spirou (Europe).zip	RETROARCH	gambatte_libretro.so
PLAY	GAME BOY	SPLITZ (EUROPE)	ROMS/GB/Splitz (Europe).zip	RETROARCH	gambatte_libretro.so
PLAY	GAME BOY	SPORTS ILLUSTRATED FOR KIDS - THE ULTIMATE TRIPLE DARE! (USA)	ROMS/GB/Sports Illustrated for Kids - The Ultimate Triple Dare! (USA).zip	RETROARCH	gambatte_libretro.so
PLAY	GAME BOY	SPOT (USA)	ROMS/GB/Spot (USA).zip	RETROARCH	gambatte_libretro.so
PLAY	GAME BOY	SPOT - THE COOL ADVENTURE (USA)	ROMS/GB/Spot - The Cool Adventure (USA).zip	RETROARCH	gambatte_libretro.so
PLAY	GAME BOY	SPUD'S ADVENTURE (USA)	ROMS/GB/Spud's Adventure (USA).zip	RETROARCH	gambatte_libretro.so
PLAY	GAME BOY	SPY VS SPY - OPERATION BOOBYTRAP (USA)	ROMS/GB/Spy vs Spy - Operation Boobytrap (USA).zip	RETROARCH	gambatte_libretro.so
PLAY	GAME BOY	SQUARE DEAL - THE GAME OF TWO-DIMENSIONAL POKER (USA)	ROMS/GB/Square Deal - The Game of Two-Dimensional Poker (USA).zip	RETROARCH	gambatte_libretro.so
PLAY	GAME BOY	STAR HAWK (EUROPE)	ROMS/GB/Star Hawk (Europe).zip	RETROARCH	gambatte_libretro.so
PLAY	GAME BOY	STAR SWEEP (JAPAN)	ROMS/GB/Star Sweep (Japan).zip	RETROARCH	gambatte_libretro.so
PLAY	GAME BOY	STAR TREK - 25TH ANNIVERSARY (USA, EUROPE)	ROMS/GB/Star Trek - 25th Anniversary (USA, Europe).zip	RETROARCH	gambatte_libretro.so
PLAY	GAME BOY	STAR TREK - THE NEXT GENERATION (USA, EUROPE)	ROMS/GB/Star Trek - The Next Generation (USA, Europe).zip	RETROARCH	gambatte_libretro.so
PLAY	GAME BOY	STAR TREK GENERATIONS - BEYOND THE NEXUS (USA)	ROMS/GB/Star Trek Generations - Beyond the Nexus (USA).zip	RETROARCH	gambatte_libretro.so
PLAY	GAME BOY	STAR WARS (USA, EUROPE)	ROMS/GB/Star Wars (USA, Europe).zip	RETROARCH	gambatte_libretro.so
PLAY	GAME BOY	STAR WARS - THE EMPIRE STRIKES BACK (USA)	ROMS/GB/Star Wars - The Empire Strikes Back (USA).zip	RETROARCH	gambatte_libretro.so
PLAY	GAME BOY	STARGATE (USA, EUROPE)	ROMS/GB/Stargate (USA, Europe).zip	RETROARCH	gambatte_libretro.so
PLAY	GAME BOY	STOP THAT ROACH! (USA)	ROMS/GB/Stop That Roach! (USA).zip	RETROARCH	gambatte_libretro.so
PLAY	GAME BOY	STORY OF LASAMA (TAIWAN) (UNL)	ROMS/GB/Story of Lasama (Taiwan) (Unl).zip	RETROARCH	gambatte_libretro.so
PLAY	GAME BOY	STREET FIGHTER II (USA, EUROPE)	ROMS/GB/Street Fighter II (USA, Europe).zip	RETROARCH	gambatte_libretro.so
PLAY	GAME BOY	STREET RACER (USA, EUROPE)	ROMS/GB/Street Racer (USA, Europe).zip	RETROARCH	gambatte_libretro.so
PLAY	GAME BOY	STREET RIDER (ASIA) (UNL)	ROMS/GB/Street Rider (Asia) (Unl).zip	RETROARCH	gambatte_libretro.so
PLAY	GAME BOY	SUPER CHASE H.Q. (USA, EUROPE)	ROMS/GB/Super Chase H.Q. (USA, Europe).zip	RETROARCH	gambatte_libretro.so
PLAY	GAME BOY	SUPER CHINESE FIGHTER GB (JAPAN)	ROMS/GB/Super Chinese Fighter GB (Japan).zip	RETROARCH	gambatte_libretro.so
PLAY	GAME BOY	SUPER CONNARD (EUROPE) (UNL)	ROMS/GB/Super Connard (Europe) (Unl).zip	RETROARCH	gambatte_libretro.so
PLAY	GAME BOY	SUPER HUNCHBACK (USA)	ROMS/GB/Super Hunchback (USA).zip	RETROARCH	gambatte_libretro.so
PLAY	GAME BOY	SUPER JAMES POND (EUROPE)	ROMS/GB/Super James Pond (Europe).zip	RETROARCH	gambatte_libretro.so
PLAY	GAME BOY	SUPER STAR WARS - RETURN OF THE JEDI (USA, EUROPE)	ROMS/GB/Super Star Wars - Return of the Jedi (USA, Europe).zip	RETROARCH	gambatte_libretro.so
PLAY	GAME BOY	SUPER STREET BASKETBALL (JAPAN)	ROMS/GB/Super Street Basketball (Japan).zip	RETROARCH	gambatte_libretro.so
PLAY	GAME BOY	SUPER STREET BASKETBALL 2 (JAPAN)	ROMS/GB/Super Street Basketball 2 (Japan).zip	RETROARCH	gambatte_libretro.so
PLAY	GAME BOY	TEENAGE MUTANT NINJA TURTLES - FALL OF THE FOOT CLAN (USA)	ROMS/GB/Teenage Mutant Ninja Turtles - Fall of the Foot Clan (USA).zip	RETROARCH	gambatte_libretro.so
PLAY	GAME BOY	TEENAGE MUTANT NINJA TURTLES II - BACK FROM THE SEWERS (USA)	ROMS/GB/Teenage Mutant Ninja Turtles II - Back from the Sewers (USA).zip	RETROARCH	gambatte_libretro.so
PLAY	GAME BOY	TEENAGE MUTANT NINJA TURTLES III - RADICAL RESCUE (USA)	ROMS/GB/Teenage Mutant Ninja Turtles III - Radical Rescue (USA).zip	RETROARCH	gambatte_libretro.so
PLAY	GAME BOY	TEKKYU FIGHT! - THE GREAT BATTLE GAIDEN (JAPAN)	ROMS/GB/Tekkyu Fight! - The Great Battle Gaiden (Japan).zip	RETROARCH	gambatte_libretro.so
PLAY	GAME BOY	TERMINATOR 2 - JUDGMENT DAY (USA, EUROPE)	ROMS/GB/Terminator 2 - Judgment Day (USA, Europe).zip	RETROARCH	gambatte_libretro.so
PLAY	GAME BOY	TESSERAE (USA)	ROMS/GB/Tesserae (USA).zip	RETROARCH	gambatte_libretro.so
PLAY	GAME BOY	TINTIN - PRISONERS OF THE SUN (EUROPE)	ROMS/GB/Tintin - Prisoners of the Sun (Europe).zip	RETROARCH	gambatte_libretro.so
PLAY	GAME BOY	TINTIN IN TIBET (EUROPE)	ROMS/GB/Tintin in Tibet (Europe).zip	RETROARCH	gambatte_libretro.so
PLAY	GAME BOY	TINY TOON ADVENTURES - BABS' BIG BREAK (USA, EUROPE)	ROMS/GB/Tiny Toon Adventures - Babs' Big Break (USA, Europe).zip	RETROARCH	gambatte_libretro.so
PLAY	GAME BOY	TINY TOON ADVENTURES - MONTANA'S MOVIE MADNESS (USA, EUROPE)	ROMS/GB/Tiny Toon Adventures - Montana's Movie Madness (USA, Europe).zip	RETROARCH	gambatte_libretro.so
PLAY	GAME BOY	TINY TOON ADVENTURES - WACKY SPORTS (USA)	ROMS/GB/Tiny Toon Adventures - Wacky Sports (USA).zip	RETROARCH	gambatte_libretro.so
PLAY	GAME BOY	TIP OFF (EUROPE)	ROMS/GB/Tip Off (Europe).zip	RETROARCH	gambatte_libretro.so
PLAY	GAME BOY	TITUS THE FOX TO MARRAKECH AND BACK (USA, EUROPE)	ROMS/GB/Titus the Fox to Marrakech and Back (USA, Europe).zip	RETROARCH	gambatte_libretro.so
PLAY	GAME BOY	TOKYO DISNEYLAND - MICKEY NO CINDERELLA-JOU MYSTERY TOUR (JAPAN)	ROMS/GB/Tokyo Disneyland - Mickey no Cinderella-jou Mystery Tour (Japan).zip	RETROARCH	gambatte_libretro.so
PLAY	GAME BOY	TOM & JERRY (USA, EUROPE)	ROMS/GB/Tom & Jerry (USA, Europe).zip	RETROARCH	gambatte_libretro.so
PLAY	GAME BOY	TOM AND JERRY - FRANTIC ANTICS! (USA, EUROPE)	ROMS/GB/Tom and Jerry - Frantic Antics! (USA, Europe).zip	RETROARCH	gambatte_libretro.so
PLAY	GAME BOY	TOP GUN - GUTS & GLORY (USA, EUROPE)	ROMS/GB/Top Gun - Guts & Glory (USA, Europe).zip	RETROARCH	gambatte_libretro.so
PLAY	GAME BOY	TORPEDO RANGE (USA)	ROMS/GB/Torpedo Range (USA).zip	RETROARCH	gambatte_libretro.so
PLAY	GAME BOY	TOTAL CARNAGE (USA, EUROPE)	ROMS/GB/Total Carnage (USA, Europe).zip	RETROARCH	gambatte_libretro.so
PLAY	GAME BOY	TRUMP BOY (JAPAN)	ROMS/GB/Trump Boy (Japan).zip	RETROARCH	gambatte_libretro.so
PLAY	GAME BOY	TRUMP BOY II (JAPAN)	ROMS/GB/Trump Boy II (Japan).zip	RETROARCH	gambatte_libretro.so
PLAY	GAME BOY	ULTIMA - RUNES OF VIRTUE (USA)	ROMS/GB/Ultima - Runes of Virtue (USA).zip	RETROARCH	gambatte_libretro.so
PLAY	GAME BOY	ULTIMA - RUNES OF VIRTUE II (USA)	ROMS/GB/Ultima - Runes of Virtue II (USA).zip	RETROARCH	gambatte_libretro.so
PLAY	GAME BOY	ULTRAMAN (JAPAN)	ROMS/GB/Ultraman (Japan).zip	RETROARCH	gambatte_libretro.so
PLAY	GAME BOY	ULTRAMAN BALL (JAPAN) (TRANSLATED EN)	ROMS/GB/Ultraman Ball (Japan) (Translated En).zip	RETROARCH	gambatte_libretro.so
PLAY	GAME BOY	ULTRAMAN CHOU TOUSHI GEKIDEN (JAPAN)	ROMS/GB/Ultraman Chou Toushi Gekiden (Japan).zip	RETROARCH	gambatte_libretro.so
PLAY	GAME BOY	UNIVERSAL SOLDIER (USA, EUROPE)	ROMS/GB/Universal Soldier (USA, Europe).zip	RETROARCH	gambatte_libretro.so
PLAY	GAME BOY	UNO - SMALL WORLD (JAPAN)	ROMS/GB/Uno - Small World (Japan).zip	RETROARCH	gambatte_libretro.so
PLAY	GAME BOY	UNO 2 - SMALL WORLD (JAPAN)	ROMS/GB/Uno 2 - Small World (Japan).zip	RETROARCH	gambatte_libretro.so
PLAY	GAME BOY	URBAN STRIKE (USA, EUROPE)	ROMS/GB/Urban Strike (USA, Europe).zip	RETROARCH	gambatte_libretro.so
PLAY	GAME BOY	V-RALLY - CHAMPIONSHIP EDITION (EUROPE)	ROMS/GB/V-Rally - Championship Edition (Europe).zip	RETROARCH	gambatte_libretro.so
PLAY	GAME BOY	VATTLE GIUCE (JAPAN)	ROMS/GB/Vattle Giuce (Japan).zip	RETROARCH	gambatte_libretro.so
PLAY	GAME BOY	VEGAS STAKES (USA, EUROPE)	ROMS/GB/Vegas Stakes (USA, Europe).zip	RETROARCH	gambatte_libretro.so
PLAY	GAME BOY	VERSUS HERO - KAKUTOU OU E NO MICHI (JAPAN)	ROMS/GB/Versus Hero - Kakutou Ou e no Michi (Japan).zip	RETROARCH	gambatte_libretro.so
PLAY	GAME BOY	VEX BLOCK (ASIA) (UNL)	ROMS/GB/Vex Block (Asia) (Unl).zip	RETROARCH	gambatte_libretro.so
PLAY	GAME BOY	VOLLEY FIRE (JAPAN)	ROMS/GB/Volley Fire (Japan).zip	RETROARCH	gambatte_libretro.so
PLAY	GAME BOY	WIZARDRY GAIDEN 1 - JOOU NO JUNAN (JAPAN) (TRANSLATED EN)	ROMS/GB/Wizardry Gaiden 1 - Joou no Junan (Japan) (Translated En).zip	RETROARCH	gambatte_libretro.so
PLAY	GAME BOY	WIZARDRY GAIDEN 2 - KODAI KOUTEI NO NOROI (JAPAN) (TRANSLATED EN)	ROMS/GB/Wizardry Gaiden 2 - Kodai Koutei no Noroi (Japan) (Translated En).zip	RETROARCH	gambatte_libretro.so
PLAY	GAME BOY	WIZARDRY GAIDEN 3 - YAMI NO SEITEN (JAPAN) (TRANSLATED EN)	ROMS/GB/Wizardry Gaiden 3 - Yami no Seiten (Japan) (Translated En).zip	RETROARCH	gambatte_libretro.so
PLAY	GAME BOY	WIZARDS & WARRIORS CHAPTER X - THE FORTRESS OF FEAR (USA, EUROPE)	ROMS/GB/Wizards & Warriors Chapter X - The Fortress of Fear (USA, Europe).zip	RETROARCH	gambatte_libretro.so
PLAY	GAME BOY	WORDTRIS (USA)	ROMS/GB/Wordtris (USA).zip	RETROARCH	gambatte_libretro.so
PLAY	GAME BOY	WORDZAP (USA)	ROMS/GB/WordZap (USA).zip	RETROARCH	gambatte_libretro.so
PLAY	GAME BOY	WORLD BEACH VOLLEY - 1992 GB CUP (EUROPE)	ROMS/GB/World Beach Volley - 1992 GB Cup (Europe).zip	RETROARCH	gambatte_libretro.so
PLAY	GAME BOY	WORLD BOWLING (USA)	ROMS/GB/World Bowling (USA).zip	RETROARCH	gambatte_libretro.so
PLAY	GAME BOY	WORLD CIRCUIT SERIES (USA)	ROMS/GB/World Circuit Series (USA).zip	RETROARCH	gambatte_libretro.so
PLAY	GAME BOY	WORLD CUP 98 (USA, EUROPE)	ROMS/GB/World Cup 98 (USA, Europe).zip	RETROARCH	gambatte_libretro.so
PLAY	GAME BOY	WORLD CUP USA '94 (EUROPE)	ROMS/GB/World Cup USA '94 (Europe).zip	RETROARCH	gambatte_libretro.so
PLAY	GAME BOY	WORLD ICE HOCKEY (JAPAN)	ROMS/GB/World Ice Hockey (Japan).zip	RETROARCH	gambatte_libretro.so
PLAY	GAME BOY	WORM VISITOR (ASIA) (UNL)	ROMS/GB/Worm Visitor (Asia) (Unl).zip	RETROARCH	gambatte_libretro.so
PLAY	GAME BOY	WORMS (EUROPE)	ROMS/GB/Worms (Europe).zip	RETROARCH	gambatte_libretro.so
PLAY	GAME BOY	WWF KING OF THE RING (USA, EUROPE)	ROMS/GB/WWF King of the Ring (USA, Europe).zip	RETROARCH	gambatte_libretro.so
PLAY	GAME BOY	WWF RAW (USA, EUROPE)	ROMS/GB/WWF Raw (USA, Europe).zip	RETROARCH	gambatte_libretro.so
PLAY	GAME BOY	WWF WAR ZONE (USA, EUROPE)	ROMS/GB/WWF War Zone (USA, Europe).zip	RETROARCH	gambatte_libretro.so
PLAY	GAME BOY	XENON 2 - MEGABLAST (USA, EUROPE)	ROMS/GB/Xenon 2 - Megablast (USA, Europe).zip	RETROARCH	gambatte_libretro.so
PLAY	GAME BOY	XVII OLYMPIC WINTER GAMES, THE - LILLEHAMMER 1994 (USA)	ROMS/GB/XVII Olympic Winter Games, The - Lillehammer 1994 (USA).zip	RETROARCH	gambatte_libretro.so
PLAY	GAME BOY	YOGI BEAR IN YOGI BEAR'S GOLDRUSH (USA)	ROMS/GB/Yogi Bear in Yogi Bear's Goldrush (USA).zip	RETROARCH	gambatte_libretro.so
PLAY	GAME BOY	YUU YUU HAKUSHO (JAPAN)	ROMS/GB/Yuu Yuu Hakusho (Japan).zip	RETROARCH	gambatte_libretro.so
PLAY	GAME BOY	YUU YUU HAKUSHO DAI-2-DAN - ANKOKU BUJUTSUKAI (JAPAN)	ROMS/GB/Yuu Yuu Hakusho Dai-2-dan - Ankoku Bujutsukai (Japan).zip	RETROARCH	gambatte_libretro.so
PLAY	GAME BOY	YUU YUU HAKUSHO DAI-3-DAN - MAKAI NO TOBIRA HEN (JAPAN)	ROMS/GB/Yuu Yuu Hakusho Dai-3-Dan - Makai no Tobira Hen (Japan).zip	RETROARCH	gambatte_libretro.so
PLAY	GAME BOY	YUU YUU HAKUSHO DAI-4-DAN - MAKAI TOUITSU HEN (JAPAN)	ROMS/GB/Yuu Yuu Hakusho Dai-4-Dan - Makai Touitsu Hen (Japan).zip	RETROARCH	gambatte_libretro.so
PLAY	GAME BOY	ZEN - INTERGALACTIC NINJA (USA)	ROMS/GB/Zen - Intergalactic Ninja (USA).zip	RETROARCH	gambatte_libretro.so
PLAY	GAME BOY	ZEN-NIHON PRO WRESTLING JET (JAPAN)	ROMS/GB/Zen-Nihon Pro Wrestling Jet (Japan).zip	RETROARCH	gambatte_libretro.so
PLAY	GAME BOY	ZETTAI MUTEKI RAIJINOU (JAPAN) (TRANSLATED EN)	ROMS/GB/Zettai Muteki Raijinou (Japan) (Translated En).zip	RETROARCH	gambatte_libretro.so
PLAY	GAME BOY	ZIPBALL (ASIA) (UNL)	ROMS/GB/Zipball (Asia) (Unl).zip	RETROARCH	gambatte_libretro.so
PLAY	GAME BOY	ZOO BLOCK (ASIA) (UNL)	ROMS/GB/Zoo Block (Asia) (Unl).zip	RETROARCH	gambatte_libretro.so
PLAY	GAME BOY	ZOOL (USA)	ROMS/GB/Zool (USA).zip	RETROARCH	gambatte_libretro.so
PLAY	GAME BOY	ZOOP (USA, EUROPE)	ROMS/GB/Zoop (USA, Europe).zip	RETROARCH	gambatte_libretro.so
PLAY	GAME BOY ADVANCE	007 - EVERYTHING OR NOTHING (USA, EUROPE) (EN,FR,DE)	ROMS/GBA/007 - Everything or Nothing (USA, Europe) (En,Fr,De).zip	RETROARCH	mgba_libretro.so
PLAY	GAME BOY ADVANCE	007 - NIGHTFIRE (USA, EUROPE) (EN,FR,DE)	ROMS/GBA/007 - NightFire (USA, Europe) (En,Fr,De).zip	RETROARCH	mgba_libretro.so
PLAY	GAME BOY ADVANCE	ACE COMBAT ADVANCE (USA, EUROPE)	ROMS/GBA/Ace Combat Advance (USA, Europe).zip	RETROARCH	mgba_libretro.so
PLAY	GAME BOY ADVANCE	ACTIVISION ANTHOLOGY (USA)	ROMS/GBA/Activision Anthology (USA).zip	RETROARCH	mgba_libretro.so
PLAY	GAME BOY ADVANCE	ADVANCE GUARDIAN HEROES (USA)	ROMS/GBA/Advance Guardian Heroes (USA).zip	RETROARCH	mgba_libretro.so
PLAY	GAME BOY ADVANCE	ADVANCE WARS (USA) (REV 1)	ROMS/GBA/Advance Wars (USA) (Rev 1).zip	RETROARCH	mgba_libretro.so
PLAY	GAME BOY ADVANCE	ADVANCE WARS 2 - BLACK HOLE RISING (USA)	ROMS/GBA/Advance Wars 2 - Black Hole Rising (USA).zip	RETROARCH	mgba_libretro.so
PLAY	GAME BOY ADVANCE	AIRFORCE DELTA STORM (USA) (EN,JA,FR,DE)	ROMS/GBA/AirForce Delta Storm (USA) (En,Ja,Fr,De).zip	RETROARCH	mgba_libretro.so
PLAY	GAME BOY ADVANCE	ALIEN HOMINID (EUROPE) (EN,FR,DE,ES,IT)	ROMS/GBA/Alien Hominid (Europe) (En,Fr,De,Es,It).zip	RETROARCH	mgba_libretro.so
PLAY	GAME BOY ADVANCE	ALTERED BEAST - GUARDIAN OF THE REALMS (USA)	ROMS/GBA/Altered Beast - Guardian of the Realms (USA).zip	RETROARCH	mgba_libretro.so
PLAY	GAME BOY ADVANCE	ARMY MEN - OPERATION GREEN (USA, EUROPE) (EN,FR,DE,ES,IT)	ROMS/GBA/Army Men - Operation Green (USA, Europe) (En,Fr,De,Es,It).zip	RETROARCH	mgba_libretro.so
PLAY	GAME BOY ADVANCE	ARMY MEN - TURF WARS (USA)	ROMS/GBA/Army Men - Turf Wars (USA).zip	RETROARCH	mgba_libretro.so
PLAY	GAME BOY ADVANCE	ARMY MEN ADVANCE (USA, EUROPE) (EN,FR,DE,ES,IT)	ROMS/GBA/Army Men Advance (USA, Europe) (En,Fr,De,Es,It).zip	RETROARCH	mgba_libretro.so
PLAY	GAME BOY ADVANCE	ASTRO BOY - OMEGA FACTOR (USA) (EN,JA,FR,DE,ES,IT)	ROMS/GBA/Astro Boy - Omega Factor (USA) (En,Ja,Fr,De,Es,It).zip	RETROARCH	mgba_libretro.so
PLAY	GAME BOY ADVANCE	ATARI ANNIVERSARY ADVANCE (USA)	ROMS/GBA/Atari Anniversary Advance (USA).zip	RETROARCH	mgba_libretro.so
PLAY	GAME BOY ADVANCE	BALDUR'S GATE - DARK ALLIANCE (USA)	ROMS/GBA/Baldur's Gate - Dark Alliance (USA).zip	RETROARCH	mgba_libretro.so
PLAY	GAME BOY ADVANCE	BANJO-KAZOOIE - GRUNTY'S REVENGE (USA, EUROPE)	ROMS/GBA/Banjo-Kazooie - Grunty's Revenge (USA, Europe).zip	RETROARCH	mgba_libretro.so
PLAY	GAME BOY ADVANCE	BATMAN - RISE OF SIN TZU (USA) (EN,FR,ES)	ROMS/GBA/Batman - Rise of Sin Tzu (USA) (En,Fr,Es).zip	RETROARCH	mgba_libretro.so
PLAY	GAME BOY ADVANCE	BATMAN - VENGEANCE (USA) (EN,FR,ES)	ROMS/GBA/Batman - Vengeance (USA) (En,Fr,Es).zip	RETROARCH	mgba_libretro.so
PLAY	GAME BOY ADVANCE	BATMAN BEGINS (USA, EUROPE) (EN,FR,DE,ES,IT,NL)	ROMS/GBA/Batman Begins (USA, Europe) (En,Fr,De,Es,It,Nl).zip	RETROARCH	mgba_libretro.so
PLAY	GAME BOY ADVANCE	BIG MUTHA TRUCKERS (USA)	ROMS/GBA/Big Mutha Truckers (USA).zip	RETROARCH	mgba_libretro.so
PLAY	GAME BOY ADVANCE	BLADES OF THUNDER (USA)	ROMS/GBA/Blades of Thunder (USA).zip	RETROARCH	mgba_libretro.so
PLAY	GAME BOY ADVANCE	BOULDER DASH EX (USA)	ROMS/GBA/Boulder Dash EX (USA).zip	RETROARCH	mgba_libretro.so
PLAY	GAME BOY ADVANCE	BRUCE LEE - RETURN OF THE LEGEND (USA)	ROMS/GBA/Bruce Lee - Return of the Legend (USA).zip	RETROARCH	mgba_libretro.so
PLAY	GAME BOY ADVANCE	CAPCOM CLASSICS MINI MIX (USA)	ROMS/GBA/Capcom Classics Mini Mix (USA).zip	RETROARCH	mgba_libretro.so
PLAY	GAME BOY ADVANCE	CASTLEVANIA - ARIA OF SORROW (USA)	ROMS/GBA/Castlevania - Aria of Sorrow (USA).zip	RETROARCH	mgba_libretro.so
PLAY	GAME BOY ADVANCE	CASTLEVANIA - CIRCLE OF THE MOON (USA)	ROMS/GBA/Castlevania - Circle of the Moon (USA).zip	RETROARCH	mgba_libretro.so
PLAY	GAME BOY ADVANCE	CASTLEVANIA - HARMONY OF DISSONANCE (USA)	ROMS/GBA/Castlevania - Harmony of Dissonance (USA).zip	RETROARCH	mgba_libretro.so
PLAY	GAME BOY ADVANCE	COLUMNS CROWN (USA)	ROMS/GBA/Columns Crown (USA).zip	RETROARCH	mgba_libretro.so
PLAY	GAME BOY ADVANCE	CONTRA ADVANCE - THE ALIEN WARS EX (USA)	ROMS/GBA/Contra Advance - The Alien Wars EX (USA).zip	RETROARCH	mgba_libretro.so
PLAY	GAME BOY ADVANCE	CRASH & SPYRO SUPER PACK VOLUME 1 (EUROPE) (EN,FR,DE,ES,IT,NL)	ROMS/GBA/Crash & Spyro Super Pack Volume 1 (Europe) (En,Fr,De,Es,It,Nl).zip	RETROARCH	mgba_libretro.so
PLAY	GAME BOY ADVANCE	CRASH & SPYRO SUPER PACK VOLUME 2 (EUROPE) (EN,FR,DE,ES,IT,NL)	ROMS/GBA/Crash & Spyro Super Pack Volume 2 (Europe) (En,Fr,De,Es,It,Nl).zip	RETROARCH	mgba_libretro.so
PLAY	GAME BOY ADVANCE	CRASH & SPYRO SUPERPACK - SPYRO - SEASON OF ICE + CRASH BANDICOOT - THE HUGE ADVENTURE (USA)	ROMS/GBA/Crash & Spyro Superpack - Spyro - Season of Ice + Crash Bandicoot - The Huge Adventure (USA).zip	RETROARCH	mgba_libretro.so
PLAY	GAME BOY ADVANCE	CRASH BANDICOOT - THE HUGE ADVENTURE (USA)	ROMS/GBA/Crash Bandicoot - The Huge Adventure (USA).zip	RETROARCH	mgba_libretro.so
PLAY	GAME BOY ADVANCE	CRASH BANDICOOT 2 - N-TRANCED (USA)	ROMS/GBA/Crash Bandicoot 2 - N-Tranced (USA).zip	RETROARCH	mgba_libretro.so
PLAY	GAME BOY ADVANCE	CRASH BANDICOOT PURPLE - RIPTO'S RAMPAGE (USA)	ROMS/GBA/Crash Bandicoot Purple - Ripto's Rampage (USA).zip	RETROARCH	mgba_libretro.so
PLAY	GAME BOY ADVANCE	CRASH NITRO KART (USA)	ROMS/GBA/Crash Nitro Kart (USA).zip	RETROARCH	mgba_libretro.so
PLAY	GAME BOY ADVANCE	CRASH OF THE TITANS (USA) (EN,FR)	ROMS/GBA/Crash of the Titans (USA) (En,Fr).zip	RETROARCH	mgba_libretro.so
PLAY	GAME BOY ADVANCE	CRUIS'N VELOCITY (USA, EUROPE)	ROMS/GBA/Cruis'n Velocity (USA, Europe).zip	RETROARCH	mgba_libretro.so
PLAY	GAME BOY ADVANCE	DEAD TO RIGHTS (USA)	ROMS/GBA/Dead to Rights (USA).zip	RETROARCH	mgba_libretro.so
PLAY	GAME BOY ADVANCE	DEFENDER (USA)	ROMS/GBA/Defender (USA).zip	RETROARCH	mgba_libretro.so
PLAY	GAME BOY ADVANCE	DEFENDER OF THE CROWN (USA)	ROMS/GBA/Defender of the Crown (USA).zip	RETROARCH	mgba_libretro.so
PLAY	GAME BOY ADVANCE	DRILL DOZER (USA)	ROMS/GBA/Drill Dozer (USA).zip	RETROARCH	mgba_libretro.so
PLAY	GAME BOY ADVANCE	F-ZERO - GP LEGEND (USA)	ROMS/GBA/F-Zero - GP Legend (USA).zip	RETROARCH	mgba_libretro.so
PLAY	GAME BOY ADVANCE	F-ZERO - MAXIMUM VELOCITY (USA, EUROPE)	ROMS/GBA/F-Zero - Maximum Velocity (USA, Europe).zip	RETROARCH	mgba_libretro.so
PLAY	GAME BOY ADVANCE	FINAL FANTASY I & II - DAWN OF SOULS (USA, AUSTRALIA)	ROMS/GBA/Final Fantasy I & II - Dawn of Souls (USA, Australia).zip	RETROARCH	mgba_libretro.so
PLAY	GAME BOY ADVANCE	FINAL FANTASY IV ADVANCE (USA, AUSTRALIA)	ROMS/GBA/Final Fantasy IV Advance (USA, Australia).zip	RETROARCH	mgba_libretro.so
PLAY	GAME BOY ADVANCE	FINAL FANTASY TACTICS ADVANCE (USA, AUSTRALIA)	ROMS/GBA/Final Fantasy Tactics Advance (USA, Australia).zip	RETROARCH	mgba_libretro.so
PLAY	GAME BOY ADVANCE	FINAL FANTASY V ADVANCE (USA)	ROMS/GBA/Final Fantasy V Advance (USA).zip	RETROARCH	mgba_libretro.so
PLAY	GAME BOY ADVANCE	FINAL FIGHT ONE (USA)	ROMS/GBA/Final Fight One (USA).zip	RETROARCH	mgba_libretro.so
PLAY	GAME BOY ADVANCE	FIRE EMBLEM (USA, AUSTRALIA)	ROMS/GBA/Fire Emblem (USA, Australia).zip	RETROARCH	mgba_libretro.so
PLAY	GAME BOY ADVANCE	FIRE EMBLEM - THE SACRED STONES (USA, AUSTRALIA)	ROMS/GBA/Fire Emblem - The Sacred Stones (USA, Australia).zip	RETROARCH	mgba_libretro.so
PLAY	GAME BOY ADVANCE	FIRE PRO WRESTLING (USA, EUROPE)	ROMS/GBA/Fire Pro Wrestling (USA, Europe).zip	RETROARCH	mgba_libretro.so
PLAY	GAME BOY ADVANCE	FIRE PRO WRESTLING 2 (USA)	ROMS/GBA/Fire Pro Wrestling 2 (USA).zip	RETROARCH	mgba_libretro.so
PLAY	GAME BOY ADVANCE	GAUNTLET - DARK LEGACY (USA)	ROMS/GBA/Gauntlet - Dark Legacy (USA).zip	RETROARCH	mgba_libretro.so
PLAY	GAME BOY ADVANCE	GODZILLA - DOMINATION! (USA)	ROMS/GBA/Godzilla - Domination! (USA).zip	RETROARCH	mgba_libretro.so
PLAY	GAME BOY ADVANCE	GOLDEN SUN (USA, EUROPE)	ROMS/GBA/Golden Sun (USA, Europe).zip	RETROARCH	mgba_libretro.so
PLAY	GAME BOY ADVANCE	GOLDEN SUN - THE LOST AGE (USA, EUROPE)	ROMS/GBA/Golden Sun - The Lost Age (USA, Europe).zip	RETROARCH	mgba_libretro.so
PLAY	GAME BOY ADVANCE	GRADIUS GALAXIES (USA)	ROMS/GBA/Gradius Galaxies (USA).zip	RETROARCH	mgba_libretro.so
PLAY	GAME BOY ADVANCE	GUNSTAR SUPER HEROES (USA)	ROMS/GBA/Gunstar Super Heroes (USA).zip	RETROARCH	mgba_libretro.so
PLAY	GAME BOY ADVANCE	HARVEST MOON - FRIENDS OF MINERAL TOWN (USA)	ROMS/GBA/Harvest Moon - Friends of Mineral Town (USA).zip	RETROARCH	mgba_libretro.so
PLAY	GAME BOY ADVANCE	HARVEST MOON - MORE FRIENDS OF MINERAL TOWN (USA)	ROMS/GBA/Harvest Moon - More Friends of Mineral Town (USA).zip	RETROARCH	mgba_libretro.so
PLAY	GAME BOY ADVANCE	INCREDIBLE HULK, THE (USA)	ROMS/GBA/Incredible Hulk, The (USA).zip	RETROARCH	mgba_libretro.so
PLAY	GAME BOY ADVANCE	INTERNATIONAL KARATE PLUS (USA)	ROMS/GBA/International Karate Plus (USA).zip	RETROARCH	mgba_libretro.so
PLAY	GAME BOY ADVANCE	INTERNATIONAL SUPERSTAR SOCCER (EUROPE)	ROMS/GBA/International Superstar Soccer (Europe).zip	RETROARCH	mgba_libretro.so
PLAY	GAME BOY ADVANCE	INVINCIBLE IRON MAN, THE (USA, EUROPE)	ROMS/GBA/Invincible Iron Man, The (USA, Europe).zip	RETROARCH	mgba_libretro.so
PLAY	GAME BOY ADVANCE	JUSTICE LEAGUE CHRONICLES (USA)	ROMS/GBA/Justice League Chronicles (USA).zip	RETROARCH	mgba_libretro.so
PLAY	GAME BOY ADVANCE	KIRBY & THE AMAZING MIRROR (USA)	ROMS/GBA/Kirby & the Amazing Mirror (USA).zip	RETROARCH	mgba_libretro.so
PLAY	GAME BOY ADVANCE	KIRBY - NIGHTMARE IN DREAM LAND (USA)	ROMS/GBA/Kirby - Nightmare in Dream Land (USA).zip	RETROARCH	mgba_libretro.so
PLAY	GAME BOY ADVANCE	KONAMI COLLECTOR'S SERIES - ARCADE ADVANCED (USA)	ROMS/GBA/Konami Collector's Series - Arcade Advanced (USA).zip	RETROARCH	mgba_libretro.so
PLAY	GAME BOY ADVANCE	KONAMI KRAZY RACERS (USA)	ROMS/GBA/Konami Krazy Racers (USA).zip	RETROARCH	mgba_libretro.so
PLAY	GAME BOY ADVANCE	LARA CROFT TOMB RAIDER - LEGEND (USA) (EN,FR,DE,ES,IT)	ROMS/GBA/Lara Croft Tomb Raider - Legend (USA) (En,Fr,De,Es,It).zip	RETROARCH	mgba_libretro.so
PLAY	GAME BOY ADVANCE	LARA CROFT TOMB RAIDER - THE PROPHECY (USA) (EN,FR,DE,ES,IT)	ROMS/GBA/Lara Croft Tomb Raider - The Prophecy (USA) (En,Fr,De,Es,It).zip	RETROARCH	mgba_libretro.so
PLAY	GAME BOY ADVANCE	LEGEND OF SPYRO, THE - A NEW BEGINNING (USA)	ROMS/GBA/Legend of Spyro, The - A New Beginning (USA).zip	RETROARCH	mgba_libretro.so
PLAY	GAME BOY ADVANCE	LEGEND OF SPYRO, THE - THE ETERNAL NIGHT (USA) (EN,FR)	ROMS/GBA/Legend of Spyro, The - The Eternal Night (USA) (En,Fr).zip	RETROARCH	mgba_libretro.so
PLAY	GAME BOY ADVANCE	LEGEND OF ZELDA, THE - A LINK TO THE PAST & FOUR SWORDS (USA, AUSTRALIA)	ROMS/GBA/Legend of Zelda, The - A Link to the Past & Four Swords (USA, Australia).zip	RETROARCH	mgba_libretro.so
PLAY	GAME BOY ADVANCE	LEGEND OF ZELDA, THE - THE MINISH CAP (USA)	ROMS/GBA/Legend of Zelda, The - The Minish Cap (USA).zip	RETROARCH	mgba_libretro.so
PLAY	GAME BOY ADVANCE	LEGENDS OF WRESTLING II (USA, EUROPE)	ROMS/GBA/Legends of Wrestling II (USA, Europe).zip	RETROARCH	mgba_libretro.so
PLAY	GAME BOY ADVANCE	LOONEY TUNES - BACK IN ACTION (USA, EUROPE) (EN,FR,DE,ES,IT)	ROMS/GBA/Looney Tunes - Back in Action (USA, Europe) (En,Fr,De,Es,It).zip	RETROARCH	mgba_libretro.so
PLAY	GAME BOY ADVANCE	LORD OF THE RINGS, THE - THE FELLOWSHIP OF THE RING (USA)	ROMS/GBA/Lord of the Rings, The - The Fellowship of the Ring (USA).zip	RETROARCH	mgba_libretro.so
PLAY	GAME BOY ADVANCE	LORD OF THE RINGS, THE - THE RETURN OF THE KING (USA, EUROPE) (EN,FR,DE,ES,IT)	ROMS/GBA/Lord of the Rings, The - The Return of the King (USA, Europe) (En,Fr,De,Es,It).zip	RETROARCH	mgba_libretro.so
PLAY	GAME BOY ADVANCE	LORD OF THE RINGS, THE - THE THIRD AGE (USA, EUROPE) (EN,FR,DE,ES,IT)	ROMS/GBA/Lord of the Rings, The - The Third Age (USA, Europe) (En,Fr,De,Es,It).zip	RETROARCH	mgba_libretro.so
PLAY	GAME BOY ADVANCE	LORD OF THE RINGS, THE - THE TWO TOWERS (USA, EUROPE) (EN,FR,DE,ES,IT,NL)	ROMS/GBA/Lord of the Rings, The - The Two Towers (USA, Europe) (En,Fr,De,Es,It,Nl).zip	RETROARCH	mgba_libretro.so
PLAY	GAME BOY ADVANCE	LUFIA - THE RUINS OF LORE (USA)	ROMS/GBA/Lufia - The Ruins of Lore (USA).zip	RETROARCH	mgba_libretro.so
PLAY	GAME BOY ADVANCE	LUNAR LEGEND (USA)	ROMS/GBA/Lunar Legend (USA).zip	RETROARCH	mgba_libretro.so
PLAY	GAME BOY ADVANCE	MADDEN NFL 06 (USA)	ROMS/GBA/Madden NFL 06 (USA).zip	RETROARCH	mgba_libretro.so
PLAY	GAME BOY ADVANCE	MARVEL - ULTIMATE ALLIANCE (USA)	ROMS/GBA/Marvel - Ultimate Alliance (USA).zip	RETROARCH	mgba_libretro.so
PLAY	GAME BOY ADVANCE	MASTERS OF THE UNIVERSE HE-MAN - POWER OF GRAYSKULL (USA)	ROMS/GBA/Masters of the Universe He-Man - Power of Grayskull (USA).zip	RETROARCH	mgba_libretro.so
PLAY	GAME BOY ADVANCE	MEDAL OF HONOR - INFILTRATOR (USA, EUROPE) (EN,FR,DE)	ROMS/GBA/Medal of Honor - Infiltrator (USA, Europe) (En,Fr,De).zip	RETROARCH	mgba_libretro.so
PLAY	GAME BOY ADVANCE	MEDAL OF HONOR - UNDERGROUND (USA)	ROMS/GBA/Medal of Honor - Underground (USA).zip	RETROARCH	mgba_libretro.so
PLAY	GAME BOY ADVANCE	MEGA MAN & BASS (USA)	ROMS/GBA/Mega Man & Bass (USA).zip	RETROARCH	mgba_libretro.so
PLAY	GAME BOY ADVANCE	MEGA MAN BATTLE CHIP CHALLENGE (USA)	ROMS/GBA/Mega Man Battle Chip Challenge (USA).zip	RETROARCH	mgba_libretro.so
PLAY	GAME BOY ADVANCE	MEGA MAN BATTLE NETWORK (USA)	ROMS/GBA/Mega Man Battle Network (USA).zip	RETROARCH	mgba_libretro.so
PLAY	GAME BOY ADVANCE	MEGA MAN BATTLE NETWORK 2 (USA)	ROMS/GBA/Mega Man Battle Network 2 (USA).zip	RETROARCH	mgba_libretro.so
PLAY	GAME BOY ADVANCE	MEGA MAN BATTLE NETWORK 3 - BLUE VERSION (USA)	ROMS/GBA/Mega Man Battle Network 3 - Blue Version (USA).zip	RETROARCH	mgba_libretro.so
PLAY	GAME BOY ADVANCE	MEGA MAN BATTLE NETWORK 3 - WHITE VERSION (USA)	ROMS/GBA/Mega Man Battle Network 3 - White Version (USA).zip	RETROARCH	mgba_libretro.so
PLAY	GAME BOY ADVANCE	MEGA MAN BATTLE NETWORK 4 - BLUE MOON (USA)	ROMS/GBA/Mega Man Battle Network 4 - Blue Moon (USA).zip	RETROARCH	mgba_libretro.so
PLAY	GAME BOY ADVANCE	MEGA MAN BATTLE NETWORK 4 - RED SUN (USA)	ROMS/GBA/Mega Man Battle Network 4 - Red Sun (USA).zip	RETROARCH	mgba_libretro.so
PLAY	GAME BOY ADVANCE	MEGA MAN BATTLE NETWORK 5 - TEAM COLONEL (USA)	ROMS/GBA/Mega Man Battle Network 5 - Team Colonel (USA).zip	RETROARCH	mgba_libretro.so
PLAY	GAME BOY ADVANCE	MEGA MAN BATTLE NETWORK 5 - TEAM PROTO MAN (USA)	ROMS/GBA/Mega Man Battle Network 5 - Team Proto Man (USA).zip	RETROARCH	mgba_libretro.so
PLAY	GAME BOY ADVANCE	MEGA MAN BATTLE NETWORK 6 - CYBEAST FALZAR (USA)	ROMS/GBA/Mega Man Battle Network 6 - Cybeast Falzar (USA).zip	RETROARCH	mgba_libretro.so
PLAY	GAME BOY ADVANCE	MEGA MAN BATTLE NETWORK 6 - CYBEAST GREGAR (USA)	ROMS/GBA/Mega Man Battle Network 6 - Cybeast Gregar (USA).zip	RETROARCH	mgba_libretro.so
PLAY	GAME BOY ADVANCE	MEGA MAN ZERO (USA, EUROPE)	ROMS/GBA/Mega Man Zero (USA, Europe).zip	RETROARCH	mgba_libretro.so
PLAY	GAME BOY ADVANCE	MEGA MAN ZERO 2 (USA)	ROMS/GBA/Mega Man Zero 2 (USA).zip	RETROARCH	mgba_libretro.so
PLAY	GAME BOY ADVANCE	MEGA MAN ZERO 3 (USA)	ROMS/GBA/Mega Man Zero 3 (USA).zip	RETROARCH	mgba_libretro.so
PLAY	GAME BOY ADVANCE	MEGA MAN ZERO 4 (USA)	ROMS/GBA/Mega Man Zero 4 (USA).zip	RETROARCH	mgba_libretro.so
PLAY	GAME BOY ADVANCE	METROID - ZERO MISSION (USA)	ROMS/GBA/Metroid - Zero Mission (USA).zip	RETROARCH	mgba_libretro.so
PLAY	GAME BOY ADVANCE	METROID FUSION (USA, AUSTRALIA)	ROMS/GBA/Metroid Fusion (USA, Australia).zip	RETROARCH	mgba_libretro.so
PLAY	GAME BOY ADVANCE	MORTAL KOMBAT - DEADLY ALLIANCE (USA) (EN,FR,DE,ES,IT)	ROMS/GBA/Mortal Kombat - Deadly Alliance (USA) (En,Fr,De,Es,It).zip	RETROARCH	mgba_libretro.so
PLAY	GAME BOY ADVANCE	MORTAL KOMBAT - TOURNAMENT EDITION (USA) (EN,FR,DE,ES,IT)	ROMS/GBA/Mortal Kombat - Tournament Edition (USA) (En,Fr,De,Es,It).zip	RETROARCH	mgba_libretro.so
PLAY	GAME BOY ADVANCE	MOTHER 3 (ENGLISH V1.3) (JAPAN)	ROMS/GBA/Mother 3 (English v1.3) (Japan).zip	RETROARCH	mgba_libretro.so
PLAY	GAME BOY ADVANCE	MR. DRILLER 2 (USA)	ROMS/GBA/Mr. Driller 2 (USA).zip	RETROARCH	mgba_libretro.so
PLAY	GAME BOY ADVANCE	MS. PAC-MAN - MAZE MADNESS (USA)	ROMS/GBA/Ms. Pac-Man - Maze Madness (USA).zip	RETROARCH	mgba_libretro.so
PLAY	GAME BOY ADVANCE	NAMCO MUSEUM (USA)	ROMS/GBA/Namco Museum (USA).zip	RETROARCH	mgba_libretro.so
PLAY	GAME BOY ADVANCE	NAMCO MUSEUM - 50TH ANNIVERSARY (USA)	ROMS/GBA/Namco Museum - 50th Anniversary (USA).zip	RETROARCH	mgba_libretro.so
PLAY	GAME BOY ADVANCE	NEED FOR SPEED - MOST WANTED (USA, EUROPE) (EN,FR,DE,IT)	ROMS/GBA/Need for Speed - Most Wanted (USA, Europe) (En,Fr,De,It).zip	RETROARCH	mgba_libretro.so
PLAY	GAME BOY ADVANCE	NEED FOR SPEED - PORSCHE UNLEASHED (USA)	ROMS/GBA/Need for Speed - Porsche Unleashed (USA).zip	RETROARCH	mgba_libretro.so
PLAY	GAME BOY ADVANCE	NEED FOR SPEED - UNDERGROUND (USA, EUROPE) (EN,FR,DE,IT)	ROMS/GBA/Need for Speed - Underground (USA, Europe) (En,Fr,De,It).zip	RETROARCH	mgba_libretro.so
PLAY	GAME BOY ADVANCE	NEED FOR SPEED - UNDERGROUND 2 (USA, EUROPE) (EN,FR,DE,IT)	ROMS/GBA/Need for Speed - Underground 2 (USA, Europe) (En,Fr,De,It).zip	RETROARCH	mgba_libretro.so
PLAY	GAME BOY ADVANCE	NEED FOR SPEED CARBON - OWN THE CITY (USA, EUROPE) (EN,FR,DE,ES,IT)	ROMS/GBA/Need for Speed Carbon - Own the City (USA, Europe) (En,Fr,De,Es,It).zip	RETROARCH	mgba_libretro.so
PLAY	GAME BOY ADVANCE	NFL BLITZ 20-02 (USA)	ROMS/GBA/NFL Blitz 20-02 (USA).zip	RETROARCH	mgba_libretro.so
PLAY	GAME BOY ADVANCE	NHL HITZ 20-03 (USA)	ROMS/GBA/NHL Hitz 20-03 (USA).zip	RETROARCH	mgba_libretro.so
PLAY	GAME BOY ADVANCE	ODDWORLD - MUNCH'S ODDYSEE (USA, EUROPE)	ROMS/GBA/Oddworld - Munch's Oddysee (USA, Europe).zip	RETROARCH	mgba_libretro.so
PLAY	GAME BOY ADVANCE	ONIMUSHA TACTICS (USA)	ROMS/GBA/Onimusha Tactics (USA).zip	RETROARCH	mgba_libretro.so
PLAY	GAME BOY ADVANCE	OPERATION ARMORED LIBERTY (USA)	ROMS/GBA/Operation Armored Liberty (USA).zip	RETROARCH	mgba_libretro.so
PLAY	GAME BOY ADVANCE	PAC-MAN COLLECTION (USA)	ROMS/GBA/Pac-Man Collection (USA).zip	RETROARCH	mgba_libretro.so
PLAY	GAME BOY ADVANCE	PAC-MAN WORLD (USA)	ROMS/GBA/Pac-Man World (USA).zip	RETROARCH	mgba_libretro.so
PLAY	GAME BOY ADVANCE	PAC-MAN WORLD 2 (USA)	ROMS/GBA/Pac-Man World 2 (USA).zip	RETROARCH	mgba_libretro.so
PLAY	GAME BOY ADVANCE	PITFALL - THE LOST EXPEDITION (USA)	ROMS/GBA/Pitfall - The Lost Expedition (USA).zip	RETROARCH	mgba_libretro.so
PLAY	GAME BOY ADVANCE	PITFALL - THE MAYAN ADVENTURE (USA, EUROPE)	ROMS/GBA/Pitfall - The Mayan Adventure (USA, Europe).zip	RETROARCH	mgba_libretro.so
PLAY	GAME BOY ADVANCE	POKEMON - EMERALD VERSION (USA, EUROPE)	ROMS/GBA/Pokemon - Emerald Version (USA, Europe).zip	RETROARCH	mgba_libretro.so
PLAY	GAME BOY ADVANCE	POKEMON - FIRERED VERSION (USA, EUROPE) (REV 1)	ROMS/GBA/Pokemon - FireRed Version (USA, Europe) (Rev 1).zip	RETROARCH	mgba_libretro.so
PLAY	GAME BOY ADVANCE	POKEMON - LEAFGREEN VERSION (USA, EUROPE) (REV 1)	ROMS/GBA/Pokemon - LeafGreen Version (USA, Europe) (Rev 1).zip	RETROARCH	mgba_libretro.so
PLAY	GAME BOY ADVANCE	POKEMON - RUBY VERSION (USA, EUROPE) (REV 2)	ROMS/GBA/Pokemon - Ruby Version (USA, Europe) (Rev 2).zip	RETROARCH	mgba_libretro.so
PLAY	GAME BOY ADVANCE	POKEMON - SAPPHIRE VERSION (USA, EUROPE) (REV 2)	ROMS/GBA/Pokemon - Sapphire Version (USA, Europe) (Rev 2).zip	RETROARCH	mgba_libretro.so
PLAY	GAME BOY ADVANCE	POPEYE - RUSH FOR SPINACH (USA, EUROPE) (EN,FR,DE,ES,IT)	ROMS/GBA/Popeye - Rush for Spinach (USA, Europe) (En,Fr,De,Es,It).zip	RETROARCH	mgba_libretro.so
PLAY	GAME BOY ADVANCE	POWER RANGERS - DINO THUNDER (USA, EUROPE)	ROMS/GBA/Power Rangers - Dino Thunder (USA, Europe).zip	RETROARCH	mgba_libretro.so
PLAY	GAME BOY ADVANCE	POWER RANGERS - NINJA STORM (USA)	ROMS/GBA/Power Rangers - Ninja Storm (USA).zip	RETROARCH	mgba_libretro.so
PLAY	GAME BOY ADVANCE	POWER RANGERS - TIME FORCE (USA, EUROPE)	ROMS/GBA/Power Rangers - Time Force (USA, Europe).zip	RETROARCH	mgba_libretro.so
PLAY	GAME BOY ADVANCE	POWER RANGERS - WILD FORCE (USA, EUROPE)	ROMS/GBA/Power Rangers - Wild Force (USA, Europe).zip	RETROARCH	mgba_libretro.so
PLAY	GAME BOY ADVANCE	POWER RANGERS S.P.D. (USA, EUROPE)	ROMS/GBA/Power Rangers S.P.D. (USA, Europe).zip	RETROARCH	mgba_libretro.so
PLAY	GAME BOY ADVANCE	PRINCE OF PERSIA - THE SANDS OF TIME & LARA CROFT TOMB RAIDER - THE PROPHECY (EUROPE) (EN,FR,DE,ES,IT,NL+EN,FR,DE,ES,IT)	ROMS/GBA/Prince of Persia - The Sands of Time & Lara Croft Tomb Raider - The Prophecy (Europe) (En,Fr,De,Es,It,Nl+En,Fr,De,Es,It).zip	RETROARCH	mgba_libretro.so
PLAY	GAME BOY ADVANCE	RAMPAGE - PUZZLE ATTACK (USA, EUROPE)	ROMS/GBA/Rampage - Puzzle Attack (USA, Europe).zip	RETROARCH	mgba_libretro.so
PLAY	GAME BOY ADVANCE	RATATOUILLE (USA)	ROMS/GBA/Ratatouille (USA).zip	RETROARCH	mgba_libretro.so
PLAY	GAME BOY ADVANCE	RAYMAN - 10TH ANNIVERSARY (USA) (EN,FR,DE,ES,IT)	ROMS/GBA/Rayman - 10th Anniversary (USA) (En,Fr,De,Es,It).zip	RETROARCH	mgba_libretro.so
PLAY	GAME BOY ADVANCE	RAYMAN - HOODLUM'S REVENGE (USA) (EN,FR,ES)	ROMS/GBA/Rayman - Hoodlum's Revenge (USA) (En,Fr,Es).zip	RETROARCH	mgba_libretro.so
PLAY	GAME BOY ADVANCE	RAYMAN - RAVING RABBIDS (USA) (EN,FR,ES)	ROMS/GBA/Rayman - Raving Rabbids (USA) (En,Fr,Es).zip	RETROARCH	mgba_libretro.so
PLAY	GAME BOY ADVANCE	RAYMAN 3 (USA) (EN,FR,ES)	ROMS/GBA/Rayman 3 (USA) (En,Fr,Es).zip	RETROARCH	mgba_libretro.so
PLAY	GAME BOY ADVANCE	RAYMAN ADVANCE (USA) (EN,FR,DE,ES,IT)	ROMS/GBA/Rayman Advance (USA) (En,Fr,De,Es,It).zip	RETROARCH	mgba_libretro.so
PLAY	GAME BOY ADVANCE	RAYMAN IV (USA) (UNL)	ROMS/GBA/Rayman IV (USA) (Unl).zip	RETROARCH	mgba_libretro.so
PLAY	GAME BOY ADVANCE	RHYTHM TENGOKU (JAPAN) (REV 1)	ROMS/GBA/Rhythm Tengoku (Japan) (Rev 1).zip	RETROARCH	mgba_libretro.so
PLAY	GAME BOY ADVANCE	ROAD RASH - JAILBREAK (USA)	ROMS/GBA/Road Rash - Jailbreak (USA).zip	RETROARCH	mgba_libretro.so
PLAY	GAME BOY ADVANCE	ROBOTECH - THE MACROSS SAGA (USA, EUROPE) (EN,FR,DE,ES,IT,NL)	ROMS/GBA/Robotech - The Macross Saga (USA, Europe) (En,Fr,De,Es,It,Nl).zip	RETROARCH	mgba_libretro.so
PLAY	GAME BOY ADVANCE	ROCKY (USA) (EN,FR,DE,ES,IT)	ROMS/GBA/Rocky (USA) (En,Fr,De,Es,It).zip	RETROARCH	mgba_libretro.so
PLAY	GAME BOY ADVANCE	SHINING FORCE - RESURRECTION OF THE DARK DRAGON (USA)	ROMS/GBA/Shining Force - Resurrection of the Dark Dragon (USA).zip	RETROARCH	mgba_libretro.so
PLAY	GAME BOY ADVANCE	SHINING SOUL (USA)	ROMS/GBA/Shining Soul (USA).zip	RETROARCH	mgba_libretro.so
PLAY	GAME BOY ADVANCE	SHINING SOUL II (USA)	ROMS/GBA/Shining Soul II (USA).zip	RETROARCH	mgba_libretro.so
PLAY	GAME BOY ADVANCE	SIM CITY 2000 (USA)	ROMS/GBA/Sim City 2000 (USA).zip	RETROARCH	mgba_libretro.so
PLAY	GAME BOY ADVANCE	SIMPSONS, THE - ROAD RAGE (USA, EUROPE)	ROMS/GBA/Simpsons, The - Road Rage (USA, Europe).zip	RETROARCH	mgba_libretro.so
PLAY	GAME BOY ADVANCE	SK8 - TONY HAWK'S PRO SKATER 2 (JAPAN)	ROMS/GBA/SK8 - Tony Hawk's Pro Skater 2 (Japan).zip	RETROARCH	mgba_libretro.so
PLAY	GAME BOY ADVANCE	SPACE INVADERS (USA, EUROPE)	ROMS/GBA/Space Invaders (USA, Europe).zip	RETROARCH	mgba_libretro.so
PLAY	GAME BOY ADVANCE	SPEEDBALL 2 - BRUTAL DELUXE (EUROPE) (EN,FR,DE,ES,IT)	ROMS/GBA/Speedball 2 - Brutal Deluxe (Europe) (En,Fr,De,Es,It).zip	RETROARCH	mgba_libretro.so
PLAY	GAME BOY ADVANCE	SPIDER-MAN (USA, EUROPE)	ROMS/GBA/Spider-Man (USA, Europe).zip	RETROARCH	mgba_libretro.so
PLAY	GAME BOY ADVANCE	SPIDER-MAN - BATTLE FOR NEW YORK (USA)	ROMS/GBA/Spider-Man - Battle for New York (USA).zip	RETROARCH	mgba_libretro.so
PLAY	GAME BOY ADVANCE	SPIDER-MAN - MYSTERIO'S MENACE (USA, EUROPE)	ROMS/GBA/Spider-Man - Mysterio's Menace (USA, Europe).zip	RETROARCH	mgba_libretro.so
PLAY	GAME BOY ADVANCE	SPIDER-MAN 2 (USA, EUROPE)	ROMS/GBA/Spider-Man 2 (USA, Europe).zip	RETROARCH	mgba_libretro.so
PLAY	GAME BOY ADVANCE	SPIDER-MAN 3 (USA)	ROMS/GBA/Spider-Man 3 (USA).zip	RETROARCH	mgba_libretro.so
PLAY	GAME BOY ADVANCE	SPONGEBOB SQUAREPANTS - BATTLE FOR BIKINI BOTTOM (USA)	ROMS/GBA/SpongeBob SquarePants - Battle for Bikini Bottom (USA).zip	RETROARCH	mgba_libretro.so
PLAY	GAME BOY ADVANCE	SPONGEBOB SQUAREPANTS - LIGHTS, CAMERA, PANTS! (USA)	ROMS/GBA/SpongeBob SquarePants - Lights, Camera, Pants! (USA).zip	RETROARCH	mgba_libretro.so
PLAY	GAME BOY ADVANCE	SPY HUNTER (USA) (EN,JA,FR,DE,ES)	ROMS/GBA/Spy Hunter (USA) (En,Ja,Fr,De,Es).zip	RETROARCH	mgba_libretro.so
PLAY	GAME BOY ADVANCE	SPYRO - ATTACK OF THE RHYNOCS (USA)	ROMS/GBA/Spyro - Attack of the Rhynocs (USA).zip	RETROARCH	mgba_libretro.so
PLAY	GAME BOY ADVANCE	SPYRO - SEASON OF ICE (USA)	ROMS/GBA/Spyro - Season of Ice (USA).zip	RETROARCH	mgba_libretro.so
PLAY	GAME BOY ADVANCE	SPYRO 2 - SEASON OF FLAME (USA)	ROMS/GBA/Spyro 2 - Season of Flame (USA).zip	RETROARCH	mgba_libretro.so
PLAY	GAME BOY ADVANCE	SPYRO ORANGE - THE CORTEX CONSPIRACY (USA)	ROMS/GBA/Spyro Orange - The Cortex Conspiracy (USA).zip	RETROARCH	mgba_libretro.so
PLAY	GAME BOY ADVANCE	SSX 3 (USA, EUROPE)	ROMS/GBA/SSX 3 (USA, Europe).zip	RETROARCH	mgba_libretro.so
PLAY	GAME BOY ADVANCE	SSX TRICKY (USA, EUROPE) (EN,FR,DE)	ROMS/GBA/SSX Tricky (USA, Europe) (En,Fr,De).zip	RETROARCH	mgba_libretro.so
PLAY	GAME BOY ADVANCE	STAR WARS - EPISODE II - ATTACK OF THE CLONES (USA)	ROMS/GBA/Star Wars - Episode II - Attack of the Clones (USA).zip	RETROARCH	mgba_libretro.so
PLAY	GAME BOY ADVANCE	STAR WARS - EPISODE III - REVENGE OF THE SITH (USA) (EN,FR,ES)	ROMS/GBA/Star Wars - Episode III - Revenge of the Sith (USA) (En,Fr,Es).zip	RETROARCH	mgba_libretro.so
PLAY	GAME BOY ADVANCE	STAR WARS - FLIGHT OF THE FALCON (USA)	ROMS/GBA/Star Wars - Flight of the Falcon (USA).zip	RETROARCH	mgba_libretro.so
PLAY	GAME BOY ADVANCE	STAR WARS - JEDI POWER BATTLES (USA)	ROMS/GBA/Star Wars - Jedi Power Battles (USA).zip	RETROARCH	mgba_libretro.so
PLAY	GAME BOY ADVANCE	STAR WARS - THE NEW DROID ARMY (USA)	ROMS/GBA/Star Wars - The New Droid Army (USA).zip	RETROARCH	mgba_libretro.so
PLAY	GAME BOY ADVANCE	STAR WARS TRILOGY - APPRENTICE OF THE FORCE (USA) (EN,FR,ES)	ROMS/GBA/Star Wars Trilogy - Apprentice of the Force (USA) (En,Fr,Es).zip	RETROARCH	mgba_libretro.so
PLAY	GAME BOY ADVANCE	STUNTMAN (USA) (EN,FR,ES)	ROMS/GBA/Stuntman (USA) (En,Fr,Es).zip	RETROARCH	mgba_libretro.so
PLAY	GAME BOY ADVANCE	SUPER CHINESE 1, 2 ADVANCE (JAPAN)	ROMS/GBA/Super Chinese 1, 2 Advance (Japan).zip	RETROARCH	mgba_libretro.so
PLAY	GAME BOY ADVANCE	SUPER DROPZONE - INTERGALACTIC RESCUE MISSION (USA)	ROMS/GBA/Super Dropzone - Intergalactic Rescue Mission (USA).zip	RETROARCH	mgba_libretro.so
PLAY	GAME BOY ADVANCE	SUPER MONKEY BALL JR. (USA)	ROMS/GBA/Super Monkey Ball Jr. (USA).zip	RETROARCH	mgba_libretro.so
PLAY	GAME BOY ADVANCE	SUPERMAN - COUNTDOWN TO APOKOLIPS (USA)	ROMS/GBA/Superman - Countdown to Apokolips (USA).zip	RETROARCH	mgba_libretro.so
PLAY	GAME BOY ADVANCE	SUPERMAN RETURNS - FORTRESS OF SOLITUDE (USA, EUROPE) (EN,FR,DE,ES,IT)	ROMS/GBA/Superman Returns - Fortress of Solitude (USA, Europe) (En,Fr,De,Es,It).zip	RETROARCH	mgba_libretro.so
PLAY	GAME BOY ADVANCE	SWORD OF MANA (USA, AUSTRALIA)	ROMS/GBA/Sword of Mana (USA, Australia).zip	RETROARCH	mgba_libretro.so
PLAY	GAME BOY ADVANCE	TACTICS OGRE - THE KNIGHT OF LODIS (USA)	ROMS/GBA/Tactics Ogre - The Knight of Lodis (USA).zip	RETROARCH	mgba_libretro.so
PLAY	GAME BOY ADVANCE	TEENAGE MUTANT NINJA TURTLES DOUBLE PACK (USA) (EN,FR,DE,ES,IT)	ROMS/GBA/Teenage Mutant Ninja Turtles Double Pack (USA) (En,Fr,De,Es,It).zip	RETROARCH	mgba_libretro.so
PLAY	GAME BOY ADVANCE	TEKKEN ADVANCE (USA)	ROMS/GBA/Tekken Advance (USA).zip	RETROARCH	mgba_libretro.so
PLAY	GAME BOY ADVANCE	TERMINATOR 3 - RISE OF THE MACHINES (USA)	ROMS/GBA/Terminator 3 - Rise of the Machines (USA).zip	RETROARCH	mgba_libretro.so
PLAY	GAME BOY ADVANCE	THREE-IN-ONE PACK - CONNECT FOUR + PERFECTION + TROUBLE (USA)	ROMS/GBA/Three-in-One Pack - Connect Four + Perfection + Trouble (USA).zip	RETROARCH	mgba_libretro.so
PLAY	GAME BOY ADVANCE	THREE-IN-ONE PACK - RISK + BATTLESHIP + CLUE (USA)	ROMS/GBA/Three-in-One Pack - Risk + Battleship + Clue (USA).zip	RETROARCH	mgba_libretro.so
PLAY	GAME BOY ADVANCE	THREE-IN-ONE PACK - SORRY! + AGGRAVATION + SCRABBLE JUNIOR (USA)	ROMS/GBA/Three-in-One Pack - Sorry! + Aggravation + Scrabble Junior (USA).zip	RETROARCH	mgba_libretro.so
PLAY	GAME BOY ADVANCE	TIGER WOODS PGA TOUR 2004 (USA, EUROPE)	ROMS/GBA/Tiger Woods PGA Tour 2004 (USA, Europe).zip	RETROARCH	mgba_libretro.so
PLAY	GAME BOY ADVANCE	TMNT (USA) (EN,FR,ES)	ROMS/GBA/TMNT (USA) (En,Fr,Es).zip	RETROARCH	mgba_libretro.so
PLAY	GAME BOY ADVANCE	TOM CLANCY'S SPLINTER CELL (USA) (EN,FR,ES)	ROMS/GBA/Tom Clancy's Splinter Cell (USA) (En,Fr,Es).zip	RETROARCH	mgba_libretro.so
PLAY	GAME BOY ADVANCE	TOM CLANCY'S SPLINTER CELL - PANDORA TOMORROW (USA) (EN,FR,ES)	ROMS/GBA/Tom Clancy's Splinter Cell - Pandora Tomorrow (USA) (En,Fr,Es).zip	RETROARCH	mgba_libretro.so
PLAY	GAME BOY ADVANCE	TONY HAWK'S AMERICAN SK8LAND (USA)	ROMS/GBA/Tony Hawk's American Sk8land (USA).zip	RETROARCH	mgba_libretro.so
PLAY	GAME BOY ADVANCE	TONY HAWK'S DOWNHILL JAM (USA)	ROMS/GBA/Tony Hawk's Downhill Jam (USA).zip	RETROARCH	mgba_libretro.so
PLAY	GAME BOY ADVANCE	TONY HAWK'S PRO SKATER 2 (USA, EUROPE)	ROMS/GBA/Tony Hawk's Pro Skater 2 (USA, Europe).zip	RETROARCH	mgba_libretro.so
PLAY	GAME BOY ADVANCE	TONY HAWK'S PRO SKATER 3 (USA, EUROPE)	ROMS/GBA/Tony Hawk's Pro Skater 3 (USA, Europe).zip	RETROARCH	mgba_libretro.so
PLAY	GAME BOY ADVANCE	TONY HAWK'S PRO SKATER 4 (USA, EUROPE)	ROMS/GBA/Tony Hawk's Pro Skater 4 (USA, Europe).zip	RETROARCH	mgba_libretro.so
PLAY	GAME BOY ADVANCE	TONY HAWK'S UNDERGROUND (USA, EUROPE)	ROMS/GBA/Tony Hawk's Underground (USA, Europe).zip	RETROARCH	mgba_libretro.so
PLAY	GAME BOY ADVANCE	TONY HAWK'S UNDERGROUND 2 (USA, EUROPE)	ROMS/GBA/Tony Hawk's Underground 2 (USA, Europe).zip	RETROARCH	mgba_libretro.so
PLAY	GAME BOY ADVANCE	TOP GUN - COMBAT ZONES (USA) (EN,FR,DE,ES,IT)	ROMS/GBA/Top Gun - Combat Zones (USA) (En,Fr,De,Es,It).zip	RETROARCH	mgba_libretro.so
PLAY	GAME BOY ADVANCE	TOP GUN - FIRESTORM ADVANCE (USA, EUROPE) (EN,FR,DE,ES,IT)	ROMS/GBA/Top Gun - Firestorm Advance (USA, Europe) (En,Fr,De,Es,It).zip	RETROARCH	mgba_libretro.so
PLAY	GAME BOY ADVANCE	TOP SPIN 2 (USA) (EN,FR,DE,ES,IT)	ROMS/GBA/Top Spin 2 (USA) (En,Fr,De,Es,It).zip	RETROARCH	mgba_libretro.so
PLAY	GAME BOY ADVANCE	TREASURE PLANET (USA)	ROMS/GBA/Treasure Planet (USA).zip	RETROARCH	mgba_libretro.so
PLAY	GAME BOY ADVANCE	TRON 2.0 - KILLER APP (USA)	ROMS/GBA/Tron 2.0 - Killer App (USA).zip	RETROARCH	mgba_libretro.so
PLAY	GAME BOY ADVANCE	TUROK EVOLUTION (USA)	ROMS/GBA/Turok Evolution (USA).zip	RETROARCH	mgba_libretro.so
PLAY	GAME BOY ADVANCE	ULTIMATE SPIDER-MAN (USA)	ROMS/GBA/Ultimate Spider-Man (USA).zip	RETROARCH	mgba_libretro.so
PLAY	GAME BOY ADVANCE	UNO 52 (USA)	ROMS/GBA/Uno 52 (USA).zip	RETROARCH	mgba_libretro.so
PLAY	GAME BOY ADVANCE	WARIO LAND 4 (USA, EUROPE)	ROMS/GBA/Wario Land 4 (USA, Europe).zip	RETROARCH	mgba_libretro.so
PLAY	GAME BOY ADVANCE	WARIOWARE - TWISTED! (USA, AUSTRALIA)	ROMS/GBA/WarioWare - Twisted! (USA, Australia).zip	RETROARCH	mgba_libretro.so
PLAY	GAME BOY ADVANCE	WARIOWARE, INC. - MEGA MICROGAME$! (USA)	ROMS/GBA/WarioWare, Inc. - Mega Microgame$! (USA).zip	RETROARCH	mgba_libretro.so
PLAY	GAME BOY ADVANCE	WING COMMANDER - PROPHECY (USA)	ROMS/GBA/Wing Commander - Prophecy (USA).zip	RETROARCH	mgba_libretro.so
PLAY	GAME BOY ADVANCE	WINNIE THE POOH'S RUMBLY TUMBLY ADVENTURE (USA) (EN,FR,ES)	ROMS/GBA/Winnie the Pooh's Rumbly Tumbly Adventure (USA) (En,Fr,Es).zip	RETROARCH	mgba_libretro.so
PLAY	GAME BOY ADVANCE	WOLFENSTEIN 3D (USA, EUROPE)	ROMS/GBA/Wolfenstein 3D (USA, Europe).zip	RETROARCH	mgba_libretro.so
PLAY	GAME BOY ADVANCE	WWE - ROAD TO WRESTLEMANIA X8 (USA, EUROPE)	ROMS/GBA/WWE - Road to WrestleMania X8 (USA, Europe).zip	RETROARCH	mgba_libretro.so
PLAY	GAME BOY ADVANCE	WWE - SURVIVOR SERIES (USA, EUROPE)	ROMS/GBA/WWE - Survivor Series (USA, Europe).zip	RETROARCH	mgba_libretro.so
PLAY	GAME BOY ADVANCE	WWF - ROAD TO WRESTLEMANIA (USA, EUROPE)	ROMS/GBA/WWF - Road to WrestleMania (USA, Europe).zip	RETROARCH	mgba_libretro.so
PLAY	GAME BOY ADVANCE	X-MEN - REIGN OF APOCALYPSE (USA, EUROPE)	ROMS/GBA/X-Men - Reign of Apocalypse (USA, Europe).zip	RETROARCH	mgba_libretro.so
PLAY	GAME BOY ADVANCE	X-MEN - THE OFFICIAL GAME (USA)	ROMS/GBA/X-Men - The Official Game (USA).zip	RETROARCH	mgba_libretro.so
PLAY	GAME BOY ADVANCE	X2 - WOLVERINE'S REVENGE (USA, EUROPE)	ROMS/GBA/X2 - Wolverine's Revenge (USA, Europe).zip	RETROARCH	mgba_libretro.so
PLAY	GAME BOY COLOR	007 - THE WORLD IS NOT ENOUGH (USA, EUROPE)	ROMS/GBC/007 - The World Is Not Enough (USA, Europe).zip	RETROARCH	gambatte_libretro.so
PLAY	GAME BOY COLOR	1942 (USA)	ROMS/GBC/1942 (USA).zip	RETROARCH	gambatte_libretro.so
PLAY	GAME BOY COLOR	720 DEGREES (USA, EUROPE)	ROMS/GBC/720 Degrees (USA, Europe).zip	RETROARCH	gambatte_libretro.so
PLAY	GAME BOY COLOR	ACTION MAN - SEARCH FOR BASE X (USA, EUROPE)	ROMS/GBC/Action Man - Search for Base X (USA, Europe).zip	RETROARCH	gambatte_libretro.so
PLAY	GAME BOY COLOR	ADVENTURES OF ELMO IN GROUCHLAND, THE (USA)	ROMS/GBC/Adventures of Elmo in Grouchland, The (USA).zip	RETROARCH	gambatte_libretro.so
PLAY	GAME BOY COLOR	ADVENTURES OF THE SMURFS, THE (EUROPE)	ROMS/GBC/Adventures of the Smurfs, The (Europe).zip	RETROARCH	gambatte_libretro.so
PLAY	GAME BOY COLOR	AIRFORCE DELTA (USA)	ROMS/GBC/AirForce Delta (USA).zip	RETROARCH	gambatte_libretro.so
PLAY	GAME BOY COLOR	ALADDIN (USA)	ROMS/GBC/Aladdin (USA).zip	RETROARCH	gambatte_libretro.so
PLAY	GAME BOY COLOR	ALFRED'S ADVENTURE (EUROPE)	ROMS/GBC/Alfred's Adventure (Europe).zip	RETROARCH	gambatte_libretro.so
PLAY	GAME BOY COLOR	ALICE IN WONDERLAND (USA)	ROMS/GBC/Alice in Wonderland (USA).zip	RETROARCH	gambatte_libretro.so
PLAY	GAME BOY COLOR	ALONE IN THE DARK - THE NEW NIGHTMARE (USA)	ROMS/GBC/Alone in the Dark - The New Nightmare (USA).zip	RETROARCH	gambatte_libretro.so
PLAY	GAME BOY COLOR	ANIMORPHS (USA)	ROMS/GBC/Animorphs (USA).zip	RETROARCH	gambatte_libretro.so
PLAY	GAME BOY COLOR	ANTZ (USA)	ROMS/GBC/Antz (USA).zip	RETROARCH	gambatte_libretro.so
PLAY	GAME BOY COLOR	ANTZ RACING (USA)	ROMS/GBC/Antz Racing (USA).zip	RETROARCH	gambatte_libretro.so
PLAY	GAME BOY COLOR	ANTZ WORLD SPORTZ (EUROPE)	ROMS/GBC/Antz World Sportz (Europe).zip	RETROARCH	gambatte_libretro.so
PLAY	GAME BOY COLOR	ARCADE HITS - JOUST & DEFENDER (USA)	ROMS/GBC/Arcade Hits - Joust & Defender (USA).zip	RETROARCH	gambatte_libretro.so
PLAY	GAME BOY COLOR	ARCADE HITS - MOON PATROL & SPY HUNTER (USA)	ROMS/GBC/Arcade Hits - Moon Patrol & Spy Hunter (USA).zip	RETROARCH	gambatte_libretro.so
PLAY	GAME BOY COLOR	ARMADA - FX RACERS (USA)	ROMS/GBC/Armada - FX Racers (USA).zip	RETROARCH	gambatte_libretro.so
PLAY	GAME BOY COLOR	ARMORINES - PROJECT S.W.A.R.M. (USA, EUROPE)	ROMS/GBC/Armorines - Project S.W.A.R.M. (USA, Europe).zip	RETROARCH	gambatte_libretro.so
PLAY	GAME BOY COLOR	AZURE DREAMS (E) (M3) [C][!]	ROMS/GBC/Azure Dreams (E) (M3) [C][!].zip	RETROARCH	gambatte_libretro.so
PLAY	GAME BOY COLOR	BATMAN BEYOND - RETURN OF THE JOKER (USA)	ROMS/GBC/Batman Beyond - Return of the Joker (USA).zip	RETROARCH	gambatte_libretro.so
PLAY	GAME BOY COLOR	BOB THE BUILDER - FIX IT FUN! (USA)	ROMS/GBC/Bob the Builder - Fix it Fun! (USA).zip	RETROARCH	gambatte_libretro.so
PLAY	GAME BOY COLOR	BOMBERMAN MAX - BLUE CHAMPION (USA)	ROMS/GBC/Bomberman Max - Blue Champion (USA).zip	RETROARCH	gambatte_libretro.so
PLAY	GAME BOY COLOR	BOMBERMAN MAX - RED CHALLENGER (USA)	ROMS/GBC/Bomberman Max - Red Challenger (USA).zip	RETROARCH	gambatte_libretro.so
PLAY	GAME BOY COLOR	BOMBERMAN QUEST (USA)	ROMS/GBC/Bomberman Quest (USA).zip	RETROARCH	gambatte_libretro.so
PLAY	GAME BOY COLOR	BUFFY THE VAMPIRE SLAYER (USA, EUROPE)	ROMS/GBC/Buffy the Vampire Slayer (USA, Europe).zip	RETROARCH	gambatte_libretro.so
PLAY	GAME BOY COLOR	CONKER'S POCKET TALES (USA, EUROPE)	ROMS/GBC/Conker's Pocket Tales (USA, Europe).zip	RETROARCH	gambatte_libretro.so
PLAY	GAME BOY COLOR	COOL BRICKS (EUROPE)	ROMS/GBC/Cool Bricks (Europe).zip	RETROARCH	gambatte_libretro.so
PLAY	GAME BOY COLOR	CROC (USA, EUROPE)	ROMS/GBC/Croc (USA, Europe).zip	RETROARCH	gambatte_libretro.so
PLAY	GAME BOY COLOR	CROC 2 (USA, EUROPE)	ROMS/GBC/Croc 2 (USA, Europe).zip	RETROARCH	gambatte_libretro.so
PLAY	GAME BOY COLOR	CRUIS'N EXOTICA (USA)	ROMS/GBC/Cruis'n Exotica (USA).zip	RETROARCH	gambatte_libretro.so
PLAY	GAME BOY COLOR	CUBIX - ROBOTS FOR EVERYONE - RACE 'N ROBOTS (USA)	ROMS/GBC/Cubix - Robots for Everyone - Race 'n Robots (USA).zip	RETROARCH	gambatte_libretro.so
PLAY	GAME BOY COLOR	CYBERTIGER (USA, EUROPE)	ROMS/GBC/CyberTiger (USA, Europe).zip	RETROARCH	gambatte_libretro.so
PLAY	GAME BOY COLOR	DAFFY DUCK - FOWL PLAY (USA)	ROMS/GBC/Daffy Duck - Fowl Play (USA).zip	RETROARCH	gambatte_libretro.so
PLAY	GAME BOY COLOR	DAIKATANA (EUROPE)	ROMS/GBC/Daikatana (Europe).zip	RETROARCH	gambatte_libretro.so
PLAY	GAME BOY COLOR	DAVE MIRRA FREESTYLE BMX (USA, EUROPE)	ROMS/GBC/Dave Mirra Freestyle BMX (USA, Europe).zip	RETROARCH	gambatte_libretro.so
PLAY	GAME BOY COLOR	DAVID BECKHAM SOCCER (EUROPE)	ROMS/GBC/David Beckham Soccer (Europe).zip	RETROARCH	gambatte_libretro.so
PLAY	GAME BOY COLOR	DEER HUNTER (USA)	ROMS/GBC/Deer Hunter (USA).zip	RETROARCH	gambatte_libretro.so
PLAY	GAME BOY COLOR	DEJA VU I & II - THE CASEBOOKS OF ACE HARDING (USA)	ROMS/GBC/Deja Vu I & II - The Casebooks of Ace Harding (USA).zip	RETROARCH	gambatte_libretro.so
PLAY	GAME BOY COLOR	DENKI BLOCKS! (EUROPE)	ROMS/GBC/Denki Blocks! (Europe).zip	RETROARCH	gambatte_libretro.so
PLAY	GAME BOY COLOR	DEXTER'S LABORATORY - ROBOT RAMPAGE (USA)	ROMS/GBC/Dexter's Laboratory - Robot Rampage (USA).zip	RETROARCH	gambatte_libretro.so
PLAY	GAME BOY COLOR	DINOSAUR (USA)	ROMS/GBC/Dinosaur (USA).zip	RETROARCH	gambatte_libretro.so
PLAY	GAME BOY COLOR	DINOSAUR'US (EUROPE)	ROMS/GBC/Dinosaur'us (Europe).zip	RETROARCH	gambatte_libretro.so
PLAY	GAME BOY COLOR	DIVA STARZ - MALL MANIA (USA)	ROMS/GBC/Diva Starz - Mall Mania (USA).zip	RETROARCH	gambatte_libretro.so
PLAY	GAME BOY COLOR	DOGZ - YOUR VIRTUAL PETZ PALZ (USA)	ROMS/GBC/Dogz - Your Virtual Petz Palz (USA).zip	RETROARCH	gambatte_libretro.so
PLAY	GAME BOY COLOR	DONALD DUCK - GOIN' QUACKERS (USA)	ROMS/GBC/Donald Duck - Goin' Quackers (USA).zip	RETROARCH	gambatte_libretro.so
PLAY	GAME BOY COLOR	DOUG'S BIG GAME (USA)	ROMS/GBC/Doug's Big Game (USA).zip	RETROARCH	gambatte_libretro.so
PLAY	GAME BOY COLOR	DRACULA - CRAZY VAMPIRE (USA)	ROMS/GBC/Dracula - Crazy Vampire (USA).zip	RETROARCH	gambatte_libretro.so
PLAY	GAME BOY COLOR	DRAGON BALL Z - LEGENDARY SUPER WARRIORS (USA)	ROMS/GBC/Dragon Ball Z - Legendary Super Warriors (USA).zip	RETROARCH	gambatte_libretro.so
PLAY	GAME BOY COLOR	DRAGON DANCE (USA)	ROMS/GBC/Dragon Dance (USA).zip	RETROARCH	gambatte_libretro.so
PLAY	GAME BOY COLOR	DRAGON TALES - DRAGON ADVENTURES (USA)	ROMS/GBC/Dragon Tales - Dragon Adventures (USA).zip	RETROARCH	gambatte_libretro.so
PLAY	GAME BOY COLOR	DRAGON TALES - DRAGON WINGS (USA)	ROMS/GBC/Dragon Tales - Dragon Wings (USA).zip	RETROARCH	gambatte_libretro.so
PLAY	GAME BOY COLOR	DRAGON WARRIOR I & II (USA)	ROMS/GBC/Dragon Warrior I & II (USA).zip	RETROARCH	gambatte_libretro.so
PLAY	GAME BOY COLOR	DRAGON WARRIOR III (USA)	ROMS/GBC/Dragon Warrior III (USA).zip	RETROARCH	gambatte_libretro.so
PLAY	GAME BOY COLOR	DRAGON WARRIOR MONSTERS (USA)	ROMS/GBC/Dragon Warrior Monsters (USA).zip	RETROARCH	gambatte_libretro.so
PLAY	GAME BOY COLOR	DRAGON WARRIOR MONSTERS 2 - COBI'S JOURNEY (USA)	ROMS/GBC/Dragon Warrior Monsters 2 - Cobi's Journey (USA).zip	RETROARCH	gambatte_libretro.so
PLAY	GAME BOY COLOR	DRAGON WARRIOR MONSTERS 2 - TARA'S ADVENTURE (USA)	ROMS/GBC/Dragon Warrior Monsters 2 - Tara's Adventure (USA).zip	RETROARCH	gambatte_libretro.so
PLAY	GAME BOY COLOR	DRAGON'S LAIR (USA, EUROPE)	ROMS/GBC/Dragon's Lair (USA, Europe).zip	RETROARCH	gambatte_libretro.so
PLAY	GAME BOY COLOR	DRIVER - YOU ARE THE WHEELMAN (USA)	ROMS/GBC/Driver - You are the Wheelman (USA).zip	RETROARCH	gambatte_libretro.so
PLAY	GAME BOY COLOR	DROPZONE (EUROPE)	ROMS/GBC/Dropzone (Europe).zip	RETROARCH	gambatte_libretro.so
PLAY	GAME BOY COLOR	DUKE NUKEM (USA)	ROMS/GBC/Duke Nukem (USA).zip	RETROARCH	gambatte_libretro.so
PLAY	GAME BOY COLOR	DUKES OF HAZZARD, THE - RACING FOR HOME (USA)	ROMS/GBC/Dukes of Hazzard, The - Racing for Home (USA).zip	RETROARCH	gambatte_libretro.so
PLAY	GAME BOY COLOR	EXTREME GHOSTBUSTERS (EUROPE)	ROMS/GBC/Extreme Ghostbusters (Europe).zip	RETROARCH	gambatte_libretro.so
PLAY	GAME BOY COLOR	EXTREME SPORTS WITH THE BERENSTAIN BEARS (USA, EUROPE)	ROMS/GBC/Extreme Sports with the Berenstain Bears (USA, Europe).zip	RETROARCH	gambatte_libretro.so
PLAY	GAME BOY COLOR	F-1 WORLD GRAND PRIX (EUROPE)	ROMS/GBC/F-1 World Grand Prix (Europe).zip	RETROARCH	gambatte_libretro.so
PLAY	GAME BOY COLOR	F-18 THUNDER STRIKE (USA, EUROPE)	ROMS/GBC/F-18 Thunder Strike (USA, Europe).zip	RETROARCH	gambatte_libretro.so
PLAY	GAME BOY COLOR	F.A. PREMIER LEAGUE STARS 2001, THE (EUROPE)	ROMS/GBC/F.A. Premier League Stars 2001, The (Europe).zip	RETROARCH	gambatte_libretro.so
PLAY	GAME BOY COLOR	F1 CHAMPIONSHIP SEASON 2000 (EUROPE)	ROMS/GBC/F1 Championship Season 2000 (Europe).zip	RETROARCH	gambatte_libretro.so
PLAY	GAME BOY COLOR	F1 RACING CHAMPIONSHIP (EUROPE)	ROMS/GBC/F1 Racing Championship (Europe).zip	RETROARCH	gambatte_libretro.so
PLAY	GAME BOY COLOR	FIFA 2000 (USA, EUROPE)	ROMS/GBC/FIFA 2000 (USA, Europe).zip	RETROARCH	gambatte_libretro.so
PLAY	GAME BOY COLOR	FISH FILES, THE (EUROPE)	ROMS/GBC/Fish Files, The (Europe).zip	RETROARCH	gambatte_libretro.so
PLAY	GAME BOY COLOR	FIX & FOXI - EPISODE 1 LUPO (EUROPE)	ROMS/GBC/Fix & Foxi - Episode 1 Lupo (Europe).zip	RETROARCH	gambatte_libretro.so
PLAY	GAME BOY COLOR	FLINTSTONES, THE - BURGERTIME IN BEDROCK (USA)	ROMS/GBC/Flintstones, The - Burgertime in Bedrock (USA).zip	RETROARCH	gambatte_libretro.so
PLAY	GAME BOY COLOR	FLIPPER & LOPAKA (EUROPE)	ROMS/GBC/Flipper & Lopaka (Europe).zip	RETROARCH	gambatte_libretro.so
PLAY	GAME BOY COLOR	FORCE 21 (USA)	ROMS/GBC/Force 21 (USA).zip	RETROARCH	gambatte_libretro.so
PLAY	GAME BOY COLOR	FORMULA ONE 2000 (USA)	ROMS/GBC/Formula One 2000 (USA).zip	RETROARCH	gambatte_libretro.so
PLAY	GAME BOY COLOR	FORT BOYARD (EUROPE)	ROMS/GBC/Fort Boyard (Europe).zip	RETROARCH	gambatte_libretro.so
PLAY	GAME BOY COLOR	FROGGER (USA) (REV B)	ROMS/GBC/Frogger (USA) (Rev B).zip	RETROARCH	gambatte_libretro.so
PLAY	GAME BOY COLOR	FROGGER 2 (USA)	ROMS/GBC/Frogger 2 (USA).zip	RETROARCH	gambatte_libretro.so
PLAY	GAME BOY COLOR	GALAGA - DESTINATION EARTH (USA)	ROMS/GBC/Galaga - Destination Earth (USA).zip	RETROARCH	gambatte_libretro.so
PLAY	GAME BOY COLOR	GRAND THEFT AUTO (USA)	ROMS/GBC/Grand Theft Auto (USA).zip	RETROARCH	gambatte_libretro.so
PLAY	GAME BOY COLOR	GRAND THEFT AUTO 2 (USA)	ROMS/GBC/Grand Theft Auto 2 (USA).zip	RETROARCH	gambatte_libretro.so
PLAY	GAME BOY COLOR	HARVEST MOON 2 GBC (USA)	ROMS/GBC/Harvest Moon 2 GBC (USA).zip	RETROARCH	gambatte_libretro.so
PLAY	GAME BOY COLOR	HARVEST MOON 3 GBC (USA)	ROMS/GBC/Harvest Moon 3 GBC (USA).zip	RETROARCH	gambatte_libretro.so
PLAY	GAME BOY COLOR	HARVEST MOON GB (USA)	ROMS/GBC/Harvest Moon GB (USA).zip	RETROARCH	gambatte_libretro.so
PLAY	GAME BOY COLOR	HELLO KITTY'S CUBE FRENZY (USA)	ROMS/GBC/Hello Kitty's Cube Frenzy (USA).zip	RETROARCH	gambatte_libretro.so
PLAY	GAME BOY COLOR	HERCULES - THE LEGENDARY JOURNEYS (EUROPE)	ROMS/GBC/Hercules - The Legendary Journeys (Europe).zip	RETROARCH	gambatte_libretro.so
PLAY	GAME BOY COLOR	HEROES OF MIGHT AND MAGIC (USA)	ROMS/GBC/Heroes of Might and Magic (USA).zip	RETROARCH	gambatte_libretro.so
PLAY	GAME BOY COLOR	HEROES OF MIGHT AND MAGIC II (USA)	ROMS/GBC/Heroes of Might and Magic II (USA).zip	RETROARCH	gambatte_libretro.so
PLAY	GAME BOY COLOR	HEXCITE - THE SHAPES OF VICTORY (USA, EUROPE)	ROMS/GBC/Hexcite - The Shapes of Victory (USA, Europe).zip	RETROARCH	gambatte_libretro.so
PLAY	GAME BOY COLOR	KIRBY - TILT 'N' TUMBLE (USA)	ROMS/GBC/Kirby - Tilt 'n' Tumble (USA).zip	RETROARCH	gambatte_libretro.so
PLAY	GAME BOY COLOR	KIRIKOU (EUROPE)	ROMS/GBC/Kirikou (Europe).zip	RETROARCH	gambatte_libretro.so
PLAY	GAME BOY COLOR	KLAX (USA)	ROMS/GBC/Klax (USA).zip	RETROARCH	gambatte_libretro.so
PLAY	GAME BOY COLOR	KLUSTAR (USA)	ROMS/GBC/Klustar (USA).zip	RETROARCH	gambatte_libretro.so
PLAY	GAME BOY COLOR	KNOCKOUT KINGS (USA, EUROPE)	ROMS/GBC/Knockout Kings (USA, Europe).zip	RETROARCH	gambatte_libretro.so
PLAY	GAME BOY COLOR	KONAMI GB COLLECTION VOL.1 (EUROPE)	ROMS/GBC/Konami GB Collection Vol.1 (Europe).zip	RETROARCH	gambatte_libretro.so
PLAY	GAME BOY COLOR	KONAMI GB COLLECTION VOL.2 (EUROPE)	ROMS/GBC/Konami GB Collection Vol.2 (Europe).zip	RETROARCH	gambatte_libretro.so
PLAY	GAME BOY COLOR	KONAMI GB COLLECTION VOL.3 (EUROPE)	ROMS/GBC/Konami GB Collection Vol.3 (Europe).zip	RETROARCH	gambatte_libretro.so
PLAY	GAME BOY COLOR	KONAMI GB COLLECTION VOL.4 (EUROPE)	ROMS/GBC/Konami GB Collection Vol.4 (Europe).zip	RETROARCH	gambatte_libretro.so
PLAY	GAME BOY COLOR	LAND BEFORE TIME, THE (USA)	ROMS/GBC/Land Before Time, The (USA).zip	RETROARCH	gambatte_libretro.so
PLAY	GAME BOY COLOR	LAS VEGAS COOL HAND (USA)	ROMS/GBC/Las Vegas Cool Hand (USA).zip	RETROARCH	gambatte_libretro.so
PLAY	GAME BOY COLOR	LAURA (USA)	ROMS/GBC/Laura (USA).zip	RETROARCH	gambatte_libretro.so
PLAY	GAME BOY COLOR	LEGEND OF THE RIVER KING 2 (USA)	ROMS/GBC/Legend of the River King 2 (USA).zip	RETROARCH	gambatte_libretro.so
PLAY	GAME BOY COLOR	LEGEND OF THE RIVER KING GB (USA)	ROMS/GBC/Legend of the River King GB (USA).zip	RETROARCH	gambatte_libretro.so
PLAY	GAME BOY COLOR	LEGEND OF ZELDA, THE - LINK'S AWAKENING DX (USA, EUROPE) (REV B)	ROMS/GBC/Legend of Zelda, The - Link's Awakening DX (USA, Europe) (Rev B).zip	RETROARCH	gambatte_libretro.so
PLAY	GAME BOY COLOR	LEGEND OF ZELDA, THE - ORACLE OF AGES (USA)	ROMS/GBC/Legend of Zelda, The - Oracle of Ages (USA).zip	RETROARCH	gambatte_libretro.so
PLAY	GAME BOY COLOR	LEGEND OF ZELDA, THE - ORACLE OF SEASONS (USA)	ROMS/GBC/Legend of Zelda, The - Oracle of Seasons (USA).zip	RETROARCH	gambatte_libretro.so
PLAY	GAME BOY COLOR	LION KING, THE - SIMBA'S MIGHTY ADVENTURE (USA)	ROMS/GBC/Lion King, The - Simba's Mighty Adventure (USA).zip	RETROARCH	gambatte_libretro.so
PLAY	GAME BOY COLOR	LITTLE NICKY (USA)	ROMS/GBC/Little Nicky (USA).zip	RETROARCH	gambatte_libretro.so
PLAY	GAME BOY COLOR	LOGICAL (USA)	ROMS/GBC/Logical (USA).zip	RETROARCH	gambatte_libretro.so
PLAY	GAME BOY COLOR	LOONEY TUNES (USA)	ROMS/GBC/Looney Tunes (USA).zip	RETROARCH	gambatte_libretro.so
PLAY	GAME BOY COLOR	LOONEY TUNES - CARROT CRAZY (USA)	ROMS/GBC/Looney Tunes - Carrot Crazy (USA).zip	RETROARCH	gambatte_libretro.so
PLAY	GAME BOY COLOR	LOONEY TUNES - TWOUBLE! (USA)	ROMS/GBC/Looney Tunes - Twouble! (USA).zip	RETROARCH	gambatte_libretro.so
PLAY	GAME BOY COLOR	LOONEY TUNES COLLECTOR - ALERT! (USA)	ROMS/GBC/Looney Tunes Collector - Alert! (USA).zip	RETROARCH	gambatte_libretro.so
PLAY	GAME BOY COLOR	LOONEY TUNES RACING (USA)	ROMS/GBC/Looney Tunes Racing (USA).zip	RETROARCH	gambatte_libretro.so
PLAY	GAME BOY COLOR	LUCKY LUKE (USA)	ROMS/GBC/Lucky Luke (USA).zip	RETROARCH	gambatte_libretro.so
PLAY	GAME BOY COLOR	LUCKY LUKE - DESPERADO TRAIN (EUROPE)	ROMS/GBC/Lucky Luke - Desperado Train (Europe).zip	RETROARCH	gambatte_libretro.so
PLAY	GAME BOY COLOR	LUFIA - THE LEGEND RETURNS (USA)	ROMS/GBC/Lufia - The Legend Returns (USA).zip	RETROARCH	gambatte_libretro.so
PLAY	GAME BOY COLOR	M&M'S MINIS MADNESS (USA)	ROMS/GBC/M&M's Minis Madness (USA).zip	RETROARCH	gambatte_libretro.so
PLAY	GAME BOY COLOR	MARY-KATE & ASHLEY - GET A CLUE! (USA, EUROPE)	ROMS/GBC/Mary-Kate & Ashley - Get a Clue! (USA, Europe).zip	RETROARCH	gambatte_libretro.so
PLAY	GAME BOY COLOR	MARY-KATE AND ASHLEY - CRUSH COURSE (USA)	ROMS/GBC/Mary-Kate and Ashley - Crush Course (USA).zip	RETROARCH	gambatte_libretro.so
PLAY	GAME BOY COLOR	MARY-KATE AND ASHLEY - POCKET PLANNER (USA)	ROMS/GBC/Mary-Kate and Ashley - Pocket Planner (USA).zip	RETROARCH	gambatte_libretro.so
PLAY	GAME BOY COLOR	MARY-KATE AND ASHLEY - WINNERS CIRCLE (USA, EUROPE)	ROMS/GBC/Mary-Kate and Ashley - Winners Circle (USA, Europe).zip	RETROARCH	gambatte_libretro.so
PLAY	GAME BOY COLOR	MASK OF ZORRO, THE (USA)	ROMS/GBC/Mask of Zorro, The (USA).zip	RETROARCH	gambatte_libretro.so
PLAY	GAME BOY COLOR	MAT HOFFMAN'S PRO BMX (USA, EUROPE)	ROMS/GBC/Mat Hoffman's Pro BMX (USA, Europe).zip	RETROARCH	gambatte_libretro.so
PLAY	GAME BOY COLOR	MATCHBOX EMERGENCY PATROL (USA)	ROMS/GBC/Matchbox Emergency Patrol (USA).zip	RETROARCH	gambatte_libretro.so
PLAY	GAME BOY COLOR	MAUS, DIE (EUROPE)	ROMS/GBC/Maus, Die (Europe).zip	RETROARCH	gambatte_libretro.so
PLAY	GAME BOY COLOR	MAYA THE BEE & HER FRIENDS (EUROPE)	ROMS/GBC/Maya the Bee & Her Friends (Europe).zip	RETROARCH	gambatte_libretro.so
PLAY	GAME BOY COLOR	MAYA THE BEE - GARDEN ADVENTURES (EUROPE)	ROMS/GBC/Maya the Bee - Garden Adventures (Europe).zip	RETROARCH	gambatte_libretro.so
PLAY	GAME BOY COLOR	MEGA MAN XTREME (USA)	ROMS/GBC/Mega Man Xtreme (USA).zip	RETROARCH	gambatte_libretro.so
PLAY	GAME BOY COLOR	MEGA MAN XTREME 2 (USA, EUROPE)	ROMS/GBC/Mega Man Xtreme 2 (USA, Europe).zip	RETROARCH	gambatte_libretro.so
PLAY	GAME BOY COLOR	MEN IN BLACK - THE SERIES (USA, EUROPE)	ROMS/GBC/Men in Black - The Series (USA, Europe).zip	RETROARCH	gambatte_libretro.so
PLAY	GAME BOY COLOR	MEN IN BLACK 2 - THE SERIES (USA)	ROMS/GBC/Men in Black 2 - The Series (USA).zip	RETROARCH	gambatte_libretro.so
PLAY	GAME BOY COLOR	MERLIN (EUROPE)	ROMS/GBC/Merlin (Europe).zip	RETROARCH	gambatte_libretro.so
PLAY	GAME BOY COLOR	METAL GEAR SOLID (USA)	ROMS/GBC/Metal Gear Solid (USA).zip	RETROARCH	gambatte_libretro.so
PLAY	GAME BOY COLOR	METAL WALKER (USA)	ROMS/GBC/Metal Walker (USA).zip	RETROARCH	gambatte_libretro.so
PLAY	GAME BOY COLOR	MONSTER RANCHER BATTLE CARD GB (USA)	ROMS/GBC/Monster Rancher Battle Card GB (USA).zip	RETROARCH	gambatte_libretro.so
PLAY	GAME BOY COLOR	MONSTER RANCHER EXPLORER (USA)	ROMS/GBC/Monster Rancher Explorer (USA).zip	RETROARCH	gambatte_libretro.so
PLAY	GAME BOY COLOR	MONSTERS, INC. (USA)	ROMS/GBC/Monsters, Inc. (USA).zip	RETROARCH	gambatte_libretro.so
PLAY	GAME BOY COLOR	MONTEZUMA'S RETURN! (USA)	ROMS/GBC/Montezuma's Return! (USA).zip	RETROARCH	gambatte_libretro.so
PLAY	GAME BOY COLOR	MOOMIN'S TALE (EUROPE)	ROMS/GBC/Moomin's Tale (Europe).zip	RETROARCH	gambatte_libretro.so
PLAY	GAME BOY COLOR	MOORHEN 3 - THE CHICKEN CHASE! (EUROPE)	ROMS/GBC/Moorhen 3 - The Chicken Chase! (Europe).zip	RETROARCH	gambatte_libretro.so
PLAY	GAME BOY COLOR	MORTAL KOMBAT 4 (USA, EUROPE)	ROMS/GBC/Mortal Kombat 4 (USA, Europe).zip	RETROARCH	gambatte_libretro.so
PLAY	GAME BOY COLOR	MOTOCROSS MANIACS 2 (USA)	ROMS/GBC/Motocross Maniacs 2 (USA).zip	RETROARCH	gambatte_libretro.so
PLAY	GAME BOY COLOR	MR NUTZ (USA)	ROMS/GBC/Mr Nutz (USA).zip	RETROARCH	gambatte_libretro.so
PLAY	GAME BOY COLOR	MR. DRILLER (USA)	ROMS/GBC/Mr. Driller (USA).zip	RETROARCH	gambatte_libretro.so
PLAY	GAME BOY COLOR	MS. PAC-MAN - SPECIAL COLOR EDITION (USA)	ROMS/GBC/Ms. Pac-Man - Special Color Edition (USA).zip	RETROARCH	gambatte_libretro.so
PLAY	GAME BOY COLOR	MTV SPORTS - PURE RIDE (USA, EUROPE)	ROMS/GBC/MTV Sports - Pure Ride (USA, Europe).zip	RETROARCH	gambatte_libretro.so
PLAY	GAME BOY COLOR	MTV SPORTS - SKATEBOARDING FEATURING ANDY MACDONALD (USA)	ROMS/GBC/MTV Sports - Skateboarding featuring Andy MacDonald (USA).zip	RETROARCH	gambatte_libretro.so
PLAY	GAME BOY COLOR	MTV SPORTS - T.J. LAVIN'S ULTIMATE BMX (USA, EUROPE)	ROMS/GBC/MTV Sports - T.J. Lavin's Ultimate BMX (USA, Europe).zip	RETROARCH	gambatte_libretro.so
PLAY	GAME BOY COLOR	MUMMY RETURNS, THE (USA)	ROMS/GBC/Mummy Returns, The (USA).zip	RETROARCH	gambatte_libretro.so
PLAY	GAME BOY COLOR	MUMMY, THE (USA)	ROMS/GBC/Mummy, The (USA).zip	RETROARCH	gambatte_libretro.so
PLAY	GAME BOY COLOR	MUPPETS, THE (USA)	ROMS/GBC/Muppets, The (USA).zip	RETROARCH	gambatte_libretro.so
PLAY	GAME BOY COLOR	N.Y. RACE (EUROPE)	ROMS/GBC/N.Y. Race (Europe).zip	RETROARCH	gambatte_libretro.so
PLAY	GAME BOY COLOR	NASCAR 2000 (USA, EUROPE)	ROMS/GBC/NASCAR 2000 (USA, Europe).zip	RETROARCH	gambatte_libretro.so
PLAY	GAME BOY COLOR	NASCAR CHALLENGE (USA)	ROMS/GBC/NASCAR Challenge (USA).zip	RETROARCH	gambatte_libretro.so
PLAY	GAME BOY COLOR	NASCAR HEAT (USA)	ROMS/GBC/NASCAR Heat (USA).zip	RETROARCH	gambatte_libretro.so
PLAY	GAME BOY COLOR	NASCAR RACERS (USA)	ROMS/GBC/NASCAR Racers (USA).zip	RETROARCH	gambatte_libretro.so
PLAY	GAME BOY COLOR	NATIONS, THE - LAND OF LEGENDS (EUROPE)	ROMS/GBC/Nations, The - Land of Legends (Europe).zip	RETROARCH	gambatte_libretro.so
PLAY	GAME BOY COLOR	NEW ADDAMS FAMILY SERIES, THE (EUROPE)	ROMS/GBC/New Addams Family Series, The (Europe).zip	RETROARCH	gambatte_libretro.so
PLAY	GAME BOY COLOR	NEW ADVENTURES OF MARY-KATE & ASHLEY, THE (USA)	ROMS/GBC/New Adventures of Mary-Kate & Ashley, The (USA).zip	RETROARCH	gambatte_libretro.so
PLAY	GAME BOY COLOR	NEW BATMAN ADVENTURES, THE - CHAOS IN GOTHAM (USA)	ROMS/GBC/New Batman Adventures, The - Chaos in Gotham (USA).zip	RETROARCH	gambatte_libretro.so
PLAY	GAME BOY COLOR	NFL BLITZ (USA, EUROPE) (REV A)	ROMS/GBC/NFL Blitz (USA, Europe) (Rev A).zip	RETROARCH	gambatte_libretro.so
PLAY	GAME BOY COLOR	NFL BLITZ 2000 (USA)	ROMS/GBC/NFL Blitz 2000 (USA).zip	RETROARCH	gambatte_libretro.so
PLAY	GAME BOY COLOR	NFL BLITZ 2001 (USA)	ROMS/GBC/NFL Blitz 2001 (USA).zip	RETROARCH	gambatte_libretro.so
PLAY	GAME BOY COLOR	NHL 2000 (USA)	ROMS/GBC/NHL 2000 (USA).zip	RETROARCH	gambatte_libretro.so
PLAY	GAME BOY COLOR	NHL BLADES OF STEEL (USA)	ROMS/GBC/NHL Blades of Steel (USA).zip	RETROARCH	gambatte_libretro.so
PLAY	GAME BOY COLOR	NHL BLADES OF STEEL 2000 (USA)	ROMS/GBC/NHL Blades of Steel 2000 (USA).zip	RETROARCH	gambatte_libretro.so
PLAY	GAME BOY COLOR	NICKTOONS RACING (USA)	ROMS/GBC/Nicktoons Racing (USA).zip	RETROARCH	gambatte_libretro.so
PLAY	GAME BOY COLOR	NO FEAR - DOWNHILL MOUNTAIN BIKING (EUROPE)	ROMS/GBC/No Fear - Downhill Mountain Biking (Europe).zip	RETROARCH	gambatte_libretro.so
PLAY	GAME BOY COLOR	NODDY AND THE BIRTHDAY PARTY (EUROPE)	ROMS/GBC/Noddy and the Birthday Party (Europe).zip	RETROARCH	gambatte_libretro.so
PLAY	GAME BOY COLOR	NSYNC - GET TO THE SHOW (USA)	ROMS/GBC/NSYNC - Get to the Show (USA).zip	RETROARCH	gambatte_libretro.so
PLAY	GAME BOY COLOR	O'LEARY MANAGER 2000 (EUROPE)	ROMS/GBC/O'Leary Manager 2000 (Europe).zip	RETROARCH	gambatte_libretro.so
PLAY	GAME BOY COLOR	ODDWORLD ADVENTURES II (USA, EUROPE)	ROMS/GBC/Oddworld Adventures II (USA, Europe).zip	RETROARCH	gambatte_libretro.so
PLAY	GAME BOY COLOR	PAC-MAN - SPECIAL COLOR EDITION (USA)	ROMS/GBC/Pac-Man - Special Color Edition (USA).zip	RETROARCH	gambatte_libretro.so
PLAY	GAME BOY COLOR	PAPERBOY (USA, EUROPE)	ROMS/GBC/Paperboy (USA, Europe).zip	RETROARCH	gambatte_libretro.so
PLAY	GAME BOY COLOR	PAPYRUS (EUROPE)	ROMS/GBC/Papyrus (Europe).zip	RETROARCH	gambatte_libretro.so
PLAY	GAME BOY COLOR	PERFECT DARK (USA, EUROPE)	ROMS/GBC/Perfect Dark (USA, Europe).zip	RETROARCH	gambatte_libretro.so
PLAY	GAME BOY COLOR	PITFALL - BEYOND THE JUNGLE (USA, EUROPE)	ROMS/GBC/Pitfall - Beyond the Jungle (USA, Europe).zip	RETROARCH	gambatte_libretro.so
PLAY	GAME BOY COLOR	PLANET OF THE APES (USA)	ROMS/GBC/Planet of the Apes (USA).zip	RETROARCH	gambatte_libretro.so
PLAY	GAME BOY COLOR	PLAYER MANAGER 2001 (EUROPE)	ROMS/GBC/Player Manager 2001 (Europe).zip	RETROARCH	gambatte_libretro.so
PLAY	GAME BOY COLOR	POCKET BOMBERMAN (USA, EUROPE)	ROMS/GBC/Pocket Bomberman (USA, Europe).zip	RETROARCH	gambatte_libretro.so
PLAY	GAME BOY COLOR	POCKET BOWLING (USA)	ROMS/GBC/Pocket Bowling (USA).zip	RETROARCH	gambatte_libretro.so
PLAY	GAME BOY COLOR	POCKET MUSIC (EUROPE)	ROMS/GBC/Pocket Music (Europe).zip	RETROARCH	gambatte_libretro.so
PLAY	GAME BOY COLOR	POCKET RACING (EUROPE)	ROMS/GBC/Pocket Racing (Europe).zip	RETROARCH	gambatte_libretro.so
PLAY	GAME BOY COLOR	POCKET SOCCER (EUROPE)	ROMS/GBC/Pocket Soccer (Europe).zip	RETROARCH	gambatte_libretro.so
PLAY	GAME BOY COLOR	POKEMON - CRYSTAL VERSION (USA, EUROPE)	ROMS/GBC/Pokemon - Crystal Version (USA, Europe).zip	RETROARCH	gambatte_libretro.so
PLAY	GAME BOY COLOR	POLARIS SNOCROSS (USA)	ROMS/GBC/Polaris SnoCross (USA).zip	RETROARCH	gambatte_libretro.so
PLAY	GAME BOY COLOR	PONG - THE NEXT LEVEL (USA, EUROPE)	ROMS/GBC/Pong - The Next Level (USA, Europe).zip	RETROARCH	gambatte_libretro.so
PLAY	GAME BOY COLOR	POOH AND TIGGER'S HUNNY SAFARI (USA)	ROMS/GBC/Pooh and Tigger's Hunny Safari (USA).zip	RETROARCH	gambatte_libretro.so
PLAY	GAME BOY COLOR	PORTAL RUNNER (USA)	ROMS/GBC/Portal Runner (USA).zip	RETROARCH	gambatte_libretro.so
PLAY	GAME BOY COLOR	POWER QUEST (USA)	ROMS/GBC/Power Quest (USA).zip	RETROARCH	gambatte_libretro.so
PLAY	GAME BOY COLOR	POWER RANGERS - LIGHTSPEED RESCUE (USA, EUROPE)	ROMS/GBC/Power Rangers - Lightspeed Rescue (USA, Europe).zip	RETROARCH	gambatte_libretro.so
PLAY	GAME BOY COLOR	POWER RANGERS - TIME FORCE (USA)	ROMS/GBC/Power Rangers - Time Force (USA).zip	RETROARCH	gambatte_libretro.so
PLAY	GAME BOY COLOR	POWER SPIKE - PRO BEACH VOLLEYBALL (USA)	ROMS/GBC/Power Spike - Pro Beach Volleyball (USA).zip	RETROARCH	gambatte_libretro.so
PLAY	GAME BOY COLOR	POWERPUFF GIRLS, THE - BAD MOJO JOJO (USA) (REV B)	ROMS/GBC/Powerpuff Girls, The - Bad Mojo Jojo (USA) (Rev B).zip	RETROARCH	gambatte_libretro.so
PLAY	GAME BOY COLOR	POWERPUFF GIRLS, THE - BATTLE HIM (USA) (REV A)	ROMS/GBC/Powerpuff Girls, The - Battle Him (USA) (Rev A).zip	RETROARCH	gambatte_libretro.so
PLAY	GAME BOY COLOR	POWERPUFF GIRLS, THE - PAINT THE TOWNSVILLE GREEN (USA) (REV B)	ROMS/GBC/Powerpuff Girls, The - Paint the Townsville Green (USA) (Rev B).zip	RETROARCH	gambatte_libretro.so
PLAY	GAME BOY COLOR	PRINCE NASEEM BOXING (EUROPE)	ROMS/GBC/Prince Naseem Boxing (Europe).zip	RETROARCH	gambatte_libretro.so
PLAY	GAME BOY COLOR	PRINCE OF PERSIA (USA, EUROPE)	ROMS/GBC/Prince of Persia (USA, Europe).zip	RETROARCH	gambatte_libretro.so
PLAY	GAME BOY COLOR	PRO DARTS (USA)	ROMS/GBC/Pro Darts (USA).zip	RETROARCH	gambatte_libretro.so
PLAY	GAME BOY COLOR	PRO POOL (USA)	ROMS/GBC/Pro Pool (USA).zip	RETROARCH	gambatte_libretro.so
PLAY	GAME BOY COLOR	PROJECT S-11 (USA)	ROMS/GBC/Project S-11 (USA).zip	RETROARCH	gambatte_libretro.so
PLAY	GAME BOY COLOR	PUCHI CARAT (EUROPE)	ROMS/GBC/Puchi Carat (Europe).zip	RETROARCH	gambatte_libretro.so
PLAY	GAME BOY COLOR	PUZZLE MASTER (USA)	ROMS/GBC/Puzzle Master (USA).zip	RETROARCH	gambatte_libretro.so
PLAY	GAME BOY COLOR	PUZZLED (USA)	ROMS/GBC/Puzzled (USA).zip	RETROARCH	gambatte_libretro.so
PLAY	GAME BOY COLOR	Q-BERT (USA)	ROMS/GBC/Q-bert (USA).zip	RETROARCH	gambatte_libretro.so
PLAY	GAME BOY COLOR	QIX ADVENTURE (EUROPE)	ROMS/GBC/Qix Adventure (Europe).zip	RETROARCH	gambatte_libretro.so
PLAY	GAME BOY COLOR	QUEST - FANTASY CHALLENGE (USA)	ROMS/GBC/Quest - Fantasy Challenge (USA).zip	RETROARCH	gambatte_libretro.so
PLAY	GAME BOY COLOR	QUEST FOR CAMELOT (USA)	ROMS/GBC/Quest for Camelot (USA).zip	RETROARCH	gambatte_libretro.so
PLAY	GAME BOY COLOR	QUEST RPG - BRIAN'S JOURNEY (USA)	ROMS/GBC/Quest RPG - Brian's Journey (USA).zip	RETROARCH	gambatte_libretro.so
PLAY	GAME BOY COLOR	R-TYPE DX (USA, EUROPE)	ROMS/GBC/R-Type DX (USA, Europe).zip	RETROARCH	gambatte_libretro.so
PLAY	GAME BOY COLOR	RAINBOW ISLANDS (EUROPE)	ROMS/GBC/Rainbow Islands (Europe).zip	RETROARCH	gambatte_libretro.so
PLAY	GAME BOY COLOR	RAMPAGE - WORLD TOUR (USA, EUROPE)	ROMS/GBC/Rampage - World Tour (USA, Europe).zip	RETROARCH	gambatte_libretro.so
PLAY	GAME BOY COLOR	RAMPAGE 2 - UNIVERSAL TOUR (USA)	ROMS/GBC/Rampage 2 - Universal Tour (USA).zip	RETROARCH	gambatte_libretro.so
PLAY	GAME BOY COLOR	RAMPART (USA)	ROMS/GBC/Rampart (USA).zip	RETROARCH	gambatte_libretro.so
PLAY	GAME BOY COLOR	RATS! (USA)	ROMS/GBC/Rats! (USA).zip	RETROARCH	gambatte_libretro.so
PLAY	GAME BOY COLOR	RAYMAN (USA)	ROMS/GBC/Rayman (USA).zip	RETROARCH	gambatte_libretro.so
PLAY	GAME BOY COLOR	RAYMAN 2 - THE GREAT ESCAPE (USA)	ROMS/GBC/Rayman 2 - The Great Escape (USA).zip	RETROARCH	gambatte_libretro.so
PLAY	GAME BOY COLOR	RAZOR FREESTYLE SCOOTER (USA)	ROMS/GBC/Razor Freestyle Scooter (USA).zip	RETROARCH	gambatte_libretro.so
PLAY	GAME BOY COLOR	READY 2 RUMBLE BOXING (USA)	ROMS/GBC/Ready 2 Rumble Boxing (USA).zip	RETROARCH	gambatte_libretro.so
PLAY	GAME BOY COLOR	RESCUE HEROES - FIRE FRENZY (USA)	ROMS/GBC/Rescue Heroes - Fire Frenzy (USA).zip	RETROARCH	gambatte_libretro.so
PLAY	GAME BOY COLOR	RESIDENT EVIL GAIDEN (USA)	ROMS/GBC/Resident Evil Gaiden (USA).zip	RETROARCH	gambatte_libretro.so
PLAY	GAME BOY COLOR	RETURN OF THE NINJA (USA)	ROMS/GBC/Return of the Ninja (USA).zip	RETROARCH	gambatte_libretro.so
PLAY	GAME BOY COLOR	REVELATIONS - THE DEMON SLAYER (USA)	ROMS/GBC/Revelations - The Demon Slayer (USA).zip	RETROARCH	gambatte_libretro.so
PLAY	GAME BOY COLOR	RHINO RUMBLE (USA, EUROPE)	ROMS/GBC/Rhino Rumble (USA, Europe).zip	RETROARCH	gambatte_libretro.so
PLAY	GAME BOY COLOR	RIP-TIDE RACER (EUROPE)	ROMS/GBC/Rip-Tide Racer (Europe).zip	RETROARCH	gambatte_libretro.so
PLAY	GAME BOY COLOR	ROAD CHAMPS - BXS STUNT BIKING (USA, EUROPE)	ROMS/GBC/Road Champs - BXS Stunt Biking (USA, Europe).zip	RETROARCH	gambatte_libretro.so
PLAY	GAME BOY COLOR	ROAD RASH (USA)	ROMS/GBC/Road Rash (USA).zip	RETROARCH	gambatte_libretro.so
PLAY	GAME BOY COLOR	ROADSTERS TROPHY (USA)	ROMS/GBC/Roadsters Trophy (USA).zip	RETROARCH	gambatte_libretro.so
PLAY	GAME BOY COLOR	ROBIN HOOD (EUROPE)	ROMS/GBC/Robin Hood (Europe).zip	RETROARCH	gambatte_libretro.so
PLAY	GAME BOY COLOR	ROBOCOP (EUROPE)	ROMS/GBC/RoboCop (Europe).zip	RETROARCH	gambatte_libretro.so
PLAY	GAME BOY COLOR	ROBOPON - SUN VERSION (USA)	ROMS/GBC/Robopon - Sun Version (USA).zip	RETROARCH	gambatte_libretro.so
PLAY	GAME BOY COLOR	ROBOT WARS - METAL MAYHEM (EUROPE)	ROMS/GBC/Robot Wars - Metal Mayhem (Europe).zip	RETROARCH	gambatte_libretro.so
PLAY	GAME BOY COLOR	ROCKET POWER - GETTIN' AIR (USA)	ROMS/GBC/Rocket Power - Gettin' Air (USA).zip	RETROARCH	gambatte_libretro.so
PLAY	GAME BOY COLOR	ROCKY MOUNTAIN TROPHY HUNTER (USA)	ROMS/GBC/Rocky Mountain Trophy Hunter (USA).zip	RETROARCH	gambatte_libretro.so
PLAY	GAME BOY COLOR	ROLAND GARROS FRENCH OPEN (EUROPE)	ROMS/GBC/Roland Garros French Open (Europe).zip	RETROARCH	gambatte_libretro.so
PLAY	GAME BOY COLOR	RONALDO V-SOCCER (USA)	ROMS/GBC/Ronaldo V-Soccer (USA).zip	RETROARCH	gambatte_libretro.so
PLAY	GAME BOY COLOR	ROSWELL CONSPIRACIES - ALIENS, MYTHS & LEGENDS (USA)	ROMS/GBC/Roswell Conspiracies - Aliens, Myths & Legends (USA).zip	RETROARCH	gambatte_libretro.so
PLAY	GAME BOY COLOR	ROX (USA, EUROPE)	ROMS/GBC/Rox (USA, Europe).zip	RETROARCH	gambatte_libretro.so
PLAY	GAME BOY COLOR	RUGRATS - TIME TRAVELERS (USA, EUROPE)	ROMS/GBC/Rugrats - Time Travelers (USA, Europe).zip	RETROARCH	gambatte_libretro.so
PLAY	GAME BOY COLOR	RUGRATS - TOTALLY ANGELICA (USA)	ROMS/GBC/Rugrats - Totally Angelica (USA).zip	RETROARCH	gambatte_libretro.so
PLAY	GAME BOY COLOR	RUGRATS IN PARIS - THE MOVIE (USA, EUROPE)	ROMS/GBC/Rugrats in Paris - The Movie (USA, Europe).zip	RETROARCH	gambatte_libretro.so
PLAY	GAME BOY COLOR	RUGRATS MOVIE, THE (USA, EUROPE)	ROMS/GBC/Rugrats Movie, The (USA, Europe).zip	RETROARCH	gambatte_libretro.so
PLAY	GAME BOY COLOR	SABRINA - THE ANIMATED SERIES - SPOOKED! (USA, EUROPE)	ROMS/GBC/Sabrina - The Animated Series - Spooked! (USA, Europe).zip	RETROARCH	gambatte_libretro.so
PLAY	GAME BOY COLOR	SABRINA - THE ANIMATED SERIES - ZAPPED! (USA, EUROPE)	ROMS/GBC/Sabrina - The Animated Series - Zapped! (USA, Europe).zip	RETROARCH	gambatte_libretro.so
PLAY	GAME BOY COLOR	SAN FRANCISCO RUSH 2049 (USA)	ROMS/GBC/San Francisco Rush 2049 (USA).zip	RETROARCH	gambatte_libretro.so
PLAY	GAME BOY COLOR	SANTA CLAUS JUNIOR (EUROPE)	ROMS/GBC/Santa Claus Junior (Europe).zip	RETROARCH	gambatte_libretro.so
PLAY	GAME BOY COLOR	SCOOBY-DOO! - CLASSIC CREEP CAPERS (USA, EUROPE)	ROMS/GBC/Scooby-Doo! - Classic Creep Capers (USA, Europe).zip	RETROARCH	gambatte_libretro.so
PLAY	GAME BOY COLOR	SCRABBLE (EUROPE)	ROMS/GBC/Scrabble (Europe).zip	RETROARCH	gambatte_libretro.so
PLAY	GAME BOY COLOR	SESAME STREET SPORTS (USA)	ROMS/GBC/Sesame Street Sports (USA).zip	RETROARCH	gambatte_libretro.so
PLAY	GAME BOY COLOR	SGT. ROCK - ON THE FRONTLINE (USA)	ROMS/GBC/Sgt. Rock - On the Frontline (USA).zip	RETROARCH	gambatte_libretro.so
PLAY	GAME BOY COLOR	SHADOWGATE CLASSIC (USA, EUROPE) (REV A)	ROMS/GBC/Shadowgate Classic (USA, Europe) (Rev A).zip	RETROARCH	gambatte_libretro.so
PLAY	GAME BOY COLOR	SHAMUS (USA, EUROPE)	ROMS/GBC/Shamus (USA, Europe).zip	RETROARCH	gambatte_libretro.so
PLAY	GAME BOY COLOR	SHANGHAI POCKET (USA, EUROPE) (REV A)	ROMS/GBC/Shanghai Pocket (USA, Europe) (Rev A).zip	RETROARCH	gambatte_libretro.so
PLAY	GAME BOY COLOR	SHANTAE (USA)	ROMS/GBC/Shantae (USA).zip	RETROARCH	gambatte_libretro.so
PLAY	GAME BOY COLOR	SHAUN PALMER'S PRO SNOWBOARDER (USA)	ROMS/GBC/Shaun Palmer's Pro Snowboarder (USA).zip	RETROARCH	gambatte_libretro.so
PLAY	GAME BOY COLOR	SHREK - FAIRY TALE FREAKDOWN (USA, EUROPE)	ROMS/GBC/Shrek - Fairy Tale Freakdown (USA, Europe).zip	RETROARCH	gambatte_libretro.so
PLAY	GAME BOY COLOR	SIMPSONS, THE - NIGHT OF THE LIVING TREEHOUSE OF HORROR (USA, EUROPE)	ROMS/GBC/Simpsons, The - Night of the Living Treehouse of Horror (USA, Europe).zip	RETROARCH	gambatte_libretro.so
PLAY	GAME BOY COLOR	SMURFS NIGHTMARE, THE (USA)	ROMS/GBC/Smurfs Nightmare, The (USA).zip	RETROARCH	gambatte_libretro.so
PLAY	GAME BOY COLOR	SNOW WHITE AND THE SEVEN DWARFS (USA)	ROMS/GBC/Snow White and the Seven Dwarfs (USA).zip	RETROARCH	gambatte_libretro.so
PLAY	GAME BOY COLOR	SOCCER MANAGER (EUROPE)	ROMS/GBC/Soccer Manager (Europe).zip	RETROARCH	gambatte_libretro.so
PLAY	GAME BOY COLOR	SPACE INVADERS (USA)	ROMS/GBC/Space Invaders (USA).zip	RETROARCH	gambatte_libretro.so
PLAY	GAME BOY COLOR	SPACE MARAUDER (USA)	ROMS/GBC/Space Marauder (USA).zip	RETROARCH	gambatte_libretro.so
PLAY	GAME BOY COLOR	SPACESTATION SILICON VALLEY (EUROPE)	ROMS/GBC/Spacestation Silicon Valley (Europe).zip	RETROARCH	gambatte_libretro.so
PLAY	GAME BOY COLOR	SPAWN (USA)	ROMS/GBC/Spawn (USA).zip	RETROARCH	gambatte_libretro.so
PLAY	GAME BOY COLOR	SPEEDY GONZALES - AZTEC ADVENTURE (USA, EUROPE)	ROMS/GBC/Speedy Gonzales - Aztec Adventure (USA, Europe).zip	RETROARCH	gambatte_libretro.so
PLAY	GAME BOY COLOR	SPIDER-MAN (USA, EUROPE)	ROMS/GBC/Spider-Man (USA, Europe).zip	RETROARCH	gambatte_libretro.so
PLAY	GAME BOY COLOR	SPIDER-MAN 2 - THE SINISTER SIX (USA)	ROMS/GBC/Spider-Man 2 - The Sinister Six (USA).zip	RETROARCH	gambatte_libretro.so
PLAY	GAME BOY COLOR	SPIROU ROBBEDOES - THE ROBOT INVASION (EUROPE)	ROMS/GBC/Spirou Robbedoes - The Robot Invasion (Europe).zip	RETROARCH	gambatte_libretro.so
PLAY	GAME BOY COLOR	SPONGEBOB SQUAREPANTS - LEGEND OF THE LOST SPATULA (USA, EUROPE)	ROMS/GBC/SpongeBob SquarePants - Legend of the Lost Spatula (USA, Europe).zip	RETROARCH	gambatte_libretro.so
PLAY	GAME BOY COLOR	SPY VS. SPY (USA)	ROMS/GBC/Spy vs. Spy (USA).zip	RETROARCH	gambatte_libretro.so
PLAY	GAME BOY COLOR	STAR WARS EPISODE I - OBI-WAN'S ADVENTURES (USA)	ROMS/GBC/Star Wars Episode I - Obi-Wan's Adventures (USA).zip	RETROARCH	gambatte_libretro.so
PLAY	GAME BOY COLOR	STAR WARS EPISODE I - RACER (USA, EUROPE)	ROMS/GBC/Star Wars Episode I - Racer (USA, Europe).zip	RETROARCH	gambatte_libretro.so
PLAY	GAME BOY COLOR	STREET FIGHTER ALPHA - WARRIORS' DREAMS (USA)	ROMS/GBC/Street Fighter Alpha - Warriors' Dreams (USA).zip	RETROARCH	gambatte_libretro.so
PLAY	GAME BOY COLOR	SUPER BREAKOUT! (USA)	ROMS/GBC/Super Breakout! (USA).zip	RETROARCH	gambatte_libretro.so
PLAY	GAME BOY COLOR	SUPERCROSS FREESTYLE (EUROPE)	ROMS/GBC/Supercross Freestyle (Europe).zip	RETROARCH	gambatte_libretro.so
PLAY	GAME BOY COLOR	SURVIVAL KIDS (U) [C][T1]	ROMS/GBC/survival kids (u) [c][t1].zip	RETROARCH	gambatte_libretro.so
PLAY	GAME BOY COLOR	SURVIVAL KIDS (USA)	ROMS/GBC/Survival Kids (USA).zip	RETROARCH	gambatte_libretro.so
PLAY	GAME BOY COLOR	SUZUKI ALSTARE EXTREME RACING (EUROPE)	ROMS/GBC/Suzuki Alstare Extreme Racing (Europe).zip	RETROARCH	gambatte_libretro.so
PLAY	GAME BOY COLOR	SWIV (EUROPE)	ROMS/GBC/SWIV (Europe).zip	RETROARCH	gambatte_libretro.so
PLAY	GAME BOY COLOR	TARZAN (USA, EUROPE)	ROMS/GBC/Tarzan (USA, Europe).zip	RETROARCH	gambatte_libretro.so
PLAY	GAME BOY COLOR	TAZMANIAN DEVIL - MUNCHING MADNESS (USA)	ROMS/GBC/Tazmanian Devil - Munching Madness (USA).zip	RETROARCH	gambatte_libretro.so
PLAY	GAME BOY COLOR	TECH DECK SKATEBOARDING (USA, EUROPE)	ROMS/GBC/Tech Deck Skateboarding (USA, Europe).zip	RETROARCH	gambatte_libretro.so
PLAY	GAME BOY COLOR	TEST DRIVE 2001 (USA)	ROMS/GBC/Test Drive 2001 (USA).zip	RETROARCH	gambatte_libretro.so
PLAY	GAME BOY COLOR	TEST DRIVE 6 (USA)	ROMS/GBC/Test Drive 6 (USA).zip	RETROARCH	gambatte_libretro.so
PLAY	GAME BOY COLOR	TEST DRIVE CYCLES (USA)	ROMS/GBC/Test Drive Cycles (USA).zip	RETROARCH	gambatte_libretro.so
PLAY	GAME BOY COLOR	TEST DRIVE LE MANS (USA)	ROMS/GBC/Test Drive Le Mans (USA).zip	RETROARCH	gambatte_libretro.so
PLAY	GAME BOY COLOR	TEST DRIVE OFF-ROAD 3 (USA)	ROMS/GBC/Test Drive Off-Road 3 (USA).zip	RETROARCH	gambatte_libretro.so
PLAY	GAME BOY COLOR	TIGER WOODS PGA TOUR 2000 (USA, EUROPE)	ROMS/GBC/Tiger Woods PGA Tour 2000 (USA, Europe).zip	RETROARCH	gambatte_libretro.so
PLAY	GAME BOY COLOR	TINTIN - PRISONERS OF THE SUN (EUROPE)	ROMS/GBC/Tintin - Prisoners of the Sun (Europe).zip	RETROARCH	gambatte_libretro.so
PLAY	GAME BOY COLOR	TINTIN IN TIBET (EUROPE)	ROMS/GBC/Tintin in Tibet (Europe).zip	RETROARCH	gambatte_libretro.so
PLAY	GAME BOY COLOR	TINY TOON ADVENTURES - BUSTER SAVES THE DAY (USA)	ROMS/GBC/Tiny Toon Adventures - Buster Saves the Day (USA).zip	RETROARCH	gambatte_libretro.so
PLAY	GAME BOY COLOR	TINY TOON ADVENTURES - DIZZY'S CANDY QUEST (EUROPE)	ROMS/GBC/Tiny Toon Adventures - Dizzy's Candy Quest (Europe).zip	RETROARCH	gambatte_libretro.so
PLAY	GAME BOY COLOR	TITUS THE FOX TO MARRAKECH AND BACK (USA)	ROMS/GBC/Titus the Fox to Marrakech and Back (USA).zip	RETROARCH	gambatte_libretro.so
PLAY	GAME BOY COLOR	TNN OUTDOORS FISHING CHAMP (USA)	ROMS/GBC/TNN Outdoors Fishing Champ (USA).zip	RETROARCH	gambatte_libretro.so
PLAY	GAME BOY COLOR	TOCA TOURING CAR CHAMPIONSHIP (USA)	ROMS/GBC/TOCA Touring Car Championship (USA).zip	RETROARCH	gambatte_libretro.so
PLAY	GAME BOY COLOR	TOKI TORI (USA, EUROPE)	ROMS/GBC/Toki Tori (USA, Europe).zip	RETROARCH	gambatte_libretro.so
PLAY	GAME BOY COLOR	TOM & JERRY (USA, EUROPE)	ROMS/GBC/Tom & Jerry (USA, Europe).zip	RETROARCH	gambatte_libretro.so
PLAY	GAME BOY COLOR	TOM AND JERRY - MOUSEHUNT (USA)	ROMS/GBC/Tom and Jerry - Mousehunt (USA).zip	RETROARCH	gambatte_libretro.so
PLAY	GAME BOY COLOR	TOM AND JERRY IN MOUSE ATTACKS! (USA)	ROMS/GBC/Tom and Jerry in Mouse Attacks! (USA).zip	RETROARCH	gambatte_libretro.so
PLAY	GAME BOY COLOR	TOM CLANCY'S RAINBOW SIX (USA, EUROPE)	ROMS/GBC/Tom Clancy's Rainbow Six (USA, Europe).zip	RETROARCH	gambatte_libretro.so
PLAY	GAME BOY COLOR	TOMB RAIDER (USA, EUROPE)	ROMS/GBC/Tomb Raider (USA, Europe).zip	RETROARCH	gambatte_libretro.so
PLAY	GAME BOY COLOR	TOMB RAIDER - CURSE OF THE SWORD (USA, EUROPE)	ROMS/GBC/Tomb Raider - Curse of the Sword (USA, Europe).zip	RETROARCH	gambatte_libretro.so
PLAY	GAME BOY COLOR	TONIC TROUBLE (EUROPE)	ROMS/GBC/Tonic Trouble (Europe).zip	RETROARCH	gambatte_libretro.so
PLAY	GAME BOY COLOR	TONKA CONSTRUCTION SITE (USA)	ROMS/GBC/Tonka Construction Site (USA).zip	RETROARCH	gambatte_libretro.so
PLAY	GAME BOY COLOR	TONKA RACEWAY (USA)	ROMS/GBC/Tonka Raceway (USA).zip	RETROARCH	gambatte_libretro.so
PLAY	GAME BOY COLOR	TONY HAWK'S PRO SKATER (USA, EUROPE)	ROMS/GBC/Tony Hawk's Pro Skater (USA, Europe).zip	RETROARCH	gambatte_libretro.so
PLAY	GAME BOY COLOR	TONY HAWK'S PRO SKATER 2 (USA)	ROMS/GBC/Tony Hawk's Pro Skater 2 (USA).zip	RETROARCH	gambatte_libretro.so
PLAY	GAME BOY COLOR	TONY HAWK'S PRO SKATER 3 (USA)	ROMS/GBC/Tony Hawk's Pro Skater 3 (USA).zip	RETROARCH	gambatte_libretro.so
PLAY	GAME BOY COLOR	TOOBIN' (USA)	ROMS/GBC/Toobin' (USA).zip	RETROARCH	gambatte_libretro.so
PLAY	GAME BOY COLOR	TOONSYLVANIA (USA)	ROMS/GBC/Toonsylvania (USA).zip	RETROARCH	gambatte_libretro.so
PLAY	GAME BOY COLOR	TOOTUFF (EUROPE)	ROMS/GBC/Tootuff (Europe).zip	RETROARCH	gambatte_libretro.so
PLAY	GAME BOY COLOR	TOP GEAR POCKET (USA)	ROMS/GBC/Top Gear Pocket (USA).zip	RETROARCH	gambatte_libretro.so
PLAY	GAME BOY COLOR	TOP GEAR POCKET 2 (USA)	ROMS/GBC/Top Gear Pocket 2 (USA).zip	RETROARCH	gambatte_libretro.so
PLAY	GAME BOY COLOR	TOP GUN - FIRE STORM (USA, EUROPE)	ROMS/GBC/Top Gun - Fire Storm (USA, Europe).zip	RETROARCH	gambatte_libretro.so
PLAY	GAME BOY COLOR	TOTAL SOCCER 2000 (EUROPE)	ROMS/GBC/Total Soccer 2000 (Europe).zip	RETROARCH	gambatte_libretro.so
PLAY	GAME BOY COLOR	TOWERS - LORD BANIFF'S DECEIT (USA, EUROPE)	ROMS/GBC/Towers - Lord Baniff's Deceit (USA, Europe).zip	RETROARCH	gambatte_libretro.so
PLAY	GAME BOY COLOR	TOY STORY 2 (USA, EUROPE)	ROMS/GBC/Toy Story 2 (USA, Europe).zip	RETROARCH	gambatte_libretro.so
PLAY	GAME BOY COLOR	TOY STORY RACER (USA)	ROMS/GBC/Toy Story Racer (USA).zip	RETROARCH	gambatte_libretro.so
PLAY	GAME BOY COLOR	TRICK BOARDER (USA)	ROMS/GBC/Trick Boarder (USA).zip	RETROARCH	gambatte_libretro.so
PLAY	GAME BOY COLOR	TRIPLE PLAY 2001 (USA, EUROPE)	ROMS/GBC/Triple Play 2001 (USA, Europe).zip	RETROARCH	gambatte_libretro.so
PLAY	GAME BOY COLOR	TROUBALLS (USA)	ROMS/GBC/Trouballs (USA).zip	RETROARCH	gambatte_libretro.so
PLAY	GAME BOY COLOR	TUROK - RAGE WARS (USA, EUROPE)	ROMS/GBC/Turok - Rage Wars (USA, Europe).zip	RETROARCH	gambatte_libretro.so
PLAY	GAME BOY COLOR	TUROK 2 - SEEDS OF EVIL (USA, EUROPE)	ROMS/GBC/Turok 2 - Seeds of Evil (USA, Europe).zip	RETROARCH	gambatte_libretro.so
PLAY	GAME BOY COLOR	TUROK 3 - SHADOW OF OBLIVION (USA, EUROPE)	ROMS/GBC/Turok 3 - Shadow of Oblivion (USA, Europe).zip	RETROARCH	gambatte_libretro.so
PLAY	GAME BOY COLOR	TWEENIES - DOODLES' BONES (EUROPE)	ROMS/GBC/Tweenies - Doodles' Bones (Europe).zip	RETROARCH	gambatte_libretro.so
PLAY	GAME BOY COLOR	TWEETY'S HIGH-FLYING ADVENTURE (USA)	ROMS/GBC/Tweety's High-Flying Adventure (USA).zip	RETROARCH	gambatte_libretro.so
PLAY	GAME BOY COLOR	TYCO RC - RACIN' RATZ (USA)	ROMS/GBC/Tyco RC - Racin' Ratz (USA).zip	RETROARCH	gambatte_libretro.so
PLAY	GAME BOY COLOR	ULTIMATE FIGHTING CHAMPIONSHIP (USA)	ROMS/GBC/Ultimate Fighting Championship (USA).zip	RETROARCH	gambatte_libretro.so
PLAY	GAME BOY COLOR	ULTIMATE PAINT BALL (USA, EUROPE)	ROMS/GBC/Ultimate Paint Ball (USA, Europe).zip	RETROARCH	gambatte_libretro.so
PLAY	GAME BOY COLOR	ULTIMATE SURFING (USA)	ROMS/GBC/Ultimate Surfing (USA).zip	RETROARCH	gambatte_libretro.so
PLAY	GAME BOY COLOR	V-RALLY - CHAMPIONSHIP EDITION (USA)	ROMS/GBC/V-Rally - Championship Edition (USA).zip	RETROARCH	gambatte_libretro.so
PLAY	GAME BOY COLOR	VEGAS GAMES (USA)	ROMS/GBC/Vegas Games (USA).zip	RETROARCH	gambatte_libretro.so
PLAY	GAME BOY COLOR	VIGILANTE 8 (USA)	ROMS/GBC/Vigilante 8 (USA).zip	RETROARCH	gambatte_libretro.so
PLAY	GAME BOY COLOR	VIP (USA, EUROPE)	ROMS/GBC/VIP (USA, Europe).zip	RETROARCH	gambatte_libretro.so
PLAY	GAME BOY COLOR	WACKY RACES (USA)	ROMS/GBC/Wacky Races (USA).zip	RETROARCH	gambatte_libretro.so
PLAY	GAME BOY COLOR	WALT DISNEY WORLD QUEST - MAGICAL RACING TOUR (USA, EUROPE)	ROMS/GBC/Walt Disney World Quest - Magical Racing Tour (USA, Europe).zip	RETROARCH	gambatte_libretro.so
PLAY	GAME BOY COLOR	WARLOCKED (USA)	ROMS/GBC/Warlocked (USA).zip	RETROARCH	gambatte_libretro.so
PLAY	GAME BOY COLOR	WARRIORS OF MIGHT AND MAGIC (USA)	ROMS/GBC/Warriors of Might and Magic (USA).zip	RETROARCH	gambatte_libretro.so
PLAY	GAME BOY COLOR	WCW MAYHEM (USA, EUROPE)	ROMS/GBC/WCW Mayhem (USA, Europe).zip	RETROARCH	gambatte_libretro.so
PLAY	GAME BOY COLOR	WENDY - EVERY WITCH WAY (USA, EUROPE)	ROMS/GBC/Wendy - Every Witch Way (USA, Europe).zip	RETROARCH	gambatte_libretro.so
PLAY	GAME BOY COLOR	WETRIX GB (EUROPE)	ROMS/GBC/Wetrix GB (Europe).zip	RETROARCH	gambatte_libretro.so
PLAY	GAME BOY COLOR	WHO WANTS TO BE A MILLIONAIRE - 2ND EDITION (USA)	ROMS/GBC/Who Wants to Be a Millionaire - 2nd Edition (USA).zip	RETROARCH	gambatte_libretro.so
PLAY	GAME BOY COLOR	WILD THORNBERRYS, THE - RAMBLER (USA)	ROMS/GBC/Wild Thornberrys, The - Rambler (USA).zip	RETROARCH	gambatte_libretro.so
PLAY	GAME BOY COLOR	WINGS OF FURY (USA)	ROMS/GBC/Wings of Fury (USA).zip	RETROARCH	gambatte_libretro.so
PLAY	GAME BOY COLOR	WINNIE THE POOH - ADVENTURES IN THE 100 ACRE WOOD (USA)	ROMS/GBC/Winnie the Pooh - Adventures in the 100 Acre Wood (USA).zip	RETROARCH	gambatte_libretro.so
PLAY	GAME BOY COLOR	WOODY WOODPECKER (USA)	ROMS/GBC/Woody Woodpecker (USA).zip	RETROARCH	gambatte_libretro.so
PLAY	GAME BOY COLOR	WOODY WOODPECKER RACING (USA)	ROMS/GBC/Woody Woodpecker Racing (USA).zip	RETROARCH	gambatte_libretro.so
PLAY	GAME BOY COLOR	WORLD DESTRUCTION LEAGUE - THUNDER TANKS (USA)	ROMS/GBC/World Destruction League - Thunder Tanks (USA).zip	RETROARCH	gambatte_libretro.so
PLAY	GAME BOY COLOR	WORMS ARMAGEDDON (USA)	ROMS/GBC/Worms Armageddon (USA).zip	RETROARCH	gambatte_libretro.so
PLAY	GAME BOY COLOR	WWF ATTITUDE (USA)	ROMS/GBC/WWF Attitude (USA).zip	RETROARCH	gambatte_libretro.so
PLAY	GAME BOY COLOR	WWF BETRAYAL (USA, EUROPE)	ROMS/GBC/WWF Betrayal (USA, Europe).zip	RETROARCH	gambatte_libretro.so
PLAY	GAME BOY COLOR	WWF WRESTLEMANIA 2000 (USA, EUROPE)	ROMS/GBC/WWF WrestleMania 2000 (USA, Europe).zip	RETROARCH	gambatte_libretro.so
PLAY	GAME BOY COLOR	X-MEN - MUTANT ACADEMY (USA, EUROPE)	ROMS/GBC/X-Men - Mutant Academy (USA, Europe).zip	RETROARCH	gambatte_libretro.so
PLAY	GAME BOY COLOR	X-MEN - MUTANT WARS (USA, EUROPE)	ROMS/GBC/X-Men - Mutant Wars (USA, Europe).zip	RETROARCH	gambatte_libretro.so
PLAY	GAME BOY COLOR	X-MEN - WOLVERINE'S RAGE (USA)	ROMS/GBC/X-Men - Wolverine's Rage (USA).zip	RETROARCH	gambatte_libretro.so
PLAY	GAME BOY COLOR	XENA - WARRIOR PRINCESS (USA, EUROPE)	ROMS/GBC/Xena - Warrior Princess (USA, Europe).zip	RETROARCH	gambatte_libretro.so
PLAY	GAME BOY COLOR	XTREME SPORTS (USA)	ROMS/GBC/Xtreme Sports (USA).zip	RETROARCH	gambatte_libretro.so
PLAY	GAME BOY COLOR	XTREME WHEELS (USA)	ROMS/GBC/Xtreme Wheels (USA).zip	RETROARCH	gambatte_libretro.so
PLAY	GAME BOY COLOR	YARS' REVENGE (USA, EUROPE)	ROMS/GBC/Yars' Revenge (USA, Europe).zip	RETROARCH	gambatte_libretro.so
PLAY	GAME BOY COLOR	YODA STORIES (USA)	ROMS/GBC/Yoda Stories (USA).zip	RETROARCH	gambatte_libretro.so
PLAY	GAME BOY COLOR	YOGI BEAR - GREAT BALLOON BLAST (USA)	ROMS/GBC/Yogi Bear - Great Balloon Blast (USA).zip	RETROARCH	gambatte_libretro.so
PLAY	GAME BOY COLOR	YU-GI-OH! - DARK DUEL STORIES (USA)	ROMS/GBC/Yu-Gi-Oh! - Dark Duel Stories (USA).zip	RETROARCH	gambatte_libretro.so
PLAY	GAME BOY COLOR	ZEBCO FISHING! (USA)	ROMS/GBC/Zebco Fishing! (USA).zip	RETROARCH	gambatte_libretro.so
PLAY	GAME BOY COLOR	ZELDA DX - LINKS AWAKENING (USA)(INDEPENDENT)	ROMS/GBC/Zelda DX - Links Awakening (USA)(Independent).zip	RETROARCH	gambatte_libretro.so
PLAY	GAME BOY COLOR	ZIDANE FOOTBALL GENERATION (EUROPE)	ROMS/GBC/Zidane Football Generation (Europe).zip	RETROARCH	gambatte_libretro.so
PLAY	GAME BOY COLOR	ZOBOOMAFOO - PLAYTIME IN ZOBOOLAND (USA)	ROMS/GBC/Zoboomafoo - Playtime in Zobooland (USA).zip	RETROARCH	gambatte_libretro.so
PLAY	GAME GEAR	AA HARIMANADA (JAPAN)	ROMS/GG/Aa Harimanada (Japan).zip	RETROARCH	picodrive_libretro.so
PLAY	GAME GEAR	ADDAMS FAMILY, THE (WORLD)	ROMS/GG/Addams Family, The (World).zip	RETROARCH	picodrive_libretro.so
PLAY	GAME GEAR	ADVENTURES OF BATMAN & ROBIN, THE (USA, EUROPE)	ROMS/GG/Adventures of Batman & Robin, The (USA, Europe).zip	RETROARCH	picodrive_libretro.so
PLAY	GAME GEAR	ALADDIN (USA, EUROPE)	ROMS/GG/Aladdin (USA, Europe).zip	RETROARCH	picodrive_libretro.so
PLAY	GAME GEAR	ALIEN 3 (USA, EUROPE)	ROMS/GG/Alien 3 (USA, Europe).zip	RETROARCH	picodrive_libretro.so
PLAY	GAME GEAR	ALIEN SYNDROME (USA, EUROPE)	ROMS/GG/Alien Syndrome (USA, Europe).zip	RETROARCH	picodrive_libretro.so
PLAY	GAME GEAR	ANDRE AGASSI TENNIS (USA)	ROMS/GG/Andre Agassi Tennis (USA).zip	RETROARCH	picodrive_libretro.so
PLAY	GAME GEAR	ARCADE CLASSICS (USA)	ROMS/GG/Arcade Classics (USA).zip	RETROARCH	picodrive_libretro.so
PLAY	GAME GEAR	ARCH RIVALS (USA)	ROMS/GG/Arch Rivals (USA).zip	RETROARCH	picodrive_libretro.so
PLAY	GAME GEAR	ARENA (USA, EUROPE)	ROMS/GG/Arena (USA, Europe).zip	RETROARCH	picodrive_libretro.so
PLAY	GAME GEAR	ARIEL THE LITTLE MERMAID (USA, EUROPE)	ROMS/GG/Ariel the Little Mermaid (USA, Europe).zip	RETROARCH	picodrive_libretro.so
PLAY	GAME GEAR	ASTERIX AND THE GREAT RESCUE (USA)	ROMS/GG/Asterix and the Great Rescue (USA).zip	RETROARCH	picodrive_libretro.so
PLAY	GAME GEAR	ASTERIX AND THE SECRET MISSION (EUROPE)	ROMS/GG/Asterix and the Secret Mission (Europe).zip	RETROARCH	picodrive_libretro.so
PLAY	GAME GEAR	AYRTON SENNA'S SUPER MONACO GP II (USA, EUROPE)	ROMS/GG/Ayrton Senna's Super Monaco GP II (USA, Europe).zip	RETROARCH	picodrive_libretro.so
PLAY	GAME GEAR	BAKU BAKU ANIMAL (USA)	ROMS/GG/Baku Baku Animal (USA).zip	RETROARCH	picodrive_libretro.so
PLAY	GAME GEAR	BARBIE SUPER MODEL (USA) (PROTO)	ROMS/GG/Barbie Super Model (USA) (Proto).zip	RETROARCH	picodrive_libretro.so
PLAY	GAME GEAR	BARTMAN MEETS RADIOACTIVE MAN (USA, EUROPE)	ROMS/GG/Bartman Meets Radioactive Man (USA, Europe).zip	RETROARCH	picodrive_libretro.so
PLAY	GAME GEAR	BATMAN FOREVER (WORLD)	ROMS/GG/Batman Forever (World).zip	RETROARCH	picodrive_libretro.so
PLAY	GAME GEAR	BATMAN RETURNS (WORLD)	ROMS/GG/Batman Returns (World).zip	RETROARCH	picodrive_libretro.so
PLAY	GAME GEAR	BATTER UP (USA, EUROPE)	ROMS/GG/Batter Up (USA, Europe).zip	RETROARCH	picodrive_libretro.so
PLAY	GAME GEAR	BATTLESHIP (USA, EUROPE)	ROMS/GG/Battleship (USA, Europe).zip	RETROARCH	picodrive_libretro.so
PLAY	GAME GEAR	BATTLETOADS (USA)	ROMS/GG/Battletoads (USA).zip	RETROARCH	picodrive_libretro.so
PLAY	GAME GEAR	BEAVIS AND BUTT-HEAD (USA)	ROMS/GG/Beavis and Butt-head (USA).zip	RETROARCH	picodrive_libretro.so
PLAY	GAME GEAR	BERENSTAIN BEARS' CAMPING ADVENTURE, THE (USA)	ROMS/GG/Berenstain Bears' Camping Adventure, The (USA).zip	RETROARCH	picodrive_libretro.so
PLAY	GAME GEAR	BERLIN NO KABE (JAPAN)	ROMS/GG/Berlin no Kabe (Japan).zip	RETROARCH	picodrive_libretro.so
PLAY	GAME GEAR	BISHOUJO SENSHI SAILOR MOON S (JAPAN)	ROMS/GG/Bishoujo Senshi Sailor Moon S (Japan).zip	RETROARCH	picodrive_libretro.so
PLAY	GAME GEAR	BONKERS WAX UP! (USA, EUROPE)	ROMS/GG/Bonkers Wax Up! (USA, Europe).zip	RETROARCH	picodrive_libretro.so
PLAY	GAME GEAR	BRAM STOKER'S DRACULA (USA)	ROMS/GG/Bram Stoker's Dracula (USA).zip	RETROARCH	picodrive_libretro.so
PLAY	GAME GEAR	BUBBLE BOBBLE (USA, EUROPE)	ROMS/GG/Bubble Bobble (USA, Europe).zip	RETROARCH	picodrive_libretro.so
PLAY	GAME GEAR	BUGS BUNNY IN DOUBLE TROUBLE (USA, EUROPE)	ROMS/GG/Bugs Bunny in Double Trouble (USA, Europe).zip	RETROARCH	picodrive_libretro.so
PLAY	GAME GEAR	BUST-A-MOVE (USA, EUROPE)	ROMS/GG/Bust-A-Move (USA, Europe).zip	RETROARCH	picodrive_libretro.so
PLAY	GAME GEAR	BUSTER BALL (JAPAN)	ROMS/GG/Buster Ball (Japan).zip	RETROARCH	picodrive_libretro.so
PLAY	GAME GEAR	BUSTER FIGHT (JAPAN)	ROMS/GG/Buster Fight (Japan).zip	RETROARCH	picodrive_libretro.so
PLAY	GAME GEAR	CAESARS PALACE (USA)	ROMS/GG/Caesars Palace (USA).zip	RETROARCH	picodrive_libretro.so
PLAY	GAME GEAR	CAPTAIN AMERICA AND THE AVENGERS (USA, EUROPE)	ROMS/GG/Captain America and the Avengers (USA, Europe).zip	RETROARCH	picodrive_libretro.so
PLAY	GAME GEAR	CASINO FUNPAK (USA)	ROMS/GG/Casino Funpak (USA).zip	RETROARCH	picodrive_libretro.so
PLAY	GAME GEAR	CASTLE OF ILLUSION STARRING MICKEY MOUSE (USA, EUROPE)	ROMS/GG/Castle of Illusion Starring Mickey Mouse (USA, Europe).zip	RETROARCH	picodrive_libretro.so
PLAY	GAME GEAR	CHAKAN (USA, EUROPE)	ROMS/GG/Chakan (USA, Europe).zip	RETROARCH	picodrive_libretro.so
PLAY	GAME GEAR	CHAMPIONSHIP HOCKEY (EUROPE)	ROMS/GG/Championship Hockey (Europe).zip	RETROARCH	picodrive_libretro.so
PLAY	GAME GEAR	CHASE H.Q. (USA)	ROMS/GG/Chase H.Q. (USA).zip	RETROARCH	picodrive_libretro.so
PLAY	GAME GEAR	CHEESE CAT-ASTROPHE - STARRING SPEEDY GONZALES (EUROPE)	ROMS/GG/Cheese Cat-Astrophe - Starring Speedy Gonzales (Europe).zip	RETROARCH	picodrive_libretro.so
PLAY	GAME GEAR	CHESSMASTER, THE (USA, EUROPE)	ROMS/GG/Chessmaster, The (USA, Europe).zip	RETROARCH	picodrive_libretro.so
PLAY	GAME GEAR	CHICAGO SYNDICATE (USA, EUROPE)	ROMS/GG/Chicago Syndicate (USA, Europe).zip	RETROARCH	picodrive_libretro.so
PLAY	GAME GEAR	CHOPLIFTER III (USA, EUROPE)	ROMS/GG/Choplifter III (USA, Europe).zip	RETROARCH	picodrive_libretro.so
PLAY	GAME GEAR	CHUCK ROCK (WORLD)	ROMS/GG/Chuck Rock (World).zip	RETROARCH	picodrive_libretro.so
PLAY	GAME GEAR	CHUCK ROCK II - SON OF CHUCK (USA)	ROMS/GG/Chuck Rock II - Son of Chuck (USA).zip	RETROARCH	picodrive_libretro.so
PLAY	GAME GEAR	CJ ELEPHANT FUGITIVE (EUROPE)	ROMS/GG/CJ Elephant Fugitive (Europe).zip	RETROARCH	picodrive_libretro.so
PLAY	GAME GEAR	CLIFFHANGER (USA, EUROPE)	ROMS/GG/Cliffhanger (USA, Europe).zip	RETROARCH	picodrive_libretro.so
PLAY	GAME GEAR	CLUTCH HITTER (USA)	ROMS/GG/Clutch Hitter (USA).zip	RETROARCH	picodrive_libretro.so
PLAY	GAME GEAR	COCA-COLA KID (JAPAN) (TRANSLATED EN)	ROMS/GG/Coca-Cola Kid (Japan) (Translated En).zip	RETROARCH	picodrive_libretro.so
PLAY	GAME GEAR	COLUMNS (USA, EUROPE)	ROMS/GG/Columns (USA, Europe).zip	RETROARCH	picodrive_libretro.so
PLAY	GAME GEAR	COOL SPOT (USA)	ROMS/GG/Cool Spot (USA).zip	RETROARCH	picodrive_libretro.so
PLAY	GAME GEAR	COSMIC SPACEHEAD (USA)	ROMS/GG/Cosmic Spacehead (USA).zip	RETROARCH	picodrive_libretro.so
PLAY	GAME GEAR	CRAYON SHIN-CHAN - TAIKETSU! KANTAM PANIC!! (JAPAN)	ROMS/GG/Crayon Shin-chan - Taiketsu! Kantam Panic!! (Japan).zip	RETROARCH	picodrive_libretro.so
PLAY	GAME GEAR	CRAZY FACES (USA) (PROTO)	ROMS/GG/Crazy Faces (USA) (Proto).zip	RETROARCH	picodrive_libretro.so
PLAY	GAME GEAR	CRYSTAL WARRIORS (USA, EUROPE)	ROMS/GG/Crystal Warriors (USA, Europe).zip	RETROARCH	picodrive_libretro.so
PLAY	GAME GEAR	CUTTHROAT ISLAND (USA, EUROPE)	ROMS/GG/Cutthroat Island (USA, Europe).zip	RETROARCH	picodrive_libretro.so
PLAY	GAME GEAR	DAFFY DUCK IN HOLLYWOOD (EUROPE)	ROMS/GG/Daffy Duck in Hollywood (Europe).zip	RETROARCH	picodrive_libretro.so
PLAY	GAME GEAR	DEEP DUCK TROUBLE STARRING DONALD DUCK (USA, EUROPE)	ROMS/GG/Deep Duck Trouble Starring Donald Duck (USA, Europe).zip	RETROARCH	picodrive_libretro.so
PLAY	GAME GEAR	DEFENDERS OF OASIS (USA, EUROPE)	ROMS/GG/Defenders of Oasis (USA, Europe).zip	RETROARCH	picodrive_libretro.so
PLAY	GAME GEAR	DESERT SPEEDTRAP (USA)	ROMS/GG/Desert Speedtrap (USA).zip	RETROARCH	picodrive_libretro.so
PLAY	GAME GEAR	DESERT STRIKE - RETURN TO THE GULF (USA, EUROPE)	ROMS/GG/Desert Strike - Return to the Gulf (USA, Europe).zip	RETROARCH	picodrive_libretro.so
PLAY	GAME GEAR	DEVILISH (USA)	ROMS/GG/Devilish (USA).zip	RETROARCH	picodrive_libretro.so
PLAY	GAME GEAR	DONALD NO MAGICAL WORLD (JAPAN)	ROMS/GG/Donald no Magical World (Japan).zip	RETROARCH	picodrive_libretro.so
PLAY	GAME GEAR	DORAEMON - NORANOSUKE NO YABOU (JAPAN)	ROMS/GG/Doraemon - Noranosuke no Yabou (Japan).zip	RETROARCH	picodrive_libretro.so
PLAY	GAME GEAR	DORAEMON - WAKU WAKU POCKET PARADISE (JAPAN)	ROMS/GG/Doraemon - Waku Waku Pocket Paradise (Japan).zip	RETROARCH	picodrive_libretro.so
PLAY	GAME GEAR	DR. ROBOTNIK'S MEAN BEAN MACHINE (USA, EUROPE)	ROMS/GG/Dr. Robotnik's Mean Bean Machine (USA, Europe).zip	RETROARCH	picodrive_libretro.so
PLAY	GAME GEAR	DRAGON - THE BRUCE LEE STORY (USA)	ROMS/GG/Dragon - The Bruce Lee Story (USA).zip	RETROARCH	picodrive_libretro.so
PLAY	GAME GEAR	DRAGON CRYSTAL (USA, EUROPE)	ROMS/GG/Dragon Crystal (USA, Europe).zip	RETROARCH	picodrive_libretro.so
PLAY	GAME GEAR	DROPZONE (EUROPE)	ROMS/GG/Dropzone (Europe).zip	RETROARCH	picodrive_libretro.so
PLAY	GAME GEAR	DUNK KIDS (JAPAN)	ROMS/GG/Dunk Kids (Japan).zip	RETROARCH	picodrive_libretro.so
PLAY	GAME GEAR	DYNAMITE HEADDY (USA, EUROPE)	ROMS/GG/Dynamite Headdy (USA, Europe).zip	RETROARCH	picodrive_libretro.so
PLAY	GAME GEAR	EARTHWORM JIM (USA)	ROMS/GG/Earthworm Jim (USA).zip	RETROARCH	picodrive_libretro.so
PLAY	GAME GEAR	ECCO II - THE TIDES OF TIME (USA, EUROPE)	ROMS/GG/Ecco II - The Tides of Time (USA, Europe).zip	RETROARCH	picodrive_libretro.so
PLAY	GAME GEAR	ECCO THE DOLPHIN (USA, EUROPE)	ROMS/GG/Ecco the Dolphin (USA, Europe).zip	RETROARCH	picodrive_libretro.so
PLAY	GAME GEAR	ERNIE ELS GOLF (EUROPE)	ROMS/GG/Ernie Els Golf (Europe).zip	RETROARCH	picodrive_libretro.so
PLAY	GAME GEAR	EVANDER HOLYFIELD BOXING (USA, EUROPE)	ROMS/GG/Evander Holyfield Boxing (USA, Europe).zip	RETROARCH	picodrive_libretro.so
PLAY	GAME GEAR	EXCELLENT DIZZY COLLECTION, THE (EUROPE)	ROMS/GG/Excellent Dizzy Collection, The (Europe).zip	RETROARCH	picodrive_libretro.so
PLAY	GAME GEAR	F1 (USA, EUROPE)	ROMS/GG/F1 (USA, Europe).zip	RETROARCH	picodrive_libretro.so
PLAY	GAME GEAR	F1 - WORLD CHAMPIONSHIP EDITION (EUROPE)	ROMS/GG/F1 - World Championship Edition (Europe).zip	RETROARCH	picodrive_libretro.so
PLAY	GAME GEAR	FACEBALL 2000 (JAPAN)	ROMS/GG/Faceball 2000 (Japan).zip	RETROARCH	picodrive_libretro.so
PLAY	GAME GEAR	FACTORY PANIC (EUROPE)	ROMS/GG/Factory Panic (Europe).zip	RETROARCH	picodrive_libretro.so
PLAY	GAME GEAR	FANTASTIC DIZZY (USA)	ROMS/GG/Fantastic Dizzy (USA).zip	RETROARCH	picodrive_libretro.so
PLAY	GAME GEAR	FANTASY ZONE (USA)	ROMS/GG/Fantasy Zone (USA).zip	RETROARCH	picodrive_libretro.so
PLAY	GAME GEAR	FANTASY ZONE GEAR (JAPAN, EUROPE)	ROMS/GG/Fantasy Zone Gear (Japan, Europe).zip	RETROARCH	picodrive_libretro.so
PLAY	GAME GEAR	FIFA INTERNATIONAL SOCCER (USA, EUROPE)	ROMS/GG/FIFA International Soccer (USA, Europe).zip	RETROARCH	picodrive_libretro.so
PLAY	GAME GEAR	FIFA SOCCER 96 (USA, EUROPE)	ROMS/GG/FIFA Soccer 96 (USA, Europe).zip	RETROARCH	picodrive_libretro.so
PLAY	GAME GEAR	FOREMAN FOR REAL (WORLD)	ROMS/GG/Foreman for Real (World).zip	RETROARCH	picodrive_libretro.so
PLAY	GAME GEAR	FRANK THOMAS BIG HURT BASEBALL (USA)	ROMS/GG/Frank Thomas Big Hurt Baseball (USA).zip	RETROARCH	picodrive_libretro.so
PLAY	GAME GEAR	FRED COUPLES' GOLF (USA)	ROMS/GG/Fred Couples' Golf (USA).zip	RETROARCH	picodrive_libretro.so
PLAY	GAME GEAR	FROGGER (USA) (PROTO)	ROMS/GG/Frogger (USA) (Proto).zip	RETROARCH	picodrive_libretro.so
PLAY	GAME GEAR	FROM TV ANIMATION - SLAM DUNK - SHOURI E NO STARTING 5 (JAPAN)	ROMS/GG/From TV Animation - Slam Dunk - Shouri e no Starting 5 (Japan).zip	RETROARCH	picodrive_libretro.so
PLAY	GAME GEAR	G-LOC AIR BATTLE (USA, EUROPE)	ROMS/GG/G-LOC Air Battle (USA, Europe).zip	RETROARCH	picodrive_libretro.so
PLAY	GAME GEAR	GALAGA 2 (EUROPE)	ROMS/GG/Galaga 2 (Europe).zip	RETROARCH	picodrive_libretro.so
PLAY	GAME GEAR	GAMBLE PANIC (JAPAN)	ROMS/GG/Gamble Panic (Japan).zip	RETROARCH	picodrive_libretro.so
PLAY	GAME GEAR	GAMBLER JIKO CHUUSHINHA (JAPAN)	ROMS/GG/Gambler Jiko Chuushinha (Japan).zip	RETROARCH	picodrive_libretro.so
PLAY	GAME GEAR	GANBARE GORBY! (JAPAN)	ROMS/GG/Ganbare Gorby! (Japan).zip	RETROARCH	picodrive_libretro.so
PLAY	GAME GEAR	GARFIELD - CAUGHT IN THE ACT (USA, EUROPE)	ROMS/GG/Garfield - Caught in the Act (USA, Europe).zip	RETROARCH	picodrive_libretro.so
PLAY	GAME GEAR	GEAR WORKS (USA)	ROMS/GG/Gear Works (USA).zip	RETROARCH	picodrive_libretro.so
PLAY	GAME GEAR	GEORGE FOREMAN'S KO BOXING (USA, EUROPE)	ROMS/GG/George Foreman's KO Boxing (USA, Europe).zip	RETROARCH	picodrive_libretro.so
PLAY	GAME GEAR	GG ALESTE (JAPAN)	ROMS/GG/GG Aleste (Japan).zip	RETROARCH	picodrive_libretro.so
PLAY	GAME GEAR	GP RIDER (USA, EUROPE)	ROMS/GG/GP Rider (USA, Europe).zip	RETROARCH	picodrive_libretro.so
PLAY	GAME GEAR	GREENDOG (USA, EUROPE)	ROMS/GG/Greendog (USA, Europe).zip	RETROARCH	picodrive_libretro.so
PLAY	GAME GEAR	GRIFFIN (JAPAN)	ROMS/GG/Griffin (Japan).zip	RETROARCH	picodrive_libretro.so
PLAY	GAME GEAR	GUNSTAR HEROES (JAPAN)	ROMS/GG/Gunstar Heroes (Japan).zip	RETROARCH	picodrive_libretro.so
PLAY	GAME GEAR	HALLEY WARS (USA, EUROPE)	ROMS/GG/Halley Wars (USA, Europe).zip	RETROARCH	picodrive_libretro.so
PLAY	GAME GEAR	HEAD BUSTER (JAPAN) (TRANSLATED EN)	ROMS/GG/Head Buster (Japan) (Translated En).zip	RETROARCH	picodrive_libretro.so
PLAY	GAME GEAR	HOME ALONE (USA, EUROPE)	ROMS/GG/Home Alone (USA, Europe).zip	RETROARCH	picodrive_libretro.so
PLAY	GAME GEAR	HOOK (USA, EUROPE)	ROMS/GG/Hook (USA, Europe).zip	RETROARCH	picodrive_libretro.so
PLAY	GAME GEAR	HURRICANES (EUROPE)	ROMS/GG/Hurricanes (Europe).zip	RETROARCH	picodrive_libretro.so
PLAY	GAME GEAR	HYOKKORI HYOUTAN-JIMA - HYOUTAN-JIMA NO DAIKOUKAI (JAPAN)	ROMS/GG/Hyokkori Hyoutan-Jima - Hyoutan-Jima no Daikoukai (Japan).zip	RETROARCH	picodrive_libretro.so
PLAY	GAME GEAR	ICHIDANT~R GG (JAPAN)	ROMS/GG/Ichidant~R GG (Japan).zip	RETROARCH	picodrive_libretro.so
PLAY	GAME GEAR	INCREDIBLE CRASH DUMMIES, THE (USA, EUROPE)	ROMS/GG/Incredible Crash Dummies, The (USA, Europe).zip	RETROARCH	picodrive_libretro.so
PLAY	GAME GEAR	INCREDIBLE HULK, THE (USA, EUROPE)	ROMS/GG/Incredible Hulk, The (USA, Europe).zip	RETROARCH	picodrive_libretro.so
PLAY	GAME GEAR	INDIANA JONES AND THE LAST CRUSADE (USA, EUROPE)	ROMS/GG/Indiana Jones and the Last Crusade (USA, Europe).zip	RETROARCH	picodrive_libretro.so
PLAY	GAME GEAR	IRON MAN X-O MANOWAR IN HEAVY METAL (USA, EUROPE)	ROMS/GG/Iron Man X-O Manowar in Heavy Metal (USA, Europe).zip	RETROARCH	picodrive_libretro.so
PLAY	GAME GEAR	ITCHY & SCRATCHY GAME, THE (USA, EUROPE)	ROMS/GG/Itchy & Scratchy Game, The (USA, Europe).zip	RETROARCH	picodrive_libretro.so
PLAY	GAME GEAR	J-LEAGUE GG PRO STRIKER '94 (JAPAN)	ROMS/GG/J-League GG Pro Striker '94 (Japan).zip	RETROARCH	picodrive_libretro.so
PLAY	GAME GEAR	J-LEAGUE SOCCER - DREAM ELEVEN (JAPAN)	ROMS/GG/J-League Soccer - Dream Eleven (Japan).zip	RETROARCH	picodrive_libretro.so
PLAY	GAME GEAR	JAMES BOND 007 - THE DUEL (EUROPE)	ROMS/GG/James Bond 007 - The Duel (Europe).zip	RETROARCH	picodrive_libretro.so
PLAY	GAME GEAR	JAMES POND 3 - OPERATION STARFI5H (EUROPE)	ROMS/GG/James Pond 3 - Operation Starfi5h (Europe).zip	RETROARCH	picodrive_libretro.so
PLAY	GAME GEAR	JAMES POND II - CODENAME ROBOCOD (USA)	ROMS/GG/James Pond II - Codename RoboCod (USA).zip	RETROARCH	picodrive_libretro.so
PLAY	GAME GEAR	JANG PUNG II (KOREA) (UNL)	ROMS/GG/Jang Pung II (Korea) (Unl).zip	RETROARCH	picodrive_libretro.so
PLAY	GAME GEAR	JEOPARDY! (USA)	ROMS/GG/Jeopardy! (USA).zip	RETROARCH	picodrive_libretro.so
PLAY	GAME GEAR	JEOPARDY! - SPORTS EDITION (USA, EUROPE)	ROMS/GG/Jeopardy! - Sports Edition (USA, Europe).zip	RETROARCH	picodrive_libretro.so
PLAY	GAME GEAR	JOE MONTANA'S FOOTBALL (USA, EUROPE)	ROMS/GG/Joe Montana's Football (USA, Europe).zip	RETROARCH	picodrive_libretro.so
PLAY	GAME GEAR	JOURNEY FROM DARKNESS - STRIDER RETURNS (USA, EUROPE)	ROMS/GG/Journey from Darkness - Strider Returns (USA, Europe).zip	RETROARCH	picodrive_libretro.so
PLAY	GAME GEAR	JUDGE DREDD (USA, EUROPE)	ROMS/GG/Judge Dredd (USA, Europe).zip	RETROARCH	picodrive_libretro.so
PLAY	GAME GEAR	JUNCTION (USA, EUROPE)	ROMS/GG/Junction (USA, Europe).zip	RETROARCH	picodrive_libretro.so
PLAY	GAME GEAR	JUNGLE BOOK, THE (USA)	ROMS/GG/Jungle Book, The (USA).zip	RETROARCH	picodrive_libretro.so
PLAY	GAME GEAR	JUNGLE STRIKE (USA)	ROMS/GG/Jungle Strike (USA).zip	RETROARCH	picodrive_libretro.so
PLAY	GAME GEAR	JURASSIC PARK (USA, EUROPE)	ROMS/GG/Jurassic Park (USA, Europe).zip	RETROARCH	picodrive_libretro.so
PLAY	GAME GEAR	KAITOU SAINT TAIL (JAPAN)	ROMS/GG/Kaitou Saint Tail (Japan).zip	RETROARCH	picodrive_libretro.so
PLAY	GAME GEAR	KAWASAKI SUPERBIKE CHALLENGE (USA, EUROPE)	ROMS/GG/Kawasaki Superbike Challenge (USA, Europe).zip	RETROARCH	picodrive_libretro.so
PLAY	GAME GEAR	KINETIC CONNECTION (JAPAN)	ROMS/GG/Kinetic Connection (Japan).zip	RETROARCH	picodrive_libretro.so
PLAY	GAME GEAR	KISHIN DOUJI ZENKI (JAPAN)	ROMS/GG/Kishin Douji Zenki (Japan).zip	RETROARCH	picodrive_libretro.so
PLAY	GAME GEAR	KLAX (USA, EUROPE)	ROMS/GG/Klax (USA, Europe).zip	RETROARCH	picodrive_libretro.so
PLAY	GAME GEAR	KRUSTY'S FUN HOUSE (USA, EUROPE)	ROMS/GG/Krusty's Fun House (USA, Europe).zip	RETROARCH	picodrive_libretro.so
PLAY	GAME GEAR	LAND OF ILLUSION STARRING MICKEY MOUSE (USA, EUROPE)	ROMS/GG/Land of Illusion Starring Mickey Mouse (USA, Europe).zip	RETROARCH	picodrive_libretro.so
PLAY	GAME GEAR	LAST ACTION HERO (USA)	ROMS/GG/Last Action Hero (USA).zip	RETROARCH	picodrive_libretro.so
PLAY	GAME GEAR	LEGEND OF ILLUSION STARRING MICKEY MOUSE (USA, EUROPE)	ROMS/GG/Legend of Illusion Starring Mickey Mouse (USA, Europe).zip	RETROARCH	picodrive_libretro.so
PLAY	GAME GEAR	LEMMINGS (WORLD)	ROMS/GG/Lemmings (World).zip	RETROARCH	picodrive_libretro.so
PLAY	GAME GEAR	LEMMINGS 2 - THE TRIBES (EUROPE) (PROTO)	ROMS/GG/Lemmings 2 - The Tribes (Europe) (Proto).zip	RETROARCH	picodrive_libretro.so
PLAY	GAME GEAR	LION KING, THE (USA)	ROMS/GG/Lion King, The (USA).zip	RETROARCH	picodrive_libretro.so
PLAY	GAME GEAR	LOST WORLD, THE - JURASSIC PARK (USA)	ROMS/GG/Lost World, The - Jurassic Park (USA).zip	RETROARCH	picodrive_libretro.so
PLAY	GAME GEAR	LUCKY DIME CAPER, THE (USA, EUROPE)	ROMS/GG/Lucky Dime Caper, The (USA, Europe).zip	RETROARCH	picodrive_libretro.so
PLAY	GAME GEAR	LUNAR - SANPOSURU GAKUEN (JAPAN) (TRANSLATED EN)	ROMS/GG/Lunar - Sanposuru Gakuen (Japan) (Translated En).zip	RETROARCH	picodrive_libretro.so
PLAY	GAME GEAR	MADDEN NFL '95 (USA)	ROMS/GG/Madden NFL '95 (USA).zip	RETROARCH	picodrive_libretro.so
PLAY	GAME GEAR	MADDEN NFL '96 (USA, EUROPE)	ROMS/GG/Madden NFL '96 (USA, Europe).zip	RETROARCH	picodrive_libretro.so
PLAY	GAME GEAR	MADOU MONOGATARI I - 3-TSU NO MADOUKYUU (JAPAN) (TRANSLATED EN)	ROMS/GG/Madou Monogatari I - 3-Tsu no Madoukyuu (Japan) (Translated En).zip	RETROARCH	picodrive_libretro.so
PLAY	GAME GEAR	MAGICAL PUZZLE POPILS (WORLD)	ROMS/GG/Magical Puzzle Popils (World).zip	RETROARCH	picodrive_libretro.so
PLAY	GAME GEAR	MAGICAL TARURUUTO-KUN (JAPAN)	ROMS/GG/Magical Taruruuto-kun (Japan).zip	RETROARCH	picodrive_libretro.so
PLAY	GAME GEAR	MAJORS PRO BASEBALL, THE (USA)	ROMS/GG/Majors Pro Baseball, The (USA).zip	RETROARCH	picodrive_libretro.so
PLAY	GAME GEAR	MAPPY (JAPAN)	ROMS/GG/Mappy (Japan).zip	RETROARCH	picodrive_libretro.so
PLAY	GAME GEAR	MARBLE MADNESS (USA, EUROPE)	ROMS/GG/Marble Madness (USA, Europe).zip	RETROARCH	picodrive_libretro.so
PLAY	GAME GEAR	MARKO'S MAGIC FOOTBALL (EUROPE)	ROMS/GG/Marko's Magic Football (Europe).zip	RETROARCH	picodrive_libretro.so
PLAY	GAME GEAR	MEGA MAN (USA, EUROPE)	ROMS/GG/Mega Man (USA, Europe).zip	RETROARCH	picodrive_libretro.so
PLAY	GAME GEAR	MICK & MACK AS THE GLOBAL GLADIATORS (USA, EUROPE)	ROMS/GG/Mick & Mack as the Global Gladiators (USA, Europe).zip	RETROARCH	picodrive_libretro.so
PLAY	GAME GEAR	MICKEY'S ULTIMATE CHALLENGE (USA, EUROPE)	ROMS/GG/Mickey's Ultimate Challenge (USA, Europe).zip	RETROARCH	picodrive_libretro.so
PLAY	GAME GEAR	MICRO MACHINES (EUROPE)	ROMS/GG/Micro Machines (Europe).zip	RETROARCH	picodrive_libretro.so
PLAY	GAME GEAR	MICRO MACHINES 2 - TURBO TOURNAMENT (EUROPE)	ROMS/GG/Micro Machines 2 - Turbo Tournament (Europe).zip	RETROARCH	picodrive_libretro.so
PLAY	GAME GEAR	MIGHTY MORPHIN POWER RANGERS (USA, EUROPE)	ROMS/GG/Mighty Morphin Power Rangers (USA, Europe).zip	RETROARCH	picodrive_libretro.so
PLAY	GAME GEAR	MIGHTY MORPHIN POWER RANGERS - THE MOVIE (USA, EUROPE)	ROMS/GG/Mighty Morphin Power Rangers - The Movie (USA, Europe).zip	RETROARCH	picodrive_libretro.so
PLAY	GAME GEAR	MLBPA BASEBALL (USA)	ROMS/GG/MLBPA Baseball (USA).zip	RETROARCH	picodrive_libretro.so
PLAY	GAME GEAR	MONSTER TRUCK WARS (USA, EUROPE)	ROMS/GG/Monster Truck Wars (USA, Europe).zip	RETROARCH	picodrive_libretro.so
PLAY	GAME GEAR	MORTAL KOMBAT (USA, EUROPE)	ROMS/GG/Mortal Kombat (USA, Europe).zip	RETROARCH	picodrive_libretro.so
PLAY	GAME GEAR	MORTAL KOMBAT 3 (EUROPE)	ROMS/GG/Mortal Kombat 3 (Europe).zip	RETROARCH	picodrive_libretro.so
PLAY	GAME GEAR	MORTAL KOMBAT II (WORLD)	ROMS/GG/Mortal Kombat II (World).zip	RETROARCH	picodrive_libretro.so
PLAY	GAME GEAR	MS. PAC-MAN (USA)	ROMS/GG/Ms. Pac-Man (USA).zip	RETROARCH	picodrive_libretro.so
PLAY	GAME GEAR	NBA ACTION (USA)	ROMS/GG/NBA Action (USA).zip	RETROARCH	picodrive_libretro.so
PLAY	GAME GEAR	NBA JAM (USA)	ROMS/GG/NBA Jam (USA).zip	RETROARCH	picodrive_libretro.so
PLAY	GAME GEAR	NBA JAM TOURNAMENT EDITION (USA, EUROPE)	ROMS/GG/NBA Jam Tournament Edition (USA, Europe).zip	RETROARCH	picodrive_libretro.so
PLAY	GAME GEAR	NFL '95 (USA)	ROMS/GG/NFL '95 (USA).zip	RETROARCH	picodrive_libretro.so
PLAY	GAME GEAR	NFL QUARTERBACK CLUB '96 (USA, EUROPE)	ROMS/GG/NFL Quarterback Club '96 (USA, Europe).zip	RETROARCH	picodrive_libretro.so
PLAY	GAME GEAR	NFL QUARTERBACK CLUB (WORLD)	ROMS/GG/NFL Quarterback Club (World).zip	RETROARCH	picodrive_libretro.so
PLAY	GAME GEAR	NHL ALL-STAR HOCKEY (USA)	ROMS/GG/NHL All-Star Hockey (USA).zip	RETROARCH	picodrive_libretro.so
PLAY	GAME GEAR	NHL HOCKEY (USA, EUROPE)	ROMS/GG/NHL Hockey (USA, Europe).zip	RETROARCH	picodrive_libretro.so
PLAY	GAME GEAR	NINJA GAIDEN (USA, EUROPE)	ROMS/GG/Ninja Gaiden (USA, Europe).zip	RETROARCH	picodrive_libretro.so
PLAY	GAME GEAR	OLYMPIC GOLD (USA)	ROMS/GG/Olympic Gold (USA).zip	RETROARCH	picodrive_libretro.so
PLAY	GAME GEAR	OTTIFANTS, THE (EUROPE)	ROMS/GG/Ottifants, The (Europe).zip	RETROARCH	picodrive_libretro.so
PLAY	GAME GEAR	OUTRUN (USA, EUROPE)	ROMS/GG/OutRun (USA, Europe).zip	RETROARCH	picodrive_libretro.so
PLAY	GAME GEAR	OUTRUN EUROPA (USA, EUROPE)	ROMS/GG/OutRun Europa (USA, Europe).zip	RETROARCH	picodrive_libretro.so
PLAY	GAME GEAR	PAC-ATTACK (USA, EUROPE)	ROMS/GG/Pac-Attack (USA, Europe).zip	RETROARCH	picodrive_libretro.so
PLAY	GAME GEAR	PAC-IN-TIME (USA) (PROTO)	ROMS/GG/Pac-In-Time (USA) (Proto).zip	RETROARCH	picodrive_libretro.so
PLAY	GAME GEAR	PAC-MAN (USA)	ROMS/GG/Pac-Man (USA).zip	RETROARCH	picodrive_libretro.so
PLAY	GAME GEAR	PANZER DRAGOON MINI (JAPAN)	ROMS/GG/Panzer Dragoon Mini (Japan).zip	RETROARCH	picodrive_libretro.so
PLAY	GAME GEAR	PAPERBOY (USA, EUROPE)	ROMS/GG/Paperboy (USA, Europe).zip	RETROARCH	picodrive_libretro.so
PLAY	GAME GEAR	PAPERBOY II (USA, EUROPE)	ROMS/GG/Paperboy II (USA, Europe).zip	RETROARCH	picodrive_libretro.so
PLAY	GAME GEAR	PENGO (USA, EUROPE)	ROMS/GG/Pengo (USA, Europe).zip	RETROARCH	picodrive_libretro.so
PLAY	GAME GEAR	PETE SAMPRAS TENNIS (EUROPE)	ROMS/GG/Pete Sampras Tennis (Europe).zip	RETROARCH	picodrive_libretro.so
PLAY	GAME GEAR	PGA TOUR 96 (USA, EUROPE)	ROMS/GG/PGA Tour 96 (USA, Europe).zip	RETROARCH	picodrive_libretro.so
PLAY	GAME GEAR	PGA TOUR GOLF (USA)	ROMS/GG/PGA Tour Golf (USA).zip	RETROARCH	picodrive_libretro.so
PLAY	GAME GEAR	PGA TOUR GOLF II (USA, EUROPE)	ROMS/GG/PGA Tour Golf II (USA, Europe).zip	RETROARCH	picodrive_libretro.so
PLAY	GAME GEAR	PHANTOM 2040 (USA, EUROPE)	ROMS/GG/Phantom 2040 (USA, Europe).zip	RETROARCH	picodrive_libretro.so
PLAY	GAME GEAR	PINBALL DREAMS (USA)	ROMS/GG/Pinball Dreams (USA).zip	RETROARCH	picodrive_libretro.so
PLAY	GAME GEAR	POCKET JANSOU (JAPAN)	ROMS/GG/Pocket Jansou (Japan).zip	RETROARCH	picodrive_libretro.so
PLAY	GAME GEAR	POKER FACED PAUL'S BLACKJACK (USA)	ROMS/GG/Poker Faced Paul's Blackjack (USA).zip	RETROARCH	picodrive_libretro.so
PLAY	GAME GEAR	POKER FACED PAUL'S GIN (USA)	ROMS/GG/Poker Faced Paul's Gin (USA).zip	RETROARCH	picodrive_libretro.so
PLAY	GAME GEAR	POKER FACED PAUL'S POKER (USA)	ROMS/GG/Poker Faced Paul's Poker (USA).zip	RETROARCH	picodrive_libretro.so
PLAY	GAME GEAR	POKER FACED PAUL'S SOLITAIRE (USA)	ROMS/GG/Poker Faced Paul's Solitaire (USA).zip	RETROARCH	picodrive_libretro.so
PLAY	GAME GEAR	POP BREAKER (JAPAN)	ROMS/GG/Pop Breaker (Japan).zip	RETROARCH	picodrive_libretro.so
PLAY	GAME GEAR	POPEYE NO BEACH VOLLEYBALL (JAPAN)	ROMS/GG/Popeye no Beach Volleyball (Japan).zip	RETROARCH	picodrive_libretro.so
PLAY	GAME GEAR	POWER DRIVE (EUROPE)	ROMS/GG/Power Drive (Europe).zip	RETROARCH	picodrive_libretro.so
PLAY	GAME GEAR	POWER STRIKE II (JAPAN, EUROPE)	ROMS/GG/Power Strike II (Japan, Europe).zip	RETROARCH	picodrive_libretro.so
PLAY	GAME GEAR	PREDATOR 2 (USA, EUROPE)	ROMS/GG/Predator 2 (USA, Europe).zip	RETROARCH	picodrive_libretro.so
PLAY	GAME GEAR	PRIMAL RAGE (USA, EUROPE)	ROMS/GG/Primal Rage (USA, Europe).zip	RETROARCH	picodrive_libretro.so
PLAY	GAME GEAR	PRINCE OF PERSIA (USA, EUROPE)	ROMS/GG/Prince of Persia (USA, Europe).zip	RETROARCH	picodrive_libretro.so
PLAY	GAME GEAR	PSYCHIC WORLD (USA, EUROPE)	ROMS/GG/Psychic World (USA, Europe).zip	RETROARCH	picodrive_libretro.so
PLAY	GAME GEAR	PUTT & PUTTER (USA, EUROPE)	ROMS/GG/Putt & Putter (USA, Europe).zip	RETROARCH	picodrive_libretro.so
PLAY	GAME GEAR	PUYO PUYO (JAPAN)	ROMS/GG/Puyo Puyo (Japan).zip	RETROARCH	picodrive_libretro.so
PLAY	GAME GEAR	PUYO PUYO 2 (JAPAN)	ROMS/GG/Puyo Puyo 2 (Japan).zip	RETROARCH	picodrive_libretro.so
PLAY	GAME GEAR	QUEST FOR THE SHAVEN YAK STARRING REN HOEK & STIMPY (USA, EUROPE)	ROMS/GG/Quest for the Shaven Yak Starring Ren Hoek & Stimpy (USA, Europe).zip	RETROARCH	picodrive_libretro.so
PLAY	GAME GEAR	R.B.I. BASEBALL '94 (USA)	ROMS/GG/R.B.I. Baseball '94 (USA).zip	RETROARCH	picodrive_libretro.so
PLAY	GAME GEAR	R.C. GRAND PRIX (USA, EUROPE)	ROMS/GG/R.C. Grand Prix (USA, Europe).zip	RETROARCH	picodrive_libretro.so
PLAY	GAME GEAR	RASTAN SAGA (JAPAN)	ROMS/GG/Rastan Saga (Japan).zip	RETROARCH	picodrive_libretro.so
PLAY	GAME GEAR	REVENGE OF DRANCON (USA)	ROMS/GG/Revenge of Drancon (USA).zip	RETROARCH	picodrive_libretro.so
PLAY	GAME GEAR	RIDDICK BOWE BOXING (USA)	ROMS/GG/Riddick Bowe Boxing (USA).zip	RETROARCH	picodrive_libretro.so
PLAY	GAME GEAR	RISE OF THE ROBOTS (USA, EUROPE)	ROMS/GG/Rise of the Robots (USA, Europe).zip	RETROARCH	picodrive_libretro.so
PLAY	GAME GEAR	RISTAR - THE SHOOTING STAR (WORLD)	ROMS/GG/Ristar - The Shooting Star (World).zip	RETROARCH	picodrive_libretro.so
PLAY	GAME GEAR	ROAD RASH (USA)	ROMS/GG/Road Rash (USA).zip	RETROARCH	picodrive_libretro.so
PLAY	GAME GEAR	ROBOCOP 3 (USA, EUROPE)	ROMS/GG/RoboCop 3 (USA, Europe).zip	RETROARCH	picodrive_libretro.so
PLAY	GAME GEAR	ROBOCOP VERSUS THE TERMINATOR (USA, EUROPE)	ROMS/GG/RoboCop versus The Terminator (USA, Europe).zip	RETROARCH	picodrive_libretro.so
PLAY	GAME GEAR	ROYAL STONE - HIRAKARESHI TOKI NO TOBIRA (JAPAN) (TRANSLATED EN)	ROMS/GG/Royal Stone - Hirakareshi Toki no Tobira (Japan) (Translated En).zip	RETROARCH	picodrive_libretro.so
PLAY	GAME GEAR	S.S. LUCIFER - MAN OVERBOARD! (EUROPE)	ROMS/GG/S.S. Lucifer - Man Overboard! (Europe).zip	RETROARCH	picodrive_libretro.so
PLAY	GAME GEAR	SCRATCH GOLF (USA)	ROMS/GG/Scratch Golf (USA).zip	RETROARCH	picodrive_libretro.so
PLAY	GAME GEAR	SD GUNDAM - WINNER'S HISTORY (JAPAN) (TRANSLATED EN)	ROMS/GG/SD Gundam - Winner's History (Japan) (Translated En).zip	RETROARCH	picodrive_libretro.so
PLAY	GAME GEAR	SENSIBLE SOCCER - EUROPEAN CHAMPIONS (EUROPE)	ROMS/GG/Sensible Soccer - European Champions (Europe).zip	RETROARCH	picodrive_libretro.so
PLAY	GAME GEAR	SHANGHAI II (JAPAN)	ROMS/GG/Shanghai II (Japan).zip	RETROARCH	picodrive_libretro.so
PLAY	GAME GEAR	SHAQ FU (USA, EUROPE)	ROMS/GG/Shaq Fu (USA, Europe).zip	RETROARCH	picodrive_libretro.so
PLAY	GAME GEAR	SHIKINJOU (JAPAN)	ROMS/GG/Shikinjou (Japan).zip	RETROARCH	picodrive_libretro.so
PLAY	GAME GEAR	SHINING FORCE GAIDEN - FINAL CONFLICT (JAPAN) (TRANSLATED EN)	ROMS/GG/Shining Force Gaiden - Final Conflict (Japan) (Translated En).zip	RETROARCH	picodrive_libretro.so
PLAY	GAME GEAR	SHINING FORCE II - THE SWORD OF HAJYA (USA, EUROPE)	ROMS/GG/Shining Force II - The Sword of Hajya (USA, Europe).zip	RETROARCH	picodrive_libretro.so
PLAY	GAME GEAR	SIDE POCKET (USA)	ROMS/GG/Side Pocket (USA).zip	RETROARCH	picodrive_libretro.so
PLAY	GAME GEAR	SIMPSONS, THE - BART VS. THE SPACE MUTANTS (USA, EUROPE)	ROMS/GG/Simpsons, The - Bart vs. The Space Mutants (USA, Europe).zip	RETROARCH	picodrive_libretro.so
PLAY	GAME GEAR	SLIDER (USA, EUROPE)	ROMS/GG/Slider (USA, Europe).zip	RETROARCH	picodrive_libretro.so
PLAY	GAME GEAR	SMURFS TRAVEL THE WORLD, THE (EUROPE)	ROMS/GG/Smurfs Travel the World, The (Europe).zip	RETROARCH	picodrive_libretro.so
PLAY	GAME GEAR	SMURFS, THE (EUROPE)	ROMS/GG/Smurfs, The (Europe).zip	RETROARCH	picodrive_libretro.so
PLAY	GAME GEAR	SOLITAIRE FUNPAK (USA)	ROMS/GG/Solitaire Funpak (USA).zip	RETROARCH	picodrive_libretro.so
PLAY	GAME GEAR	SOLITAIRE POKER (USA, EUROPE)	ROMS/GG/Solitaire Poker (USA, Europe).zip	RETROARCH	picodrive_libretro.so
PLAY	GAME GEAR	SOUKOBAN (JAPAN)	ROMS/GG/Soukoban (Japan).zip	RETROARCH	picodrive_libretro.so
PLAY	GAME GEAR	SPACE HARRIER (WORLD)	ROMS/GG/Space Harrier (World).zip	RETROARCH	picodrive_libretro.so
PLAY	GAME GEAR	SPIDER-MAN - RETURN OF THE SINISTER SIX (USA, EUROPE)	ROMS/GG/Spider-Man - Return of the Sinister Six (USA, Europe).zip	RETROARCH	picodrive_libretro.so
PLAY	GAME GEAR	SPIDER-MAN AND THE X-MEN IN ARCADE'S REVENGE (USA)	ROMS/GG/Spider-Man and the X-Men in Arcade's Revenge (USA).zip	RETROARCH	picodrive_libretro.so
PLAY	GAME GEAR	SPIDER-MAN VS. THE KINGPIN (USA, EUROPE)	ROMS/GG/Spider-Man vs. The Kingpin (USA, Europe).zip	RETROARCH	picodrive_libretro.so
PLAY	GAME GEAR	SPIROU (EUROPE) (PROTO)	ROMS/GG/Spirou (Europe) (Proto).zip	RETROARCH	picodrive_libretro.so
PLAY	GAME GEAR	SPORTS ILLUSTRATED CHAMPIONSHIP FOOTBALL & BASEBALL (USA, EUROPE)	ROMS/GG/Sports Illustrated Championship Football & Baseball (USA, Europe).zip	RETROARCH	picodrive_libretro.so
PLAY	GAME GEAR	SPORTS TRIVIA (USA)	ROMS/GG/Sports Trivia (USA).zip	RETROARCH	picodrive_libretro.so
PLAY	GAME GEAR	SPORTS TRIVIA - CHAMPIONSHIP EDITION (USA, EUROPE)	ROMS/GG/Sports Trivia - Championship Edition (USA, Europe).zip	RETROARCH	picodrive_libretro.so
PLAY	GAME GEAR	STAR TREK - THE NEXT GENERATION - THE ADVANCED HOLODECK TUTORIAL (USA)	ROMS/GG/Star Trek - The Next Generation - The Advanced Holodeck Tutorial (USA).zip	RETROARCH	picodrive_libretro.so
PLAY	GAME GEAR	STAR TREK GENERATIONS - BEYOND THE NEXUS (USA, EUROPE)	ROMS/GG/Star Trek Generations - Beyond the Nexus (USA, Europe).zip	RETROARCH	picodrive_libretro.so
PLAY	GAME GEAR	STAR WARS (USA)	ROMS/GG/Star Wars (USA).zip	RETROARCH	picodrive_libretro.so
PLAY	GAME GEAR	STARGATE (WORLD)	ROMS/GG/Stargate (World).zip	RETROARCH	picodrive_libretro.so
PLAY	GAME GEAR	STREET HERO (USA) (PROTO)	ROMS/GG/Street Hero (USA) (Proto).zip	RETROARCH	picodrive_libretro.so
PLAY	GAME GEAR	STRIKER (EUROPE)	ROMS/GG/Striker (Europe).zip	RETROARCH	picodrive_libretro.so
PLAY	GAME GEAR	SUPER BATTLETANK (USA)	ROMS/GG/Super Battletank (USA).zip	RETROARCH	picodrive_libretro.so
PLAY	GAME GEAR	SUPER COLUMNS (USA, EUROPE)	ROMS/GG/Super Columns (USA, Europe).zip	RETROARCH	picodrive_libretro.so
PLAY	GAME GEAR	SUPER KICK OFF (EUROPE, JAPAN)	ROMS/GG/Super Kick Off (Europe, Japan).zip	RETROARCH	picodrive_libretro.so
PLAY	GAME GEAR	SUPER MONACO GP (USA, EUROPE)	ROMS/GG/Super Monaco GP (USA, Europe).zip	RETROARCH	picodrive_libretro.so
PLAY	GAME GEAR	SUPER OFF ROAD (USA, EUROPE)	ROMS/GG/Super Off Road (USA, Europe).zip	RETROARCH	picodrive_libretro.so
PLAY	GAME GEAR	SUPER RETURN OF THE JEDI (USA, EUROPE)	ROMS/GG/Super Return of the Jedi (USA, Europe).zip	RETROARCH	picodrive_libretro.so
PLAY	GAME GEAR	SUPER SMASH T.V. (WORLD)	ROMS/GG/Super Smash T.V. (World).zip	RETROARCH	picodrive_libretro.so
PLAY	GAME GEAR	SUPER SPACE INVADERS (USA, EUROPE)	ROMS/GG/Super Space Invaders (USA, Europe).zip	RETROARCH	picodrive_libretro.so
PLAY	GAME GEAR	SUPERMAN - THE MAN OF STEEL (EUROPE)	ROMS/GG/Superman - The Man of Steel (Europe).zip	RETROARCH	picodrive_libretro.so
PLAY	GAME GEAR	SURF NINJAS (USA)	ROMS/GG/Surf Ninjas (USA).zip	RETROARCH	picodrive_libretro.so
PLAY	GAME GEAR	SYLVAN TALE (JAPAN) (TRANSLATED EN)	ROMS/GG/Sylvan Tale (Japan) (Translated En).zip	RETROARCH	picodrive_libretro.so
PLAY	GAME GEAR	T2 - THE ARCADE GAME (USA, EUROPE)	ROMS/GG/T2 - The Arcade Game (USA, Europe).zip	RETROARCH	picodrive_libretro.so
PLAY	GAME GEAR	TAILS ADVENTURES (WORLD)	ROMS/GG/Tails Adventures (World).zip	RETROARCH	picodrive_libretro.so
PLAY	GAME GEAR	TAILS NO SKY PATROL (JAPAN)	ROMS/GG/Tails no Sky Patrol (Japan).zip	RETROARCH	picodrive_libretro.so
PLAY	GAME GEAR	TALE SPIN (USA, EUROPE)	ROMS/GG/Tale Spin (USA, Europe).zip	RETROARCH	picodrive_libretro.so
PLAY	GAME GEAR	TARZAN - LORD OF THE JUNGLE (EUROPE)	ROMS/GG/Tarzan - Lord of the Jungle (Europe).zip	RETROARCH	picodrive_libretro.so
PLAY	GAME GEAR	TAZ IN ESCAPE FROM MARS (USA, EUROPE)	ROMS/GG/Taz in Escape from Mars (USA, Europe).zip	RETROARCH	picodrive_libretro.so
PLAY	GAME GEAR	TAZ-MANIA - THE SEARCH FOR THE LOST SEABIRDS (USA, EUROPE)	ROMS/GG/Taz-Mania - The Search for the Lost Seabirds (USA, Europe).zip	RETROARCH	picodrive_libretro.so
PLAY	GAME GEAR	TEMPO JR. (WORLD)	ROMS/GG/Tempo Jr. (World).zip	RETROARCH	picodrive_libretro.so
PLAY	GAME GEAR	TENGEN WORLD CUP SOCCER (USA, EUROPE)	ROMS/GG/Tengen World Cup Soccer (USA, Europe).zip	RETROARCH	picodrive_libretro.so
PLAY	GAME GEAR	TERMINATOR 2 - JUDGMENT DAY (USA, EUROPE)	ROMS/GG/Terminator 2 - Judgment Day (USA, Europe).zip	RETROARCH	picodrive_libretro.so
PLAY	GAME GEAR	TERMINATOR, THE (USA, EUROPE)	ROMS/GG/Terminator, The (USA, Europe).zip	RETROARCH	picodrive_libretro.so
PLAY	GAME GEAR	TESSERAE (USA, EUROPE)	ROMS/GG/Tesserae (USA, Europe).zip	RETROARCH	picodrive_libretro.so
PLAY	GAME GEAR	TINTIN IN TIBET (EUROPE)	ROMS/GG/Tintin in Tibet (Europe).zip	RETROARCH	picodrive_libretro.so
PLAY	GAME GEAR	TOM AND JERRY - THE MOVIE (USA)	ROMS/GG/Tom and Jerry - The Movie (USA).zip	RETROARCH	picodrive_libretro.so
PLAY	GAME GEAR	TRUE LIES (WORLD)	ROMS/GG/True Lies (World).zip	RETROARCH	picodrive_libretro.so
PLAY	GAME GEAR	ULTIMATE SOCCER (JAPAN, EUROPE)	ROMS/GG/Ultimate Soccer (Japan, Europe).zip	RETROARCH	picodrive_libretro.so
PLAY	GAME GEAR	URBAN STRIKE (USA, EUROPE)	ROMS/GG/Urban Strike (USA, Europe).zip	RETROARCH	picodrive_libretro.so
PLAY	GAME GEAR	VAMPIRE - MASTER OF DARKNESS (USA)	ROMS/GG/Vampire - Master of Darkness (USA).zip	RETROARCH	picodrive_libretro.so
PLAY	GAME GEAR	VR TROOPERS (USA, EUROPE)	ROMS/GG/VR Troopers (USA, Europe).zip	RETROARCH	picodrive_libretro.so
PLAY	GAME GEAR	WAGAN LAND (JAPAN)	ROMS/GG/Wagan Land (Japan).zip	RETROARCH	picodrive_libretro.so
PLAY	GAME GEAR	WHEEL OF FORTUNE (USA)	ROMS/GG/Wheel of Fortune (USA).zip	RETROARCH	picodrive_libretro.so
PLAY	GAME GEAR	WILD SNAKE (USA) (PROTO)	ROMS/GG/Wild Snake (USA) (Proto).zip	RETROARCH	picodrive_libretro.so
PLAY	GAME GEAR	WIMBLEDON (WORLD)	ROMS/GG/Wimbledon (World).zip	RETROARCH	picodrive_libretro.so
PLAY	GAME GEAR	WINTER OLYMPICS - LILLEHAMMER '94 (USA, EUROPE)	ROMS/GG/Winter Olympics - Lillehammer '94 (USA, Europe).zip	RETROARCH	picodrive_libretro.so
PLAY	GAME GEAR	WIZARD PINBALL (EUROPE)	ROMS/GG/Wizard Pinball (Europe).zip	RETROARCH	picodrive_libretro.so
PLAY	GAME GEAR	WOLFCHILD (EUROPE)	ROMS/GG/Wolfchild (Europe).zip	RETROARCH	picodrive_libretro.so
PLAY	GAME GEAR	WONDER BOY - THE DRAGON'S TRAP (EUROPE)	ROMS/GG/Wonder Boy - The Dragon's Trap (Europe).zip	RETROARCH	picodrive_libretro.so
PLAY	GAME GEAR	WOODY POP (USA, EUROPE)	ROMS/GG/Woody Pop (USA, Europe).zip	RETROARCH	picodrive_libretro.so
PLAY	GAME GEAR	WORLD CLASS LEADER BOARD (USA, EUROPE)	ROMS/GG/World Class Leader Board (USA, Europe).zip	RETROARCH	picodrive_libretro.so
PLAY	GAME GEAR	WORLD CUP USA 94 (USA, EUROPE)	ROMS/GG/World Cup USA 94 (USA, Europe).zip	RETROARCH	picodrive_libretro.so
PLAY	GAME GEAR	WORLD SERIES BASEBALL '95 (USA)	ROMS/GG/World Series Baseball '95 (USA).zip	RETROARCH	picodrive_libretro.so
PLAY	GAME GEAR	WORLD SERIES BASEBALL (USA)	ROMS/GG/World Series Baseball (USA).zip	RETROARCH	picodrive_libretro.so
PLAY	GAME GEAR	WWF RAW (USA, EUROPE)	ROMS/GG/WWF Raw (USA, Europe).zip	RETROARCH	picodrive_libretro.so
PLAY	GAME GEAR	WWF WRESTLEMANIA STEEL CAGE CHALLENGE (USA)	ROMS/GG/WWF Wrestlemania Steel Cage Challenge (USA).zip	RETROARCH	picodrive_libretro.so
PLAY	GAME GEAR	X-MEN (USA)	ROMS/GG/X-Men (USA).zip	RETROARCH	picodrive_libretro.so
PLAY	GAME GEAR	X-MEN - GAMEMASTER'S LEGACY (USA, EUROPE)	ROMS/GG/X-Men - Gamemaster's Legacy (USA, Europe).zip	RETROARCH	picodrive_libretro.so
PLAY	GAME GEAR	X-MEN - MOJO WORLD (USA, EUROPE)	ROMS/GG/X-Men - Mojo World (USA, Europe).zip	RETROARCH	picodrive_libretro.so
PLAY	GAME GEAR	YOGI BEAR IN YOGI BEAR'S GOLDRUSH (USA) (PROTO)	ROMS/GG/Yogi Bear in Yogi Bear's Goldrush (USA) (Proto).zip	RETROARCH	picodrive_libretro.so
PLAY	GAME GEAR	YU YU HAKUSHO - HOROBISHIMONO NO GYAKUSHUU (JAPAN)	ROMS/GG/Yu Yu Hakusho - Horobishimono no Gyakushuu (Japan).zip	RETROARCH	picodrive_libretro.so
PLAY	GAME GEAR	YU YU HAKUSHO 2 - GEKITOU! NANAKYOU NO TATAKAI (JAPAN) (TRANSLATED EN)	ROMS/GG/Yu Yu Hakusho 2 - Gekitou! Nanakyou no Tatakai (Japan) (Translated En).zip	RETROARCH	picodrive_libretro.so
PLAY	GAME GEAR	ZOOL - NINJA OF THE NTH DIMENSION (USA)	ROMS/GG/Zool - Ninja of the Nth Dimension (USA).zip	RETROARCH	picodrive_libretro.so
PLAY	GAME GEAR	ZOOP (USA)	ROMS/GG/Zoop (USA).zip	RETROARCH	picodrive_libretro.so
PLAY	GAME AND WATCH	ARMOR BATTLE (MATTEL ELECTRONICS)	ROMS/GW/Armor Battle (Mattel Electronics).mgw	RETROARCH	gw_libretro.so
PLAY	GAME AND WATCH	BANANA (VTECH, TIME & FUN)	ROMS/GW/Banana (VTech, Time & Fun).mgw	RETROARCH	gw_libretro.so
PLAY	GAME AND WATCH	BOMB FIGHT (VTECH, MINI TIME & FUN)	ROMS/GW/Bomb Fight (VTech, Mini Time & Fun).mgw	RETROARCH	gw_libretro.so
PLAY	GAME AND WATCH	CACCIA AL LADRO (VTECH, MINI TIME & FUN)	ROMS/GW/Caccia al Ladro (VTech, Mini Time & Fun).mgw	RETROARCH	gw_libretro.so
PLAY	GAME AND WATCH	CESSATE IL FUOCO (VTECH, MINI TIME & FUN)	ROMS/GW/Cessate il Fuoco (VTech, Mini Time & Fun).mgw	RETROARCH	gw_libretro.so
PLAY	GAME AND WATCH	CHICKY WOGGY (VTECH, ARCADE TIME & FUN)	ROMS/GW/Chicky Woggy (VTech, Arcade Time & Fun).mgw	RETROARCH	gw_libretro.so
PLAY	GAME AND WATCH	CHICKY WOGGY (VTECH, ELECTRONIC TINI-ARCADE)	ROMS/GW/Chicky Woggy (VTech, Electronic Tini-Arcade).mgw	RETROARCH	gw_libretro.so
PLAY	GAME AND WATCH	CONDOR (VTECH, TIME & FUN)	ROMS/GW/Condor (VTech, Time & Fun).mgw	RETROARCH	gw_libretro.so
PLAY	GAME AND WATCH	CRAZY CHEWY (VTECH, ELECTRONIC TINI-ARCADE)	ROMS/GW/Crazy Chewy (VTech, Electronic Tini-Arcade).mgw	RETROARCH	gw_libretro.so
PLAY	GAME AND WATCH	DEFENDO (VTECH, EXPLORER TIME & FUN)	ROMS/GW/Defendo (VTech, Explorer Time & Fun).mgw	RETROARCH	gw_libretro.so
PLAY	GAME AND WATCH	DUNGEONS & DRAGONS COMPUTER FANTASY GAME (MATTEL ELECTRONICS, ARCADE ACTION SERIES)	ROMS/GW/Dungeons & Dragons Computer Fantasy Game (Mattel Electronics, Arcade Action Series).mgw	RETROARCH	gw_libretro.so
PLAY	GAME AND WATCH	EGG (NINTENDO, WIDE SCREEN)	ROMS/GW/Egg (Nintendo, Wide Screen).mgw	RETROARCH	gw_libretro.so
PLAY	GAME AND WATCH	ENGINE ROOM (VTECH, EXPLORER TIME & FUN)	ROMS/GW/Engine Room (VTech, Explorer Time & Fun).mgw	RETROARCH	gw_libretro.so
PLAY	GAME AND WATCH	ESCAPE (VTECH, TIME & FUN)	ROMS/GW/Escape (VTech, Time & Fun).mgw	RETROARCH	gw_libretro.so
PLAY	GAME AND WATCH	EXPLORERS OF SPACE (ELEKTRONIKA)	ROMS/GW/Explorers of Space (Elektronika).mgw	RETROARCH	gw_libretro.so
PLAY	GAME AND WATCH	FOWLING (ELEKTRONIKA)	ROMS/GW/Fowling (Elektronika).mgw	RETROARCH	gw_libretro.so
PLAY	GAME AND WATCH	FROG BOASTER (ELEKTRONIKA)	ROMS/GW/Frog Boaster (Elektronika).mgw	RETROARCH	gw_libretro.so
PLAY	GAME AND WATCH	GALAXY II (EPOCH)	ROMS/GW/Galaxy II (Epoch).mgw	RETROARCH	gw_libretro.so
PLAY	GAME AND WATCH	GRAB MAN (UNKNOWN MANUFACTURER, GAME & TIME)	ROMS/GW/Grab Man (unknown manufacturer, Game & Time).mgw	RETROARCH	gw_libretro.so
PLAY	GAME AND WATCH	HIPPO TEETH (VTECH, MINI TIME & FUN)	ROMS/GW/Hippo Teeth (VTech, Mini Time & Fun).mgw	RETROARCH	gw_libretro.so
PLAY	GAME AND WATCH	HIPPO TEETH (VTECH, SPORTY TIME & FUN)	ROMS/GW/Hippo Teeth (VTech, Sporty Time & Fun).mgw	RETROARCH	gw_libretro.so
PLAY	GAME AND WATCH	HOT LINE (VTECH, MINI TIME & FUN)	ROMS/GW/Hot Line (VTech, Mini Time & Fun).mgw	RETROARCH	gw_libretro.so
PLAY	GAME AND WATCH	HOT LINE (VTECH, SPORTY TIME & FUN)	ROMS/GW/Hot Line (VTech, Sporty Time & Fun).mgw	RETROARCH	gw_libretro.so
PLAY	GAME AND WATCH	LAS VEGAS (BANDAI, LCD GAME DIGITAL)	ROMS/GW/Las Vegas (Bandai, LCD Game Digital).mgw	RETROARCH	gw_libretro.so
PLAY	GAME AND WATCH	LIFEBOAT (NINTENDO, MULTI SCREEN)	ROMS/GW/Lifeboat (Nintendo, Multi Screen).mgw	RETROARCH	gw_libretro.so
PLAY	GAME AND WATCH	MICKEY MOUSE (NINTENDO, PANORAMA SCREEN)	ROMS/GW/Mickey Mouse (Nintendo, Panorama Screen).mgw	RETROARCH	gw_libretro.so
PLAY	GAME AND WATCH	MICKEY MOUSE (NINTENDO, WIDE SCREEN)	ROMS/GW/Mickey Mouse (Nintendo, Wide Screen).mgw	RETROARCH	gw_libretro.so
PLAY	GAME AND WATCH	MONKEY (VTECH, TIME & FUN)	ROMS/GW/Monkey (VTech, Time & Fun).mgw	RETROARCH	gw_libretro.so
PLAY	GAME AND WATCH	MONKEY JUMP (VTECH, ARCADE TIME & FUN)	ROMS/GW/Monkey Jump (VTech, Arcade Time & Fun).mgw	RETROARCH	gw_libretro.so
PLAY	GAME AND WATCH	MOTOR CROSS (QUEENTEX)	ROMS/GW/Motor Cross (Queentex).mgw	RETROARCH	gw_libretro.so
PLAY	GAME AND WATCH	PAC MAN (TOMYTRONIC)	ROMS/GW/Pac Man (Tomytronic).mgw	RETROARCH	gw_libretro.so
PLAY	GAME AND WATCH	PANCAKE (VTECH, TIME & FUN)	ROMS/GW/Pancake (VTech, Time & Fun).mgw	RETROARCH	gw_libretro.so
PLAY	GAME AND WATCH	PARACHUTE (NINTENDO, WIDE SCREEN)	ROMS/GW/Parachute (Nintendo, Wide Screen).mgw	RETROARCH	gw_libretro.so
PLAY	GAME AND WATCH	PENGUIN LAND (BANDAI, LSI GAME DOUBLE PLAY)	ROMS/GW/Penguin Land (Bandai, LSI Game Double Play).mgw	RETROARCH	gw_libretro.so
PLAY	GAME AND WATCH	PIRATE (VTECH, TIME & FUN)	ROMS/GW/Pirate (VTech, Time & Fun).mgw	RETROARCH	gw_libretro.so
PLAY	GAME AND WATCH	ROLLER COASTER (VTECH, EXPLORER TIME & FUN)	ROMS/GW/Roller Coaster (VTech, Explorer Time & Fun).mgw	RETROARCH	gw_libretro.so
PLAY	GAME AND WATCH	SAFARI (VTECH, TIME & FUN)	ROMS/GW/Safari (VTech, Time & Fun).mgw	RETROARCH	gw_libretro.so
PLAY	GAME AND WATCH	SLEEP WALKER (VTECH, TIME & FUN)	ROMS/GW/Sleep Walker (VTech, Time & Fun).mgw	RETROARCH	gw_libretro.so
PLAY	GAME AND WATCH	SNOOPY (NINTENDO, PANORAMA SCREEN)	ROMS/GW/Snoopy (Nintendo, Panorama Screen).mgw	RETROARCH	gw_libretro.so
PLAY	GAME AND WATCH	SNOOPY (NINTENDO, TABLE TOP)	ROMS/GW/Snoopy (Nintendo, Table Top).mgw	RETROARCH	gw_libretro.so
PLAY	GAME AND WATCH	SNOOPY TENNIS (NINTENDO, WIDE SCREEN)	ROMS/GW/Snoopy Tennis (Nintendo, Wide Screen).mgw	RETROARCH	gw_libretro.so
PLAY	GAME AND WATCH	SUB CHASE (MATTEL ELECTRONICS)	ROMS/GW/Sub Chase (Mattel Electronics).mgw	RETROARCH	gw_libretro.so
PLAY	GAME AND WATCH	TENNIS MENACE (VTECH, SPORTY TIME & FUN)	ROMS/GW/Tennis Menace (VTech, Sporty Time & Fun).mgw	RETROARCH	gw_libretro.so
PLAY	GAME AND WATCH	TOM & JERRY POPPER (GAKKEN, LCD CARD GAME)	ROMS/GW/Tom & Jerry Popper (Gakken, LCD Card Game).mgw	RETROARCH	gw_libretro.so
PLAY	GAME AND WATCH	TOWERING RESCUE (GAKKEN, LCD CARD GAME)	ROMS/GW/Towering Rescue (Gakken, LCD Card Game).mgw	RETROARCH	gw_libretro.so
PLAY	GAME AND WATCH	TRON (TOMYTRONIC)	ROMS/GW/Tron (Tomytronic).mgw	RETROARCH	gw_libretro.so
PLAY	GAME AND WATCH	TURTLE BRIDGE (NINTENDO, WIDE SCREEN)	ROMS/GW/Turtle Bridge (Nintendo, Wide Screen).mgw	RETROARCH	gw_libretro.so
PLAY	GAME AND WATCH	WILD MAN JUMP (VTECH, ELECTRONIC TINI-ARCADE)	ROMS/GW/Wild Man Jump (VTech, Electronic Tini-Arcade).mgw	RETROARCH	gw_libretro.so
PLAY	HBMAME	AVSP	ROMS/HBMAME/avsp.zip	RETROARCH	km_fbneo_xtreme_amped_libretro.so
PLAY	HBMAME	AVSPP	ROMS/HBMAME/avspp.zip	RETROARCH	km_fbneo_xtreme_amped_libretro.so
PLAY	HBMAME	CAPTCOMM	ROMS/HBMAME/captcomm.zip	RETROARCH	km_fbneo_xtreme_amped_libretro.so
PLAY	HBMAME	CAPTCOMMPJY	ROMS/HBMAME/captcommpjy.zip	RETROARCH	km_fbneo_xtreme_amped_libretro.so
PLAY	HBMAME	CAPTCOMMPWX	ROMS/HBMAME/captcommpwx.zip	RETROARCH	km_fbneo_xtreme_amped_libretro.so
PLAY	HBMAME	CAPTCOMMPZS	ROMS/HBMAME/captcommpzs.zip	RETROARCH	km_fbneo_xtreme_amped_libretro.so
PLAY	HBMAME	DDTOD	ROMS/HBMAME/ddtod.zip	RETROARCH	km_fbneo_xtreme_amped_libretro.so
PLAY	HBMAME	DINO	ROMS/HBMAME/dino.zip	RETROARCH	km_fbneo_xtreme_amped_libretro.so
PLAY	HBMAME	DINO1V3	ROMS/HBMAME/dino1v3.zip	RETROARCH	km_fbneo_xtreme_amped_libretro.so
PLAY	HBMAME	DINO2011WS	ROMS/HBMAME/dino2011ws.zip	RETROARCH	km_fbneo_xtreme_amped_libretro.so
PLAY	HBMAME	DINO2015WS	ROMS/HBMAME/dino2015ws.zip	RETROARCH	km_fbneo_xtreme_amped_libretro.so
PLAY	HBMAME	DINODW	ROMS/HBMAME/dinodw.zip	RETROARCH	km_fbneo_xtreme_amped_libretro.so
PLAY	HBMAME	DINOJDS	ROMS/HBMAME/dinojds.zip	RETROARCH	km_fbneo_xtreme_amped_libretro.so
PLAY	HBMAME	DINOLBWS	ROMS/HBMAME/dinolbws.zip	RETROARCH	km_fbneo_xtreme_amped_libretro.so
PLAY	HBMAME	FFIGHTUA	ROMS/HBMAME/ffightua.zip	RETROARCH	km_fbneo_xtreme_amped_libretro.so
PLAY	HBMAME	KNIGHTS	ROMS/HBMAME/knights.zip	RETROARCH	km_fbneo_xtreme_amped_libretro.so
PLAY	HBMAME	KNIGHTSH	ROMS/HBMAME/knightsh.zip	RETROARCH	km_fbneo_xtreme_amped_libretro.so
PLAY	HBMAME	PUNISHER	ROMS/HBMAME/punisher.zip	RETROARCH	km_fbneo_xtreme_amped_libretro.so
PLAY	HBMAME	PUNISHER1V2	ROMS/HBMAME/punisher1v2.zip	RETROARCH	km_fbneo_xtreme_amped_libretro.so
PLAY	HBMAME	PUNISHERLY	ROMS/HBMAME/punisherly.zip	RETROARCH	km_fbneo_xtreme_amped_libretro.so
PLAY	HBMAME	WOF3M	ROMS/HBMAME/wof3m.zip	RETROARCH	km_fbneo_xtreme_amped_libretro.so
PLAY	MAME	005	ROMS/MAME/005.zip	RETROARCH	km_fbneo_xtreme_amped_libretro.so
PLAY	MAME	1943	ROMS/MAME/1943.zip	RETROARCH	km_fbneo_xtreme_amped_libretro.so
PLAY	MAME	1943KAI	ROMS/MAME/1943kai.zip	RETROARCH	km_fbneo_xtreme_amped_libretro.so
PLAY	MAME	280ZZZAP	ROMS/MAME/280zzzap.zip	RETROARCH	km_fbneo_xtreme_amped_libretro.so
PLAY	MAME	3STOOGES	ROMS/MAME/3stooges.zip	RETROARCH	km_fbneo_xtreme_amped_libretro.so
PLAY	MAME	40LOVE	ROMS/MAME/40love.zip	RETROARCH	km_fbneo_xtreme_amped_libretro.so
PLAY	MAME	4DWARRIO	ROMS/MAME/4dwarrio.zip	RETROARCH	km_fbneo_xtreme_amped_libretro.so
PLAY	MAME	720	ROMS/MAME/720.zip	RETROARCH	km_fbneo_xtreme_amped_libretro.so
PLAY	MAME	88GAMES	ROMS/MAME/88games.zip	RETROARCH	km_fbneo_xtreme_amped_libretro.so
PLAY	MAME	8BALLACT	ROMS/MAME/8ballact.zip	RETROARCH	km_fbneo_xtreme_amped_libretro.so
PLAY	MAME	9BALLSHT	ROMS/MAME/9ballsht.zip	RETROARCH	km_fbneo_xtreme_amped_libretro.so
PLAY	MAME	AAFB	ROMS/MAME/aafb.zip	RETROARCH	km_fbneo_xtreme_amped_libretro.so
PLAY	MAME	ABCOP	ROMS/MAME/abcop.zip	RETROARCH	km_fbneo_xtreme_amped_libretro.so
PLAY	MAME	ABURNER2	ROMS/MAME/aburner2.zip	RETROARCH	km_fbneo_xtreme_amped_libretro.so
PLAY	MAME	ACROBATM	ROMS/MAME/acrobatm.zip	RETROARCH	km_fbneo_xtreme_amped_libretro.so
PLAY	MAME	ACTFANCR	ROMS/MAME/actfancr.zip	RETROARCH	km_fbneo_xtreme_amped_libretro.so
PLAY	MAME	ACTIONHW	ROMS/MAME/actionhw.zip	RETROARCH	km_fbneo_xtreme_amped_libretro.so
PLAY	MAME	AD2083	ROMS/MAME/ad2083.zip	RETROARCH	km_fbneo_xtreme_amped_libretro.so
PLAY	MAME	AEROFGT	ROMS/MAME/aerofgt.zip	RETROARCH	km_fbneo_xtreme_amped_libretro.so
PLAY	MAME	AFIGHTER	ROMS/MAME/afighter.zip	RETROARCH	km_fbneo_xtreme_amped_libretro.so
PLAY	MAME	AIRASS	ROMS/MAME/airass.zip	RETROARCH	km_fbneo_xtreme_amped_libretro.so
PLAY	MAME	AIRATTCK	ROMS/MAME/airattck.zip	RETROARCH	km_fbneo_xtreme_amped_libretro.so
PLAY	MAME	AIRBUSTR	ROMS/MAME/airbustr.zip	RETROARCH	km_fbneo_xtreme_amped_libretro.so
PLAY	MAME	AIRDUEL	ROMS/MAME/airduel.zip	RETROARCH	km_fbneo_xtreme_amped_libretro.so
PLAY	MAME	AIRWOLF	ROMS/MAME/airwolf.zip	RETROARCH	km_fbneo_xtreme_amped_libretro.so
PLAY	MAME	ALCON	ROMS/MAME/alcon.zip	RETROARCH	km_fbneo_xtreme_amped_libretro.so
PLAY	MAME	ALIEN3	ROMS/MAME/alien3.zip	RETROARCH	km_fbneo_xtreme_amped_libretro.so
PLAY	MAME	ALIENAR	ROMS/MAME/alienar.zip	RETROARCH	km_fbneo_xtreme_amped_libretro.so
PLAY	MAME	ALIENS	ROMS/MAME/aliens.zip	RETROARCH	km_fbneo_xtreme_amped_libretro.so
PLAY	MAME	ALIENSEC	ROMS/MAME/aliensec.zip	RETROARCH	km_fbneo_xtreme_amped_libretro.so
PLAY	MAME	ALIENSYN	ROMS/MAME/aliensyn.zip	RETROARCH	km_fbneo_xtreme_amped_libretro.so
PLAY	MAME	ALIGATORUN	ROMS/MAME/aligatorun.zip	RETROARCH	km_fbneo_xtreme_amped_libretro.so
PLAY	MAME	ALINVADE	ROMS/MAME/alinvade.zip	RETROARCH	km_fbneo_xtreme_amped_libretro.so
PLAY	MAME	ALLEYMAS	ROMS/MAME/alleymas.zip	RETROARCH	km_fbneo_xtreme_amped_libretro.so
PLAY	MAME	ALPHAHO	ROMS/MAME/alphaho.zip	RETROARCH	km_fbneo_xtreme_amped_libretro.so
PLAY	MAME	ALPINE	ROMS/MAME/alpine.zip	RETROARCH	km_fbneo_xtreme_amped_libretro.so
PLAY	MAME	ALTAIR	ROMS/MAME/altair.zip	RETROARCH	km_fbneo_xtreme_amped_libretro.so
PLAY	MAME	ALTBEAST	ROMS/MAME/altbeast.zip	RETROARCH	km_fbneo_xtreme_amped_libretro.so
PLAY	MAME	AMAZON	ROMS/MAME/amazon.zip	RETROARCH	km_fbneo_xtreme_amped_libretro.so
PLAY	MAME	AMBUSH	ROMS/MAME/ambush.zip	RETROARCH	km_fbneo_xtreme_amped_libretro.so
PLAY	MAME	AMIDAR	ROMS/MAME/amidar.zip	RETROARCH	km_fbneo_xtreme_amped_libretro.so
PLAY	MAME	AMSPDWY	ROMS/MAME/amspdwy.zip	RETROARCH	km_fbneo_xtreme_amped_libretro.so
PLAY	MAME	ANGELKDS	ROMS/MAME/angelkds.zip	RETROARCH	km_fbneo_xtreme_amped_libretro.so
PLAY	MAME	ANTEATER	ROMS/MAME/anteater.zip	RETROARCH	km_fbneo_xtreme_amped_libretro.so
PLAY	MAME	APACHE3	ROMS/MAME/apache3.zip	RETROARCH	km_fbneo_xtreme_amped_libretro.so
PLAY	MAME	APB	ROMS/MAME/apb.zip	RETROARCH	km_fbneo_xtreme_amped_libretro.so
PLAY	MAME	APPOOOH	ROMS/MAME/appoooh.zip	RETROARCH	km_fbneo_xtreme_amped_libretro.so
PLAY	MAME	AQUAJACK	ROMS/MAME/aquajack.zip	RETROARCH	km_fbneo_xtreme_amped_libretro.so
PLAY	MAME	AQUARIUM	ROMS/MAME/aquarium.zip	RETROARCH	km_fbneo_xtreme_amped_libretro.so
PLAY	MAME	AQUARUSH	ROMS/MAME/aquarush.zip	RETROARCH	km_fbneo_xtreme_amped_libretro.so
PLAY	MAME	ARABFGT	ROMS/MAME/arabfgt.zip	RETROARCH	km_fbneo_xtreme_amped_libretro.so
PLAY	MAME	ARABIAN	ROMS/MAME/arabian.zip	RETROARCH	km_fbneo_xtreme_amped_libretro.so
PLAY	MAME	ARABIANM	ROMS/MAME/arabianm.zip	RETROARCH	km_fbneo_xtreme_amped_libretro.so
PLAY	MAME	ARBALEST	ROMS/MAME/arbalest.zip	RETROARCH	km_fbneo_xtreme_amped_libretro.so
PLAY	MAME	ARCADECL	ROMS/MAME/arcadecl.zip	RETROARCH	km_fbneo_xtreme_amped_libretro.so
PLAY	MAME	ARCADIAN	ROMS/MAME/arcadian.zip	RETROARCH	km_fbneo_xtreme_amped_libretro.so
PLAY	MAME	ARCHRIVL	ROMS/MAME/archrivl.zip	RETROARCH	km_fbneo_xtreme_amped_libretro.so
PLAY	MAME	ARKANOID	ROMS/MAME/arkanoid.zip	RETROARCH	km_fbneo_xtreme_amped_libretro.so
PLAY	MAME	ARKAREA	ROMS/MAME/arkarea.zip	RETROARCH	km_fbneo_xtreme_amped_libretro.so
PLAY	MAME	ARKNOID2	ROMS/MAME/arknoid2.zip	RETROARCH	km_fbneo_xtreme_amped_libretro.so
PLAY	MAME	ARKRETRN	ROMS/MAME/arkretrn.zip	RETROARCH	km_fbneo_xtreme_amped_libretro.so
PLAY	MAME	ARMEDF	ROMS/MAME/armedf.zip	RETROARCH	km_fbneo_xtreme_amped_libretro.so
PLAY	MAME	ARMORCAR	ROMS/MAME/armorcar.zip	RETROARCH	km_fbneo_xtreme_amped_libretro.so
PLAY	MAME	ASSAULT	ROMS/MAME/assault.zip	RETROARCH	km_fbneo_xtreme_amped_libretro.so
PLAY	MAME	ASTDELUX	ROMS/MAME/astdelux.zip	RETROARCH	km_fbneo_xtreme_amped_libretro.so
PLAY	MAME	ASTERIX	ROMS/MAME/asterix.zip	RETROARCH	km_fbneo_xtreme_amped_libretro.so
PLAY	MAME	ASTEROID	ROMS/MAME/asteroid.zip	RETROARCH	km_fbneo_xtreme_amped_libretro.so
PLAY	MAME	ASTROB	ROMS/MAME/astrob.zip	RETROARCH	km_fbneo_xtreme_amped_libretro.so
PLAY	MAME	ASTROF	ROMS/MAME/astrof.zip	RETROARCH	km_fbneo_xtreme_amped_libretro.so
PLAY	MAME	ASUKA	ROMS/MAME/asuka.zip	RETROARCH	km_fbneo_xtreme_amped_libretro.so
PLAY	MAME	ASURABLD	ROMS/MAME/asurabld.zip	RETROARCH	km_fbneo_xtreme_amped_libretro.so
PLAY	MAME	ASURABUS	ROMS/MAME/asurabus.zip	RETROARCH	km_fbneo_xtreme_amped_libretro.so
PLAY	MAME	ASYLUM	ROMS/MAME/asylum.zip	RETROARCH	km_fbneo_xtreme_amped_libretro.so
PLAY	MAME	ATAXX	ROMS/MAME/ataxx.zip	RETROARCH	km_fbneo_xtreme_amped_libretro.so
PLAY	MAME	ATETRIS	ROMS/MAME/atetris.zip	RETROARCH	km_fbneo_xtreme_amped_libretro.so
PLAY	MAME	ATLANTIS	ROMS/MAME/atlantis.zip	RETROARCH	km_fbneo_xtreme_amped_libretro.so
PLAY	MAME	ATOMICP	ROMS/MAME/atomicp.zip	RETROARCH	km_fbneo_xtreme_amped_libretro.so
PLAY	MAME	AURAIL	ROMS/MAME/aurail.zip	RETROARCH	km_fbneo_xtreme_amped_libretro.so
PLAY	MAME	AVALNCHE	ROMS/MAME/avalnche.zip	RETROARCH	km_fbneo_xtreme_amped_libretro.so
PLAY	MAME	AZTARAC	ROMS/MAME/aztarac.zip	RETROARCH	km_fbneo_xtreme_amped_libretro.so
PLAY	MAME	AZURIAN	ROMS/MAME/azurian.zip	RETROARCH	km_fbneo_xtreme_amped_libretro.so
PLAY	MAME	B2B	ROMS/MAME/b2b.zip	RETROARCH	km_fbneo_xtreme_amped_libretro.so
PLAY	MAME	BACKFIRT	ROMS/MAME/backfirt.zip	RETROARCH	km_fbneo_xtreme_amped_libretro.so
PLAY	MAME	BADDUDES	ROMS/MAME/baddudes.zip	RETROARCH	km_fbneo_xtreme_amped_libretro.so
PLAY	MAME	BADLANDS	ROMS/MAME/badlands.zip	RETROARCH	km_fbneo_xtreme_amped_libretro.so
PLAY	MAME	BAGMAN	ROMS/MAME/bagman.zip	RETROARCH	km_fbneo_xtreme_amped_libretro.so
PLAY	MAME	BAKUTOTU	ROMS/MAME/bakutotu.zip	RETROARCH	km_fbneo_xtreme_amped_libretro.so
PLAY	MAME	BALCUBE	ROMS/MAME/balcube.zip	RETROARCH	km_fbneo_xtreme_amped_libretro.so
PLAY	MAME	BALLBROS	ROMS/MAME/ballbros.zip	RETROARCH	km_fbneo_xtreme_amped_libretro.so
PLAY	MAME	BALONFGT	ROMS/MAME/balonfgt.zip	RETROARCH	km_fbneo_xtreme_amped_libretro.so
PLAY	MAME	BALUBA	ROMS/MAME/baluba.zip	RETROARCH	km_fbneo_xtreme_amped_libretro.so
PLAY	MAME	BANKP	ROMS/MAME/bankp.zip	RETROARCH	km_fbneo_xtreme_amped_libretro.so
PLAY	MAME	BARRIER	ROMS/MAME/barrier.zip	RETROARCH	km_fbneo_xtreme_amped_libretro.so
PLAY	MAME	BASEBAL2	ROMS/MAME/basebal2.zip	RETROARCH	km_fbneo_xtreme_amped_libretro.so
PLAY	MAME	BATMAN	ROMS/MAME/batman.zip	RETROARCH	km_fbneo_xtreme_amped_libretro.so
PLAY	MAME	BATRIDER	ROMS/MAME/batrider.zip	RETROARCH	km_fbneo_xtreme_amped_libretro.so
PLAY	MAME	BATTLANE	ROMS/MAME/battlane.zip	RETROARCH	km_fbneo_xtreme_amped_libretro.so
PLAY	MAME	BATTLCRY	ROMS/MAME/battlcry.zip	RETROARCH	km_fbneo_xtreme_amped_libretro.so
PLAY	MAME	BATTLEG	ROMS/MAME/battleg.zip	RETROARCH	km_fbneo_xtreme_amped_libretro.so
PLAY	MAME	BATTLERA	ROMS/MAME/battlera.zip	RETROARCH	km_fbneo_xtreme_amped_libretro.so
PLAY	MAME	BATTLEX	ROMS/MAME/battlex.zip	RETROARCH	km_fbneo_xtreme_amped_libretro.so
PLAY	MAME	BATTLNTS	ROMS/MAME/battlnts.zip	RETROARCH	km_fbneo_xtreme_amped_libretro.so
PLAY	MAME	BATTROAD	ROMS/MAME/battroad.zip	RETROARCH	km_fbneo_xtreme_amped_libretro.so
PLAY	MAME	BAYROUTE	ROMS/MAME/bayroute.zip	RETROARCH	km_fbneo_xtreme_amped_libretro.so
PLAY	MAME	BBAKRAID	ROMS/MAME/bbakraid.zip	RETROARCH	km_fbneo_xtreme_amped_libretro.so
PLAY	MAME	BBMANW	ROMS/MAME/bbmanw.zip	RETROARCH	km_fbneo_xtreme_amped_libretro.so
PLAY	MAME	BCRUZM12	ROMS/MAME/bcruzm12.zip	RETROARCH	km_fbneo_xtreme_amped_libretro.so
PLAY	MAME	BEATHEAD	ROMS/MAME/beathead.zip	RETROARCH	km_fbneo_xtreme_amped_libretro.so
PLAY	MAME	BEEZER	ROMS/MAME/beezer.zip	RETROARCH	km_fbneo_xtreme_amped_libretro.so
PLAY	MAME	BENBEROB	ROMS/MAME/benberob.zip	RETROARCH	km_fbneo_xtreme_amped_libretro.so
PLAY	MAME	BERABOHM	ROMS/MAME/berabohm.zip	RETROARCH	km_fbneo_xtreme_amped_libretro.so
PLAY	MAME	BERLWALL	ROMS/MAME/berlwall.zip	RETROARCH	km_fbneo_xtreme_amped_libretro.so
PLAY	MAME	BERZERK	ROMS/MAME/berzerk.zip	RETROARCH	km_fbneo_xtreme_amped_libretro.so
PLAY	MAME	BESTBEST	ROMS/MAME/bestbest.zip	RETROARCH	km_fbneo_xtreme_amped_libretro.so
PLAY	MAME	BIGFIGHT	ROMS/MAME/bigfight.zip	RETROARCH	km_fbneo_xtreme_amped_libretro.so
PLAY	MAME	BIGKARNK	ROMS/MAME/bigkarnk.zip	RETROARCH	km_fbneo_xtreme_amped_libretro.so
PLAY	MAME	BIGPROWR	ROMS/MAME/bigprowr.zip	RETROARCH	km_fbneo_xtreme_amped_libretro.so
PLAY	MAME	BIOATACK	ROMS/MAME/bioatack.zip	RETROARCH	km_fbneo_xtreme_amped_libretro.so
PLAY	MAME	BIOMTOY	ROMS/MAME/biomtoy.zip	RETROARCH	km_fbneo_xtreme_amped_libretro.so
PLAY	MAME	BIONICC	ROMS/MAME/bionicc.zip	RETROARCH	km_fbneo_xtreme_amped_libretro.so
PLAY	MAME	BIRDIY	ROMS/MAME/birdiy.zip	RETROARCH	km_fbneo_xtreme_amped_libretro.so
PLAY	MAME	BIRDTRY	ROMS/MAME/birdtry.zip	RETROARCH	km_fbneo_xtreme_amped_libretro.so
PLAY	MAME	BJTWIN	ROMS/MAME/bjtwin.zip	RETROARCH	km_fbneo_xtreme_amped_libretro.so
PLAY	MAME	BKING	ROMS/MAME/bking.zip	RETROARCH	km_fbneo_xtreme_amped_libretro.so
PLAY	MAME	BKING2	ROMS/MAME/bking2.zip	RETROARCH	km_fbneo_xtreme_amped_libretro.so
PLAY	MAME	BKING3	ROMS/MAME/bking3.zip	RETROARCH	km_fbneo_xtreme_amped_libretro.so
PLAY	MAME	BLADESTL	ROMS/MAME/bladestl.zip	RETROARCH	km_fbneo_xtreme_amped_libretro.so
PLAY	MAME	BLANDIA	ROMS/MAME/blandia.zip	RETROARCH	km_fbneo_xtreme_amped_libretro.so
PLAY	MAME	BLASTED	ROMS/MAME/blasted.zip	RETROARCH	km_fbneo_xtreme_amped_libretro.so
PLAY	MAME	BLASTER	ROMS/MAME/blaster.zip	RETROARCH	km_fbneo_xtreme_amped_libretro.so
PLAY	MAME	BLASTOFF	ROMS/MAME/blastoff.zip	RETROARCH	km_fbneo_xtreme_amped_libretro.so
PLAY	MAME	BLAZEON	ROMS/MAME/blazeon.zip	RETROARCH	km_fbneo_xtreme_amped_libretro.so
PLAY	MAME	BLAZER	ROMS/MAME/blazer.zip	RETROARCH	km_fbneo_xtreme_amped_libretro.so
PLAY	MAME	BLAZLAZ	ROMS/MAME/blazlaz.zip	RETROARCH	km_fbneo_xtreme_amped_libretro.so
PLAY	MAME	BLKHEART	ROMS/MAME/blkheart.zip	RETROARCH	km_fbneo_xtreme_amped_libretro.so
PLAY	MAME	BLKHOLE	ROMS/MAME/blkhole.zip	RETROARCH	km_fbneo_xtreme_amped_libretro.so
PLAY	MAME	BLKPNTHR	ROMS/MAME/blkpnthr.zip	RETROARCH	km_fbneo_xtreme_amped_libretro.so
PLAY	MAME	BLMBYCAR	ROMS/MAME/blmbycar.zip	RETROARCH	km_fbneo_xtreme_amped_libretro.so
PLAY	MAME	BLOCK	ROMS/MAME/block.zip	RETROARCH	km_fbneo_xtreme_amped_libretro.so
PLAY	MAME	BLOCKHL	ROMS/MAME/blockhl.zip	RETROARCH	km_fbneo_xtreme_amped_libretro.so
PLAY	MAME	BLOCKOUT	ROMS/MAME/blockout.zip	RETROARCH	km_fbneo_xtreme_amped_libretro.so
PLAY	MAME	BLOODBRO	ROMS/MAME/bloodbro.zip	RETROARCH	km_fbneo_xtreme_amped_libretro.so
PLAY	MAME	BLOODSTM	ROMS/MAME/bloodstm.zip	RETROARCH	km_fbneo_xtreme_amped_libretro.so
PLAY	MAME	BLOODWAR	ROMS/MAME/bloodwar.zip	RETROARCH	km_fbneo_xtreme_amped_libretro.so
PLAY	MAME	BLOXEED	ROMS/MAME/bloxeed.zip	RETROARCH	km_fbneo_xtreme_amped_libretro.so
PLAY	MAME	BLSTROID	ROMS/MAME/blstroid.zip	RETROARCH	km_fbneo_xtreme_amped_libretro.so
PLAY	MAME	BLSWHSTL	ROMS/MAME/blswhstl.zip	RETROARCH	km_fbneo_xtreme_amped_libretro.so
PLAY	MAME	BLUEHAWK	ROMS/MAME/bluehawk.zip	RETROARCH	km_fbneo_xtreme_amped_libretro.so
PLAY	MAME	BLUEPRNT	ROMS/MAME/blueprnt.zip	RETROARCH	km_fbneo_xtreme_amped_libretro.so
PLAY	MAME	BLZNTRND	ROMS/MAME/blzntrnd.zip	RETROARCH	km_fbneo_xtreme_amped_libretro.so
PLAY	MAME	BMASTER	ROMS/MAME/bmaster.zip	RETROARCH	km_fbneo_xtreme_amped_libretro.so
PLAY	MAME	BNZABROS	ROMS/MAME/bnzabros.zip	RETROARCH	km_fbneo_xtreme_amped_libretro.so
PLAY	MAME	BODYSLAM	ROMS/MAME/bodyslam.zip	RETROARCH	km_fbneo_xtreme_amped_libretro.so
PLAY	MAME	BOGEYMAN	ROMS/MAME/bogeyman.zip	RETROARCH	km_fbneo_xtreme_amped_libretro.so
PLAY	MAME	BOGGY84	ROMS/MAME/boggy84.zip	RETROARCH	km_fbneo_xtreme_amped_libretro.so
PLAY	MAME	BOMBBEE	ROMS/MAME/bombbee.zip	RETROARCH	km_fbneo_xtreme_amped_libretro.so
PLAY	MAME	BOMBJACK	ROMS/MAME/bombjack.zip	RETROARCH	km_fbneo_xtreme_amped_libretro.so
PLAY	MAME	BONGO	ROMS/MAME/bongo.zip	RETROARCH	km_fbneo_xtreme_amped_libretro.so
PLAY	MAME	BONKADV	ROMS/MAME/bonkadv.zip	RETROARCH	km_fbneo_xtreme_amped_libretro.so
PLAY	MAME	BONZEADV	ROMS/MAME/bonzeadv.zip	RETROARCH	km_fbneo_xtreme_amped_libretro.so
PLAY	MAME	BOOGWING	ROMS/MAME/boogwing.zip	RETROARCH	km_fbneo_xtreme_amped_libretro.so
PLAY	MAME	BOOMRANG	ROMS/MAME/boomrang.zip	RETROARCH	km_fbneo_xtreme_amped_libretro.so
PLAY	MAME	BOOTHILL	ROMS/MAME/boothill.zip	RETROARCH	km_fbneo_xtreme_amped_libretro.so
PLAY	MAME	BORENCH	ROMS/MAME/borench.zip	RETROARCH	km_fbneo_xtreme_amped_libretro.so
PLAY	MAME	BOSCO	ROMS/MAME/bosco.zip	RETROARCH	km_fbneo_xtreme_amped_libretro.so
PLAY	MAME	BRKTHRU	ROMS/MAME/brkthru.zip	RETROARCH	km_fbneo_xtreme_amped_libretro.so
PLAY	MAME	BRUBBER	ROMS/MAME/brubber.zip	RETROARCH	km_fbneo_xtreme_amped_libretro.so
PLAY	MAME	BRUTFORC	ROMS/MAME/brutforc.zip	RETROARCH	km_fbneo_xtreme_amped_libretro.so
PLAY	MAME	BRVBLADE	ROMS/MAME/brvblade.zip	RETROARCH	km_fbneo_xtreme_amped_libretro.so
PLAY	MAME	BSSOCCER	ROMS/MAME/bssoccer.zip	RETROARCH	km_fbneo_xtreme_amped_libretro.so
PLAY	MAME	BTIME	ROMS/MAME/btime.zip	RETROARCH	km_fbneo_xtreme_amped_libretro.so
PLAY	MAME	BTLECITY	ROMS/MAME/btlecity.zip	RETROARCH	km_fbneo_xtreme_amped_libretro.so
PLAY	MAME	BTOADS	ROMS/MAME/btoads.zip	RETROARCH	km_fbneo_xtreme_amped_libretro.so
PLAY	MAME	BUBBLEM	ROMS/MAME/bubblem.zip	RETROARCH	km_fbneo_xtreme_amped_libretro.so
PLAY	MAME	BUBBLES	ROMS/MAME/bubbles.zip	RETROARCH	km_fbneo_xtreme_amped_libretro.so
PLAY	MAME	BUBLBOB2	ROMS/MAME/bublbob2.zip	RETROARCH	km_fbneo_xtreme_amped_libretro.so
PLAY	MAME	BUBLBOBL	ROMS/MAME/bublbobl.zip	RETROARCH	km_fbneo_xtreme_amped_libretro.so
PLAY	MAME	BUCCANRS	ROMS/MAME/buccanrs.zip	RETROARCH	km_fbneo_xtreme_amped_libretro.so
PLAY	MAME	BUCKROG	ROMS/MAME/buckrog.zip	RETROARCH	km_fbneo_xtreme_amped_libretro.so
PLAY	MAME	BUGGYCHL	ROMS/MAME/buggychl.zip	RETROARCH	km_fbneo_xtreme_amped_libretro.so
PLAY	MAME	BULLET	ROMS/MAME/bullet.zip	RETROARCH	km_fbneo_xtreme_amped_libretro.so
PLAY	MAME	BULLFGT	ROMS/MAME/bullfgt.zip	RETROARCH	km_fbneo_xtreme_amped_libretro.so
PLAY	MAME	BURGLARX	ROMS/MAME/burglarx.zip	RETROARCH	km_fbneo_xtreme_amped_libretro.so
PLAY	MAME	BURNFORC	ROMS/MAME/burnforc.zip	RETROARCH	km_fbneo_xtreme_amped_libretro.so
PLAY	MAME	BUTASAN	ROMS/MAME/butasan.zip	RETROARCH	km_fbneo_xtreme_amped_libretro.so
PLAY	MAME	BWIDOW	ROMS/MAME/bwidow.zip	RETROARCH	km_fbneo_xtreme_amped_libretro.so
PLAY	MAME	BWINGS	ROMS/MAME/bwings.zip	RETROARCH	km_fbneo_xtreme_amped_libretro.so
PLAY	MAME	BYGONE	ROMS/MAME/bygone.zip	RETROARCH	km_fbneo_xtreme_amped_libretro.so
PLAY	MAME	BZONE	ROMS/MAME/bzone.zip	RETROARCH	km_fbneo_xtreme_amped_libretro.so
PLAY	MAME	CABAL	ROMS/MAME/cabal.zip	RETROARCH	km_fbneo_xtreme_amped_libretro.so
PLAY	MAME	CACHAT	ROMS/MAME/cachat.zip	RETROARCH	km_fbneo_xtreme_amped_libretro.so
PLAY	MAME	CADASH	ROMS/MAME/cadash.zip	RETROARCH	km_fbneo_xtreme_amped_libretro.so
PLAY	MAME	CAIRBLAD	ROMS/MAME/cairblad.zip	RETROARCH	km_fbneo_xtreme_amped_libretro.so
PLAY	MAME	CALIBR50	ROMS/MAME/calibr50.zip	RETROARCH	km_fbneo_xtreme_amped_libretro.so
PLAY	MAME	CALIPSO	ROMS/MAME/calipso.zip	RETROARCH	km_fbneo_xtreme_amped_libretro.so
PLAY	MAME	CALORIE	ROMS/MAME/calorie.zip	RETROARCH	km_fbneo_xtreme_amped_libretro.so
PLAY	MAME	CAMELTRY	ROMS/MAME/cameltry.zip	RETROARCH	km_fbneo_xtreme_amped_libretro.so
PLAY	MAME	CANNONBP	ROMS/MAME/cannonbp.zip	RETROARCH	km_fbneo_xtreme_amped_libretro.so
PLAY	MAME	CANYON	ROMS/MAME/canyon.zip	RETROARCH	km_fbneo_xtreme_amped_libretro.so
PLAY	MAME	CAPBOWL	ROMS/MAME/capbowl.zip	RETROARCH	km_fbneo_xtreme_amped_libretro.so
PLAY	MAME	CAPTAVEN	ROMS/MAME/captaven.zip	RETROARCH	km_fbneo_xtreme_amped_libretro.so
PLAY	MAME	CARJMBRE	ROMS/MAME/carjmbre.zip	RETROARCH	km_fbneo_xtreme_amped_libretro.so
PLAY	MAME	CARNIVAL	ROMS/MAME/carnival.zip	RETROARCH	km_fbneo_xtreme_amped_libretro.so
PLAY	MAME	CARRERA	ROMS/MAME/carrera.zip	RETROARCH	km_fbneo_xtreme_amped_libretro.so
PLAY	MAME	CAVELON	ROMS/MAME/cavelon.zip	RETROARCH	km_fbneo_xtreme_amped_libretro.so
PLAY	MAME	CAVENGER	ROMS/MAME/cavenger.zip	RETROARCH	km_fbneo_xtreme_amped_libretro.so
PLAY	MAME	CBASEBAL	ROMS/MAME/cbasebal.zip	RETROARCH	km_fbneo_xtreme_amped_libretro.so
PLAY	MAME	CBOMBERS	ROMS/MAME/cbombers.zip	RETROARCH	km_fbneo_xtreme_amped_libretro.so
PLAY	MAME	CBUSTER	ROMS/MAME/cbuster.zip	RETROARCH	km_fbneo_xtreme_amped_libretro.so
PLAY	MAME	CCASTLES	ROMS/MAME/ccastles.zip	RETROARCH	km_fbneo_xtreme_amped_libretro.so
PLAY	MAME	CCLIMBER	ROMS/MAME/cclimber.zip	RETROARCH	km_fbneo_xtreme_amped_libretro.so
PLAY	MAME	CCLIMBR2	ROMS/MAME/cclimbr2.zip	RETROARCH	km_fbneo_xtreme_amped_libretro.so
PLAY	MAME	CENTIPED	ROMS/MAME/centiped.zip	RETROARCH	km_fbneo_xtreme_amped_libretro.so
PLAY	MAME	CERBERUS	ROMS/MAME/cerberus.zip	RETROARCH	km_fbneo_xtreme_amped_libretro.so
PLAY	MAME	CGANGPZL	ROMS/MAME/cgangpzl.zip	RETROARCH	km_fbneo_xtreme_amped_libretro.so
PLAY	MAME	CHAINREC	ROMS/MAME/chainrec.zip	RETROARCH	km_fbneo_xtreme_amped_libretro.so
PLAY	MAME	CHAKNPOP	ROMS/MAME/chaknpop.zip	RETROARCH	km_fbneo_xtreme_amped_libretro.so
PLAY	MAME	CHALLENG	ROMS/MAME/challeng.zip	RETROARCH	km_fbneo_xtreme_amped_libretro.so
PLAY	MAME	CHAMPBAS	ROMS/MAME/champbas.zip	RETROARCH	km_fbneo_xtreme_amped_libretro.so
PLAY	MAME	CHAMPBB2	ROMS/MAME/champbb2.zip	RETROARCH	km_fbneo_xtreme_amped_libretro.so
PLAY	MAME	CHAMPBWL	ROMS/MAME/champbwl.zip	RETROARCH	km_fbneo_xtreme_amped_libretro.so
PLAY	MAME	CHAMPWR	ROMS/MAME/champwr.zip	RETROARCH	km_fbneo_xtreme_amped_libretro.so
PLAY	MAME	CHANBARA	ROMS/MAME/chanbara.zip	RETROARCH	km_fbneo_xtreme_amped_libretro.so
PLAY	MAME	CHANGES	ROMS/MAME/changes.zip	RETROARCH	km_fbneo_xtreme_amped_libretro.so
PLAY	MAME	CHARLIEN	ROMS/MAME/charlien.zip	RETROARCH	km_fbneo_xtreme_amped_libretro.so
PLAY	MAME	CHASEHQ	ROMS/MAME/chasehq.zip	RETROARCH	km_fbneo_xtreme_amped_libretro.so
PLAY	MAME	CHBOXING	ROMS/MAME/chboxing.zip	RETROARCH	km_fbneo_xtreme_amped_libretro.so
PLAY	MAME	CHEEKYMS	ROMS/MAME/cheekyms.zip	RETROARCH	km_fbneo_xtreme_amped_libretro.so
PLAY	MAME	CHEESECH	ROMS/MAME/cheesech.zip	RETROARCH	km_fbneo_xtreme_amped_libretro.so
PLAY	MAME	CHELNOV	ROMS/MAME/chelnov.zip	RETROARCH	km_fbneo_xtreme_amped_libretro.so
PLAY	MAME	CHEYENNE	ROMS/MAME/cheyenne.zip	RETROARCH	km_fbneo_xtreme_amped_libretro.so
PLAY	MAME	CHILLER	ROMS/MAME/chiller.zip	RETROARCH	km_fbneo_xtreme_amped_libretro.so
PLAY	MAME	CHINAGAT	ROMS/MAME/chinagat.zip	RETROARCH	km_fbneo_xtreme_amped_libretro.so
PLAY	MAME	CHINHERO	ROMS/MAME/chinhero.zip	RETROARCH	km_fbneo_xtreme_amped_libretro.so
PLAY	MAME	CHOKCHOK	ROMS/MAME/chokchok.zip	RETROARCH	km_fbneo_xtreme_amped_libretro.so
PLAY	MAME	CHOPLIFT	ROMS/MAME/choplift.zip	RETROARCH	km_fbneo_xtreme_amped_libretro.so
PLAY	MAME	CHQFLAG	ROMS/MAME/chqflag.zip	RETROARCH	km_fbneo_xtreme_amped_libretro.so
PLAY	MAME	CHUKATAI	ROMS/MAME/chukatai.zip	RETROARCH	km_fbneo_xtreme_amped_libretro.so
PLAY	MAME	CHWRESTL	ROMS/MAME/chwrestl.zip	RETROARCH	km_fbneo_xtreme_amped_libretro.so
PLAY	MAME	CIRCUSC	ROMS/MAME/circusc.zip	RETROARCH	km_fbneo_xtreme_amped_libretro.so
PLAY	MAME	CITYBOMB	ROMS/MAME/citybomb.zip	RETROARCH	km_fbneo_xtreme_amped_libretro.so
PLAY	MAME	CLAYPIGN	ROMS/MAME/claypign.zip	RETROARCH	km_fbneo_xtreme_amped_libretro.so
PLAY	MAME	CLOAK	ROMS/MAME/cloak.zip	RETROARCH	km_fbneo_xtreme_amped_libretro.so
PLAY	MAME	CLOUD9	ROMS/MAME/cloud9.zip	RETROARCH	km_fbneo_xtreme_amped_libretro.so
PLAY	MAME	CLTCHITR	ROMS/MAME/cltchitr.zip	RETROARCH	km_fbneo_xtreme_amped_libretro.so
PLAY	MAME	CNINJA	ROMS/MAME/cninja.zip	RETROARCH	km_fbneo_xtreme_amped_libretro.so
PLAY	MAME	COBRACOM	ROMS/MAME/cobracom.zip	RETROARCH	km_fbneo_xtreme_amped_libretro.so
PLAY	MAME	COLONY7	ROMS/MAME/colony7.zip	RETROARCH	km_fbneo_xtreme_amped_libretro.so
PLAY	MAME	COLUMNS	ROMS/MAME/columns.zip	RETROARCH	km_fbneo_xtreme_amped_libretro.so
PLAY	MAME	COLUMNS2	ROMS/MAME/columns2.zip	RETROARCH	km_fbneo_xtreme_amped_libretro.so
PLAY	MAME	COMBAT	ROMS/MAME/combat.zip	RETROARCH	km_fbneo_xtreme_amped_libretro.so
PLAY	MAME	COMBH	ROMS/MAME/combh.zip	RETROARCH	km_fbneo_xtreme_amped_libretro.so
PLAY	MAME	COMMANDO	ROMS/MAME/commando.zip	RETROARCH	km_fbneo_xtreme_amped_libretro.so
PLAY	MAME	COMMSEGA	ROMS/MAME/commsega.zip	RETROARCH	km_fbneo_xtreme_amped_libretro.so
PLAY	MAME	COMPLEXX	ROMS/MAME/complexx.zip	RETROARCH	km_fbneo_xtreme_amped_libretro.so
PLAY	MAME	CONGO	ROMS/MAME/congo.zip	RETROARCH	km_fbneo_xtreme_amped_libretro.so
PLAY	MAME	CONTCIRC	ROMS/MAME/contcirc.zip	RETROARCH	km_fbneo_xtreme_amped_libretro.so
PLAY	MAME	CONTRA	ROMS/MAME/contra.zip	RETROARCH	km_fbneo_xtreme_amped_libretro.so
PLAY	MAME	COOKBIB	ROMS/MAME/cookbib.zip	RETROARCH	km_fbneo_xtreme_amped_libretro.so
PLAY	MAME	COOKBIB2	ROMS/MAME/cookbib2.zip	RETROARCH	km_fbneo_xtreme_amped_libretro.so
PLAY	MAME	COOKBIB3	ROMS/MAME/cookbib3.zip	RETROARCH	km_fbneo_xtreme_amped_libretro.so
PLAY	MAME	COP01	ROMS/MAME/cop01.zip	RETROARCH	km_fbneo_xtreme_amped_libretro.so
PLAY	MAME	COSMCCOP	ROMS/MAME/cosmccop.zip	RETROARCH	km_fbneo_xtreme_amped_libretro.so
PLAY	MAME	COSMICA	ROMS/MAME/cosmica.zip	RETROARCH	km_fbneo_xtreme_amped_libretro.so
PLAY	MAME	COSMICG	ROMS/MAME/cosmicg.zip	RETROARCH	km_fbneo_xtreme_amped_libretro.so
PLAY	MAME	COSMO	ROMS/MAME/cosmo.zip	RETROARCH	km_fbneo_xtreme_amped_libretro.so
PLAY	MAME	COSMOGNG	ROMS/MAME/cosmogng.zip	RETROARCH	km_fbneo_xtreme_amped_libretro.so
PLAY	MAME	COUNTRUNB	ROMS/MAME/countrunb.zip	RETROARCH	km_fbneo_xtreme_amped_libretro.so
PLAY	MAME	CRATER	ROMS/MAME/crater.zip	RETROARCH	km_fbneo_xtreme_amped_libretro.so
PLAY	MAME	CRAZYFGT	ROMS/MAME/crazyfgt.zip	RETROARCH	km_fbneo_xtreme_amped_libretro.so
PLAY	MAME	CRBALOON	ROMS/MAME/crbaloon.zip	RETROARCH	km_fbneo_xtreme_amped_libretro.so
PLAY	MAME	CRGOLF	ROMS/MAME/crgolf.zip	RETROARCH	km_fbneo_xtreme_amped_libretro.so
PLAY	MAME	CRGOLFHI	ROMS/MAME/crgolfhi.zip	RETROARCH	km_fbneo_xtreme_amped_libretro.so
PLAY	MAME	CRIMEC	ROMS/MAME/crimec.zip	RETROARCH	km_fbneo_xtreme_amped_libretro.so
PLAY	MAME	CRKDOWN	ROMS/MAME/crkdown.zip	RETROARCH	km_fbneo_xtreme_amped_libretro.so
PLAY	MAME	CROSPANG	ROMS/MAME/crospang.zip	RETROARCH	km_fbneo_xtreme_amped_libretro.so
PLAY	MAME	CROSSBOW	ROMS/MAME/crossbow.zip	RETROARCH	km_fbneo_xtreme_amped_libretro.so
PLAY	MAME	CRSHRACE	ROMS/MAME/crshrace.zip	RETROARCH	km_fbneo_xtreme_amped_libretro.so
PLAY	MAME	CRUSHERM	ROMS/MAME/crusherm.zip	RETROARCH	km_fbneo_xtreme_amped_libretro.so
PLAY	MAME	CRZRALLY	ROMS/MAME/crzrally.zip	RETROARCH	km_fbneo_xtreme_amped_libretro.so
PLAY	MAME	CSHIFT	ROMS/MAME/cshift.zip	RETROARCH	km_fbneo_xtreme_amped_libretro.so
PLAY	MAME	CSPRINT	ROMS/MAME/csprint.zip	RETROARCH	km_fbneo_xtreme_amped_libretro.so
PLAY	MAME	CTRIBE	ROMS/MAME/ctribe.zip	RETROARCH	km_fbneo_xtreme_amped_libretro.so
PLAY	MAME	CUBYBOP	ROMS/MAME/cubybop.zip	RETROARCH	km_fbneo_xtreme_amped_libretro.so
PLAY	MAME	CUEBRICK	ROMS/MAME/cuebrick.zip	RETROARCH	km_fbneo_xtreme_amped_libretro.so
PLAY	MAME	CUPFINAL	ROMS/MAME/cupfinal.zip	RETROARCH	km_fbneo_xtreme_amped_libretro.so
PLAY	MAME	CURVEBAL	ROMS/MAME/curvebal.zip	RETROARCH	km_fbneo_xtreme_amped_libretro.so
PLAY	MAME	CUTIEQ	ROMS/MAME/cutieq.zip	RETROARCH	km_fbneo_xtreme_amped_libretro.so
PLAY	MAME	CYBERBAL	ROMS/MAME/cyberbal.zip	RETROARCH	km_fbneo_xtreme_amped_libretro.so
PLAY	MAME	CYBERTNK	ROMS/MAME/cybertnk.zip	RETROARCH	km_fbneo_xtreme_amped_libretro.so
PLAY	MAME	CYCLWARR	ROMS/MAME/cyclwarr.zip	RETROARCH	km_fbneo_xtreme_amped_libretro.so
PLAY	MAME	DAIKAIJU	ROMS/MAME/daikaiju.zip	RETROARCH	km_fbneo_xtreme_amped_libretro.so
PLAY	MAME	DAMBUSTR	ROMS/MAME/dambustr.zip	RETROARCH	km_fbneo_xtreme_amped_libretro.so
PLAY	MAME	DANGAR	ROMS/MAME/dangar.zip	RETROARCH	km_fbneo_xtreme_amped_libretro.so
PLAY	MAME	DANGERZ	ROMS/MAME/dangerz.zip	RETROARCH	km_fbneo_xtreme_amped_libretro.so
PLAY	MAME	DANGSEED	ROMS/MAME/dangseed.zip	RETROARCH	km_fbneo_xtreme_amped_libretro.so
PLAY	MAME	DARIUS	ROMS/MAME/darius.zip	RETROARCH	km_fbneo_xtreme_amped_libretro.so
PLAY	MAME	DARIUS2	ROMS/MAME/darius2.zip	RETROARCH	km_fbneo_xtreme_amped_libretro.so
PLAY	MAME	DARIUSG	ROMS/MAME/dariusg.zip	RETROARCH	km_fbneo_xtreme_amped_libretro.so
PLAY	MAME	DARKMIST	ROMS/MAME/darkmist.zip	RETROARCH	km_fbneo_xtreme_amped_libretro.so
PLAY	MAME	DARKSEAL	ROMS/MAME/darkseal.zip	RETROARCH	km_fbneo_xtreme_amped_libretro.so
PLAY	MAME	DARKTOWR	ROMS/MAME/darktowr.zip	RETROARCH	km_fbneo_xtreme_amped_libretro.so
PLAY	MAME	DARWIN	ROMS/MAME/darwin.zip	RETROARCH	km_fbneo_xtreme_amped_libretro.so
PLAY	MAME	DBLAXLE	ROMS/MAME/dblaxle.zip	RETROARCH	km_fbneo_xtreme_amped_libretro.so
PLAY	MAME	DBREED	ROMS/MAME/dbreed.zip	RETROARCH	km_fbneo_xtreme_amped_libretro.so
PLAY	MAME	DBZ	ROMS/MAME/dbz.zip	RETROARCH	km_fbneo_xtreme_amped_libretro.so
PLAY	MAME	DBZ2	ROMS/MAME/dbz2.zip	RETROARCH	km_fbneo_xtreme_amped_libretro.so
PLAY	MAME	DCCLUB	ROMS/MAME/dcclub.zip	RETROARCH	km_fbneo_xtreme_amped_libretro.so
PLAY	MAME	DCON	ROMS/MAME/dcon.zip	RETROARCH	km_fbneo_xtreme_amped_libretro.so
PLAY	MAME	DDAY	ROMS/MAME/dday.zip	RETROARCH	km_fbneo_xtreme_amped_libretro.so
PLAY	MAME	DDCREW2	ROMS/MAME/ddcrew2.zip	RETROARCH	km_fbneo_xtreme_amped_libretro.so
PLAY	MAME	DDRIBBLE	ROMS/MAME/ddribble.zip	RETROARCH	km_fbneo_xtreme_amped_libretro.so
PLAY	MAME	DDUNGEON	ROMS/MAME/ddungeon.zip	RETROARCH	km_fbneo_xtreme_amped_libretro.so
PLAY	MAME	DDUX	ROMS/MAME/ddux.zip	RETROARCH	km_fbneo_xtreme_amped_libretro.so
PLAY	MAME	DEADANG	ROMS/MAME/deadang.zip	RETROARCH	km_fbneo_xtreme_amped_libretro.so
PLAY	MAME	DEADCONX	ROMS/MAME/deadconx.zip	RETROARCH	km_fbneo_xtreme_amped_libretro.so
PLAY	MAME	DEFENDER	ROMS/MAME/defender.zip	RETROARCH	km_fbneo_xtreme_amped_libretro.so
PLAY	MAME	DESTRYER	ROMS/MAME/destryer.zip	RETROARCH	km_fbneo_xtreme_amped_libretro.so
PLAY	MAME	DEVILFSH	ROMS/MAME/devilfsh.zip	RETROARCH	km_fbneo_xtreme_amped_libretro.so
PLAY	MAME	DEVILW	ROMS/MAME/devilw.zip	RETROARCH	km_fbneo_xtreme_amped_libretro.so
PLAY	MAME	DEVSTORS	ROMS/MAME/devstors.zip	RETROARCH	km_fbneo_xtreme_amped_libretro.so
PLAY	MAME	DHARMA	ROMS/MAME/dharma.zip	RETROARCH	km_fbneo_xtreme_amped_libretro.so
PLAY	MAME	DIAMOND	ROMS/MAME/diamond.zip	RETROARCH	km_fbneo_xtreme_amped_libretro.so
PLAY	MAME	DIGDUG	ROMS/MAME/digdug.zip	RETROARCH	km_fbneo_xtreme_amped_libretro.so
PLAY	MAME	DIGDUG2	ROMS/MAME/digdug2.zip	RETROARCH	km_fbneo_xtreme_amped_libretro.so
PLAY	MAME	DINGO	ROMS/MAME/dingo.zip	RETROARCH	km_fbneo_xtreme_amped_libretro.so
PLAY	MAME	DIRTFOXJ	ROMS/MAME/dirtfoxj.zip	RETROARCH	km_fbneo_xtreme_amped_libretro.so
PLAY	MAME	DIVERBOY	ROMS/MAME/diverboy.zip	RETROARCH	km_fbneo_xtreme_amped_libretro.so
PLAY	MAME	DRGNBOWL	ROMS/MAME/drgnbowl.zip	RETROARCH	km_fbneo_xtreme_amped_libretro.so
PLAY	MAME	DRGNBSTR	ROMS/MAME/drgnbstr.zip	RETROARCH	km_fbneo_xtreme_amped_libretro.so
PLAY	MAME	DRGNINJA	ROMS/MAME/drgninja.zip	RETROARCH	km_fbneo_xtreme_amped_libretro.so
PLAY	MAME	DRGNMST	ROMS/MAME/drgnmst.zip	RETROARCH	km_fbneo_xtreme_amped_libretro.so
PLAY	MAME	DRGNUNIT	ROMS/MAME/drgnunit.zip	RETROARCH	km_fbneo_xtreme_amped_libretro.so
PLAY	MAME	DRIVFRCP	ROMS/MAME/drivfrcp.zip	RETROARCH	km_fbneo_xtreme_amped_libretro.so
PLAY	MAME	DRMICRO	ROMS/MAME/drmicro.zip	RETROARCH	km_fbneo_xtreme_amped_libretro.so
PLAY	MAME	DRTOPPEL	ROMS/MAME/drtoppel.zip	RETROARCH	km_fbneo_xtreme_amped_libretro.so
PLAY	MAME	DSABER	ROMS/MAME/dsaber.zip	RETROARCH	km_fbneo_xtreme_amped_libretro.so
PLAY	MAME	DYNAGEAR	ROMS/MAME/dynagear.zip	RETROARCH	km_fbneo_xtreme_amped_libretro.so
PLAY	MAME	ELEVATOR	ROMS/MAME/elevator.zip	RETROARCH	km_fbneo_xtreme_amped_libretro.so
PLAY	MAME	ELIM2	ROMS/MAME/elim2.zip	RETROARCH	km_fbneo_xtreme_amped_libretro.so
PLAY	MAME	ELVACTR	ROMS/MAME/elvactr.zip	RETROARCH	km_fbneo_xtreme_amped_libretro.so
PLAY	MAME	EMERALDA	ROMS/MAME/emeralda.zip	RETROARCH	km_fbneo_xtreme_amped_libretro.so
PLAY	MAME	EMPCITY	ROMS/MAME/empcity.zip	RETROARCH	km_fbneo_xtreme_amped_libretro.so
PLAY	MAME	ENDUROR	ROMS/MAME/enduror.zip	RETROARCH	km_fbneo_xtreme_amped_libretro.so
PLAY	MAME	ENFORCE	ROMS/MAME/enforce.zip	RETROARCH	km_fbneo_xtreme_amped_libretro.so
PLAY	MAME	EPROM	ROMS/MAME/eprom.zip	RETROARCH	km_fbneo_xtreme_amped_libretro.so
PLAY	MAME	EQUITES	ROMS/MAME/equites.zip	RETROARCH	km_fbneo_xtreme_amped_libretro.so
PLAY	MAME	ESCKIDS	ROMS/MAME/esckids.zip	RETROARCH	km_fbneo_xtreme_amped_libretro.so
PLAY	MAME	ESPIAL	ROMS/MAME/espial.zip	RETROARCH	km_fbneo_xtreme_amped_libretro.so
PLAY	MAME	EXPRRAID	ROMS/MAME/exprraid.zip	RETROARCH	km_fbneo_xtreme_amped_libretro.so
PLAY	MAME	FFIGHT2B	ROMS/MAME/ffight2b.zip	RETROARCH	km_fbneo_xtreme_amped_libretro.so
PLAY	MAME	FGHTATCK	ROMS/MAME/fghtatck.zip	RETROARCH	km_fbneo_xtreme_amped_libretro.so
PLAY	MAME	FUTSPY	ROMS/MAME/futspy.zip	RETROARCH	km_fbneo_xtreme_amped_libretro.so
PLAY	MAME	GBERET	ROMS/MAME/gberet.zip	RETROARCH	km_fbneo_xtreme_amped_libretro.so
PLAY	MAME	GRADIUS3	ROMS/MAME/gradius3.zip	RETROARCH	km_fbneo_xtreme_amped_libretro.so
PLAY	MAME	GUNDAMEX	ROMS/MAME/gundamex.zip	RETROARCH	km_fbneo_xtreme_amped_libretro.so
PLAY	MAME	GUNDHARA	ROMS/MAME/gundhara.zip	RETROARCH	km_fbneo_xtreme_amped_libretro.so
PLAY	MAME	GUNFORC2	ROMS/MAME/gunforc2.zip	RETROARCH	km_fbneo_xtreme_amped_libretro.so
PLAY	MAME	GUNFORCE	ROMS/MAME/gunforce.zip	RETROARCH	km_fbneo_xtreme_amped_libretro.so
PLAY	MAME	GUNFRONT	ROMS/MAME/gunfront.zip	RETROARCH	km_fbneo_xtreme_amped_libretro.so
PLAY	MAME	GUNLOCK	ROMS/MAME/gunlock.zip	RETROARCH	km_fbneo_xtreme_amped_libretro.so
PLAY	MAME	GUNMAST	ROMS/MAME/gunmast.zip	RETROARCH	km_fbneo_xtreme_amped_libretro.so
PLAY	MAME	HCASTLE	ROMS/MAME/hcastle.zip	RETROARCH	km_fbneo_xtreme_amped_libretro.so
PLAY	MAME	HOOK	ROMS/MAME/hook.zip	RETROARCH	km_fbneo_xtreme_amped_libretro.so
PLAY	MAME	JPARK	ROMS/MAME/jpark.zip	RETROARCH	km_fbneo_xtreme_amped_libretro.so
PLAY	MAME	KBASH	ROMS/MAME/kbash.zip	RETROARCH	km_fbneo_xtreme_amped_libretro.so
PLAY	MAME	KBASH2	ROMS/MAME/kbash2.zip	RETROARCH	km_fbneo_xtreme_amped_libretro.so
PLAY	MAME	KIKIKAI	ROMS/MAME/kikikai.zip	RETROARCH	km_fbneo_xtreme_amped_libretro.so
PLAY	MAME	KNCKHEAD	ROMS/MAME/knckhead.zip	RETROARCH	km_fbneo_xtreme_amped_libretro.so
PLAY	MAME	LIGHTBR	ROMS/MAME/lightbr.zip	RETROARCH	km_fbneo_xtreme_amped_libretro.so
PLAY	MAME	LKAGE	ROMS/MAME/lkage.zip	RETROARCH	km_fbneo_xtreme_amped_libretro.so
PLAY	MAME	LWINGS	ROMS/MAME/lwings.zip	RETROARCH	km_fbneo_xtreme_amped_libretro.so
PLAY	MAME	MAPPY	ROMS/MAME/mappy.zip	RETROARCH	km_fbneo_xtreme_amped_libretro.so
PLAY	MAME	MCATADV	ROMS/MAME/mcatadv.zip	RETROARCH	km_fbneo_xtreme_amped_libretro.so
PLAY	MAME	MEGABLST	ROMS/MAME/megablst.zip	RETROARCH	km_fbneo_xtreme_amped_libretro.so
PLAY	MAME	METALB	ROMS/MAME/metalb.zip	RETROARCH	km_fbneo_xtreme_amped_libretro.so
PLAY	MAME	METAMRPH	ROMS/MAME/metamrph.zip	RETROARCH	km_fbneo_xtreme_amped_libretro.so
PLAY	MAME	METLCLSH	ROMS/MAME/metlclsh.zip	RETROARCH	km_fbneo_xtreme_amped_libretro.so
PLAY	MAME	METLHAWK	ROMS/MAME/metlhawk.zip	RETROARCH	km_fbneo_xtreme_amped_libretro.so
PLAY	MAME	METLSAVR	ROMS/MAME/metlsavr.zip	RETROARCH	km_fbneo_xtreme_amped_libretro.so
PLAY	MAME	METROCRS	ROMS/MAME/metrocrs.zip	RETROARCH	km_fbneo_xtreme_amped_libretro.so
PLAY	MAME	MIA	ROMS/MAME/mia.zip	RETROARCH	km_fbneo_xtreme_amped_libretro.so
PLAY	MAME	MK	ROMS/MAME/mk.zip	RETROARCH	km_fbneo_xtreme_amped_libretro.so
PLAY	MAME	MK2	ROMS/MAME/mk2.zip	RETROARCH	km_fbneo_xtreme_amped_libretro.so
PLAY	MAME	MMAULERS	ROMS/MAME/mmaulers.zip	RETROARCH	km_fbneo_xtreme_amped_libretro.so
PLAY	MAME	NASTAR	ROMS/MAME/nastar.zip	RETROARCH	km_fbneo_xtreme_amped_libretro.so
PLAY	MAME	NSLASHER	ROMS/MAME/nslasher.zip	RETROARCH	km_fbneo_xtreme_amped_libretro.so
PLAY	MAME	NUMANATH	ROMS/MAME/numanath.zip	RETROARCH	km_fbneo_xtreme_amped_libretro.so
PLAY	MAME	OTHUNDER	ROMS/MAME/othunder.zip	RETROARCH	km_fbneo_xtreme_amped_libretro.so
PLAY	MAME	PGM	ROMS/MAME/pgm.zip	RETROARCH	km_fbneo_xtreme_amped_libretro.so
PLAY	MAME	POOYAN	ROMS/MAME/pooyan.zip	RETROARCH	km_fbneo_xtreme_amped_libretro.so
PLAY	MAME	RASTAN	ROMS/MAME/rastan.zip	RETROARCH	km_fbneo_xtreme_amped_libretro.so
PLAY	MAME	RIOTCITY	ROMS/MAME/riotcity.zip	RETROARCH	km_fbneo_xtreme_amped_libretro.so
PLAY	MAME	SCHMEISR	ROMS/MAME/schmeisr.zip	RETROARCH	km_fbneo_xtreme_amped_libretro.so
PLAY	MAME	SF1	ROMS/MAME/sf1.zip	RETROARCH	km_fbneo_xtreme_amped_libretro.so
PLAY	MAME	SFZ2AL	ROMS/MAME/sfz2al.zip	RETROARCH	km_fbneo_xtreme_amped_libretro.so
PLAY	MAME	SHADOWW	ROMS/MAME/shadoww.zip	RETROARCH	km_fbneo_xtreme_amped_libretro.so
PLAY	MAME	SILENTD	ROMS/MAME/silentd.zip	RETROARCH	km_fbneo_xtreme_amped_libretro.so
PLAY	MAME	SOLFIGTR	ROMS/MAME/solfigtr.zip	RETROARCH	km_fbneo_xtreme_amped_libretro.so
PLAY	MAME	SPIDEY	ROMS/MAME/spidey.zip	RETROARCH	km_fbneo_xtreme_amped_libretro.so
PLAY	MAME	SSOLDIER	ROMS/MAME/ssoldier.zip	RETROARCH	km_fbneo_xtreme_amped_libretro.so
PLAY	MAME	SSPRINT	ROMS/MAME/ssprint.zip	RETROARCH	km_fbneo_xtreme_amped_libretro.so
PLAY	MAME	SSRIDERSUBC	ROMS/MAME/ssridersubc.zip	RETROARCH	km_fbneo_xtreme_amped_libretro.so
PLAY	MAME	SUPERMAN	ROMS/MAME/superman.zip	RETROARCH	km_fbneo_xtreme_amped_libretro.so
PLAY	MAME	VIOSTORM	ROMS/MAME/viostorm.zip	RETROARCH	km_fbneo_xtreme_amped_libretro.so
PLAY	MAME	WIZDFIRE	ROMS/MAME/wizdfire.zip	RETROARCH	km_fbneo_xtreme_amped_libretro.so
PLAY	MAME	XMEN2PE	ROMS/MAME/xmen2pe.zip	RETROARCH	km_fbneo_xtreme_amped_libretro.so
PLAY	MAME	XXMISSIO	ROMS/MAME/xxmissio.zip	RETROARCH	km_fbneo_xtreme_amped_libretro.so
PLAY	MAME	XYBOTS	ROMS/MAME/xybots.zip	RETROARCH	km_fbneo_xtreme_amped_libretro.so
PLAY	MAME	YAMAGCHI	ROMS/MAME/yamagchi.zip	RETROARCH	km_fbneo_xtreme_amped_libretro.so
PLAY	MAME	YIEAR	ROMS/MAME/yiear.zip	RETROARCH	km_fbneo_xtreme_amped_libretro.so
PLAY	MEGA DRIVE	3 NINJAS KICK BACK (USA)	ROMS/MD/3 Ninjas Kick Back (USA).zip	RETROARCH	genesis_plus_gx_libretro.so
PLAY	MEGA DRIVE	688 ATTACK SUB (USA, EUROPE)	ROMS/MD/688 Attack Sub (USA, Europe).zip	RETROARCH	genesis_plus_gx_libretro.so
PLAY	MEGA DRIVE	AAAHH!!! REAL MONSTERS (USA)	ROMS/MD/AAAHH!!! Real Monsters (USA).zip	RETROARCH	genesis_plus_gx_libretro.so
PLAY	MEGA DRIVE	ACTION 52 (USA) (UNL)	ROMS/MD/Action 52 (USA) (Unl).zip	RETROARCH	genesis_plus_gx_libretro.so
PLAY	MEGA DRIVE	ADDAMS FAMILY VALUES (EUROPE)	ROMS/MD/Addams Family Values (Europe).zip	RETROARCH	genesis_plus_gx_libretro.so
PLAY	MEGA DRIVE	ADDAMS FAMILY, THE (USA, EUROPE)	ROMS/MD/Addams Family, The (USA, Europe).zip	RETROARCH	genesis_plus_gx_libretro.so
PLAY	MEGA DRIVE	ADVANCED BUSTERHAWK GLEYLANCER (JAPAN) (TRANSLATED EN)	ROMS/MD/Advanced Busterhawk Gleylancer (Japan) (Translated En).zip	RETROARCH	genesis_plus_gx_libretro.so
PLAY	MEGA DRIVE	ADVANCED DAISENRYAKU - DEUTSCH DENGEKI SAKUSEN (JAPAN) (TRANSLATED EN)	ROMS/MD/Advanced Daisenryaku - Deutsch Dengeki Sakusen (Japan) (Translated En).zip	RETROARCH	genesis_plus_gx_libretro.so
PLAY	MEGA DRIVE	ADVENTURES OF BATMAN & ROBIN, THE (USA)	ROMS/MD/Adventures of Batman & Robin, The (USA).zip	RETROARCH	genesis_plus_gx_libretro.so
PLAY	MEGA DRIVE	ADVENTURES OF MIGHTY MAX, THE (USA)	ROMS/MD/Adventures of Mighty Max, The (USA).zip	RETROARCH	genesis_plus_gx_libretro.so
PLAY	MEGA DRIVE	ADVENTURES OF ROCKY AND BULLWINKLE AND FRIENDS, THE (USA)	ROMS/MD/Adventures of Rocky and Bullwinkle and Friends, The (USA).zip	RETROARCH	genesis_plus_gx_libretro.so
PLAY	MEGA DRIVE	ADVENTUROUS BOY - MAO XIAN XIAO ZI (CHINA) (UNL)	ROMS/MD/Adventurous Boy - Mao Xian Xiao Zi (China) (Unl).zip	RETROARCH	genesis_plus_gx_libretro.so
PLAY	MEGA DRIVE	ALIEN 3 (USA, EUROPE)	ROMS/MD/Alien 3 (USA, Europe).zip	RETROARCH	genesis_plus_gx_libretro.so
PLAY	MEGA DRIVE	ALIEN SOLDIER (EUROPE)	ROMS/MD/Alien Soldier (Europe).zip	RETROARCH	genesis_plus_gx_libretro.so
PLAY	MEGA DRIVE	ALIEN STORM (WORLD)	ROMS/MD/Alien Storm (World).zip	RETROARCH	genesis_plus_gx_libretro.so
PLAY	MEGA DRIVE	ALISIA DRAGOON (USA)	ROMS/MD/Alisia Dragoon (USA).zip	RETROARCH	genesis_plus_gx_libretro.so
PLAY	MEGA DRIVE	ALTERED BEAST (USA, EUROPE)	ROMS/MD/Altered Beast (USA, Europe).zip	RETROARCH	genesis_plus_gx_libretro.so
PLAY	MEGA DRIVE	AMERICAN GLADIATORS (USA)	ROMS/MD/American Gladiators (USA).zip	RETROARCH	genesis_plus_gx_libretro.so
PLAY	MEGA DRIVE	ANDRE AGASSI TENNIS (USA)	ROMS/MD/Andre Agassi Tennis (USA).zip	RETROARCH	genesis_plus_gx_libretro.so
PLAY	MEGA DRIVE	ANIMANIACS (USA)	ROMS/MD/Animaniacs (USA).zip	RETROARCH	genesis_plus_gx_libretro.so
PLAY	MEGA DRIVE	AQUATIC GAMES STARRING JAMES POND AND THE AQUABATS, THE (USA, EUROPE)	ROMS/MD/Aquatic Games Starring James Pond and the Aquabats, The (USA, Europe).zip	RETROARCH	genesis_plus_gx_libretro.so
PLAY	MEGA DRIVE	ARCADE CLASSICS (USA, EUROPE)	ROMS/MD/Arcade Classics (USA, Europe).zip	RETROARCH	genesis_plus_gx_libretro.so
PLAY	MEGA DRIVE	ARCH RIVALS - THE ARCADE GAME (USA, EUROPE)	ROMS/MD/Arch Rivals - The Arcade Game (USA, Europe).zip	RETROARCH	genesis_plus_gx_libretro.so
PLAY	MEGA DRIVE	ARCUS ODYSSEY (USA)	ROMS/MD/Arcus Odyssey (USA).zip	RETROARCH	genesis_plus_gx_libretro.so
PLAY	MEGA DRIVE	ARIEL THE LITTLE MERMAID (USA, EUROPE)	ROMS/MD/Ariel the Little Mermaid (USA, Europe).zip	RETROARCH	genesis_plus_gx_libretro.so
PLAY	MEGA DRIVE	BARBIE VACATION ADVENTURE (USA) (PROTO)	ROMS/MD/Barbie Vacation Adventure (USA) (Proto).zip	RETROARCH	genesis_plus_gx_libretro.so
PLAY	MEGA DRIVE	BARKLEY SHUT UP AND JAM! (USA, EUROPE)	ROMS/MD/Barkley Shut Up and Jam! (USA, Europe).zip	RETROARCH	genesis_plus_gx_libretro.so
PLAY	MEGA DRIVE	BARKLEY SHUT UP AND JAM! 2 (USA)	ROMS/MD/Barkley Shut Up and Jam! 2 (USA).zip	RETROARCH	genesis_plus_gx_libretro.so
PLAY	MEGA DRIVE	BARNEY'S HIDE & SEEK GAME (USA)	ROMS/MD/Barney's Hide & Seek Game (USA).zip	RETROARCH	genesis_plus_gx_libretro.so
PLAY	MEGA DRIVE	BASS MASTERS CLASSIC (USA)	ROMS/MD/Bass Masters Classic (USA).zip	RETROARCH	genesis_plus_gx_libretro.so
PLAY	MEGA DRIVE	BASS MASTERS CLASSIC - PRO EDITION (USA)	ROMS/MD/Bass Masters Classic - Pro Edition (USA).zip	RETROARCH	genesis_plus_gx_libretro.so
PLAY	MEGA DRIVE	BATMAN (USA)	ROMS/MD/Batman (USA).zip	RETROARCH	genesis_plus_gx_libretro.so
PLAY	MEGA DRIVE	BATMAN - REVENGE OF THE JOKER (USA)	ROMS/MD/Batman - Revenge of the Joker (USA).zip	RETROARCH	genesis_plus_gx_libretro.so
PLAY	MEGA DRIVE	BATMAN FOREVER (WORLD)	ROMS/MD/Batman Forever (World).zip	RETROARCH	genesis_plus_gx_libretro.so
PLAY	MEGA DRIVE	BATMAN RETURNS (WORLD)	ROMS/MD/Batman Returns (World).zip	RETROARCH	genesis_plus_gx_libretro.so
PLAY	MEGA DRIVE	BATTLE MANIA (JAPAN)	ROMS/MD/Battle Mania (Japan).zip	RETROARCH	genesis_plus_gx_libretro.so
PLAY	MEGA DRIVE	BATTLE MANIA DAIGINJOU (JAPAN, KOREA) (TRANSLATED EN)	ROMS/MD/Battle Mania Daiginjou (Japan, Korea) (Translated En).zip	RETROARCH	genesis_plus_gx_libretro.so
PLAY	MEGA DRIVE	BATTLE SQUADRON (USA, EUROPE)	ROMS/MD/Battle Squadron (USA, Europe).zip	RETROARCH	genesis_plus_gx_libretro.so
PLAY	MEGA DRIVE	BILL WALSH COLLEGE FOOTBALL (USA, EUROPE)	ROMS/MD/Bill Walsh College Football (USA, Europe).zip	RETROARCH	genesis_plus_gx_libretro.so
PLAY	MEGA DRIVE	BILL WALSH COLLEGE FOOTBALL 95 (USA)	ROMS/MD/Bill Walsh College Football 95 (USA).zip	RETROARCH	genesis_plus_gx_libretro.so
PLAY	MEGA DRIVE	BIMINI RUN (USA)	ROMS/MD/Bimini Run (USA).zip	RETROARCH	genesis_plus_gx_libretro.so
PLAY	MEGA DRIVE	BIO HAZARD BATTLE (USA, EUROPE)	ROMS/MD/Bio Hazard Battle (USA, Europe).zip	RETROARCH	genesis_plus_gx_libretro.so
PLAY	MEGA DRIVE	BLADES OF VENGEANCE (USA, EUROPE)	ROMS/MD/Blades of Vengeance (USA, Europe).zip	RETROARCH	genesis_plus_gx_libretro.so
PLAY	MEGA DRIVE	BLASTER MASTER 2 (USA)	ROMS/MD/Blaster Master 2 (USA).zip	RETROARCH	genesis_plus_gx_libretro.so
PLAY	MEGA DRIVE	BLOCKBUSTER WORLD VIDEO GAME CHAMPIONSHIP II (USA)	ROMS/MD/Blockbuster World Video Game Championship II (USA).zip	RETROARCH	genesis_plus_gx_libretro.so
PLAY	MEGA DRIVE	BLOCKOUT (WORLD)	ROMS/MD/Blockout (World).zip	RETROARCH	genesis_plus_gx_libretro.so
PLAY	MEGA DRIVE	BUBBA'N'STIX - A STRATEGY ADVENTURE (USA)	ROMS/MD/Bubba'n'Stix - A Strategy Adventure (USA).zip	RETROARCH	genesis_plus_gx_libretro.so
PLAY	MEGA DRIVE	BUBBLE AND SQUEAK (USA)	ROMS/MD/Bubble and Squeak (USA).zip	RETROARCH	genesis_plus_gx_libretro.so
PLAY	MEGA DRIVE	BUBSY II (USA, EUROPE)	ROMS/MD/Bubsy II (USA, Europe).zip	RETROARCH	genesis_plus_gx_libretro.so
PLAY	MEGA DRIVE	BUBSY IN CLAWS ENCOUNTERS OF THE FURRED KIND (USA, EUROPE)	ROMS/MD/Bubsy in Claws Encounters of the Furred Kind (USA, Europe).zip	RETROARCH	genesis_plus_gx_libretro.so
PLAY	MEGA DRIVE	BUCK ROGERS - COUNTDOWN TO DOOMSDAY (USA, EUROPE)	ROMS/MD/Buck Rogers - Countdown to Doomsday (USA, Europe).zip	RETROARCH	genesis_plus_gx_libretro.so
PLAY	MEGA DRIVE	BUDOKAN - THE MARTIAL SPIRIT (USA)	ROMS/MD/Budokan - The Martial Spirit (USA).zip	RETROARCH	genesis_plus_gx_libretro.so
PLAY	MEGA DRIVE	BUGS BUNNY IN DOUBLE TROUBLE (USA)	ROMS/MD/Bugs Bunny in Double Trouble (USA).zip	RETROARCH	genesis_plus_gx_libretro.so
PLAY	MEGA DRIVE	CAPTAIN AMERICA AND THE AVENGERS (USA)	ROMS/MD/Captain America and the Avengers (USA).zip	RETROARCH	genesis_plus_gx_libretro.so
PLAY	MEGA DRIVE	CAPTAIN PLANET AND THE PLANETEERS (USA)	ROMS/MD/Captain Planet and the Planeteers (USA).zip	RETROARCH	genesis_plus_gx_libretro.so
PLAY	MEGA DRIVE	CASTLE OF ILLUSION STARRING MICKEY MOUSE (USA, EUROPE)	ROMS/MD/Castle of Illusion Starring Mickey Mouse (USA, Europe).zip	RETROARCH	genesis_plus_gx_libretro.so
PLAY	MEGA DRIVE	CASTLEVANIA - BLOODLINES (USA)	ROMS/MD/Castlevania - Bloodlines (USA).zip	RETROARCH	genesis_plus_gx_libretro.so
PLAY	MEGA DRIVE	CENTURION - DEFENDER OF ROME (USA, EUROPE)	ROMS/MD/Centurion - Defender of Rome (USA, Europe).zip	RETROARCH	genesis_plus_gx_libretro.so
PLAY	MEGA DRIVE	CHAKAN (USA, EUROPE)	ROMS/MD/Chakan (USA, Europe).zip	RETROARCH	genesis_plus_gx_libretro.so
PLAY	MEGA DRIVE	CHAMPIONS WORLD CLASS SOCCER (WORLD)	ROMS/MD/Champions World Class Soccer (World).zip	RETROARCH	genesis_plus_gx_libretro.so
PLAY	MEGA DRIVE	CLIFFHANGER (USA)	ROMS/MD/Cliffhanger (USA).zip	RETROARCH	genesis_plus_gx_libretro.so
PLAY	MEGA DRIVE	CLUE (USA)	ROMS/MD/Clue (USA).zip	RETROARCH	genesis_plus_gx_libretro.so
PLAY	MEGA DRIVE	COACH K COLLEGE BASKETBALL (USA)	ROMS/MD/Coach K College Basketball (USA).zip	RETROARCH	genesis_plus_gx_libretro.so
PLAY	MEGA DRIVE	COFFEE CRISIS (WORLD) (UNL)	ROMS/MD/Coffee Crisis (World)  (Unl).zip	RETROARCH	genesis_plus_gx_libretro.so
PLAY	MEGA DRIVE	COMBAT CARS (USA, EUROPE)	ROMS/MD/Combat Cars (USA, Europe).zip	RETROARCH	genesis_plus_gx_libretro.so
PLAY	MEGA DRIVE	COMIX ZONE (USA)	ROMS/MD/Comix Zone (USA).zip	RETROARCH	genesis_plus_gx_libretro.so
PLAY	MEGA DRIVE	CONTRA - HARD CORPS (USA, KOREA)	ROMS/MD/Contra - Hard Corps (USA, Korea).zip	RETROARCH	genesis_plus_gx_libretro.so
PLAY	MEGA DRIVE	COOL SPOT (USA)	ROMS/MD/Cool Spot (USA).zip	RETROARCH	genesis_plus_gx_libretro.so
PLAY	MEGA DRIVE	COSMIC SPACEHEAD (USA, EUROPE)	ROMS/MD/Cosmic Spacehead (USA, Europe).zip	RETROARCH	genesis_plus_gx_libretro.so
PLAY	MEGA DRIVE	CRACK DOWN (USA)	ROMS/MD/Crack Down (USA).zip	RETROARCH	genesis_plus_gx_libretro.so
PLAY	MEGA DRIVE	CROSS FIRE (USA)	ROMS/MD/Cross Fire (USA).zip	RETROARCH	genesis_plus_gx_libretro.so
PLAY	MEGA DRIVE	CRUE BALL - HEAVY METAL PINBALL (USA, EUROPE)	ROMS/MD/Crue Ball - Heavy Metal Pinball (USA, Europe).zip	RETROARCH	genesis_plus_gx_libretro.so
PLAY	MEGA DRIVE	CRUSADER OF CENTY (USA)	ROMS/MD/Crusader of Centy (USA).zip	RETROARCH	genesis_plus_gx_libretro.so
PLAY	MEGA DRIVE	CRYSTAL'S PONY TALE (USA)	ROMS/MD/Crystal's Pony Tale (USA).zip	RETROARCH	genesis_plus_gx_libretro.so
PLAY	MEGA DRIVE	CUTTHROAT ISLAND (USA, EUROPE)	ROMS/MD/CutThroat Island (USA, Europe).zip	RETROARCH	genesis_plus_gx_libretro.so
PLAY	MEGA DRIVE	CYBER-COP (USA)	ROMS/MD/Cyber-Cop (USA).zip	RETROARCH	genesis_plus_gx_libretro.so
PLAY	MEGA DRIVE	CYBERBALL (WORLD)	ROMS/MD/CyberBall (World).zip	RETROARCH	genesis_plus_gx_libretro.so
PLAY	MEGA DRIVE	CYBORG JUSTICE (USA, EUROPE)	ROMS/MD/Cyborg Justice (USA, Europe).zip	RETROARCH	genesis_plus_gx_libretro.so
PLAY	MEGA DRIVE	DAFFY DUCK IN HOLLYWOOD (EUROPE)	ROMS/MD/Daffy Duck in Hollywood (Europe).zip	RETROARCH	genesis_plus_gx_libretro.so
PLAY	MEGA DRIVE	DARK CASTLE (USA, EUROPE)	ROMS/MD/Dark Castle (USA, Europe).zip	RETROARCH	genesis_plus_gx_libretro.so
PLAY	MEGA DRIVE	DARWIN 4081 (JAPAN, KOREA)	ROMS/MD/Darwin 4081 (Japan, Korea).zip	RETROARCH	genesis_plus_gx_libretro.so
PLAY	MEGA DRIVE	DASHIN' DESPERADOES (USA)	ROMS/MD/Dashin' Desperadoes (USA).zip	RETROARCH	genesis_plus_gx_libretro.so
PLAY	MEGA DRIVE	DAVID CRANE'S AMAZING TENNIS (USA)	ROMS/MD/David Crane's Amazing Tennis (USA).zip	RETROARCH	genesis_plus_gx_libretro.so
PLAY	MEGA DRIVE	DAVID ROBINSON'S SUPREME COURT (USA, EUROPE)	ROMS/MD/David Robinson's Supreme Court (USA, Europe).zip	RETROARCH	genesis_plus_gx_libretro.so
PLAY	MEGA DRIVE	DAVIS CUP TENNIS (USA, EUROPE)	ROMS/MD/Davis Cup Tennis (USA, Europe).zip	RETROARCH	genesis_plus_gx_libretro.so
PLAY	MEGA DRIVE	DAZE BEFORE CHRISTMAS (AUSTRALIA)	ROMS/MD/Daze Before Christmas (Australia).zip	RETROARCH	genesis_plus_gx_libretro.so
PLAY	MEGA DRIVE	DEADLY MOVES (USA)	ROMS/MD/Deadly Moves (USA).zip	RETROARCH	genesis_plus_gx_libretro.so
PLAY	MEGA DRIVE	DEATH AND RETURN OF SUPERMAN, THE (USA)	ROMS/MD/Death and Return of Superman, The (USA).zip	RETROARCH	genesis_plus_gx_libretro.so
PLAY	MEGA DRIVE	DONALD IN MAUI MALLARD (EUROPE)	ROMS/MD/Donald in Maui Mallard (Europe).zip	RETROARCH	genesis_plus_gx_libretro.so
PLAY	MEGA DRIVE	DOOM TROOPERS (USA)	ROMS/MD/Doom Troopers (USA).zip	RETROARCH	genesis_plus_gx_libretro.so
PLAY	MEGA DRIVE	DOUBLE CLUTCH (EUROPE)	ROMS/MD/Double Clutch (Europe).zip	RETROARCH	genesis_plus_gx_libretro.so
PLAY	MEGA DRIVE	DOUBLE DRIBBLE - THE PLAYOFF EDITION (USA)	ROMS/MD/Double Dribble - The Playoff Edition (USA).zip	RETROARCH	genesis_plus_gx_libretro.so
PLAY	MEGA DRIVE	DR. ROBOTNIK'S MEAN BEAN MACHINE (USA)	ROMS/MD/Dr. Robotnik's Mean Bean Machine (USA).zip	RETROARCH	genesis_plus_gx_libretro.so
PLAY	MEGA DRIVE	DRAGON - THE BRUCE LEE STORY (USA)	ROMS/MD/Dragon - The Bruce Lee Story (USA).zip	RETROARCH	genesis_plus_gx_libretro.so
PLAY	MEGA DRIVE	DRAGON BALL Z - L'APPEL DU DESTIN (FRANCE) (TRANSLATED EN)	ROMS/MD/Dragon Ball Z - L'Appel du Destin (France) (Translated En).zip	RETROARCH	genesis_plus_gx_libretro.so
PLAY	MEGA DRIVE	DRAGON'S FURY (USA, EUROPE)	ROMS/MD/Dragon's Fury (USA, Europe).zip	RETROARCH	genesis_plus_gx_libretro.so
PLAY	MEGA DRIVE	DRAGON'S LAIR - THE ADVENTURE CONTINUES (USA) (PROTO)	ROMS/MD/Dragon's Lair - The Adventure Continues (USA) (Proto).zip	RETROARCH	genesis_plus_gx_libretro.so
PLAY	MEGA DRIVE	DRAGON'S REVENGE (USA, EUROPE)	ROMS/MD/Dragon's Revenge (USA, Europe).zip	RETROARCH	genesis_plus_gx_libretro.so
PLAY	MEGA DRIVE	DUKE NUKEM 3D (BRAZIL)	ROMS/MD/Duke Nukem 3D (Brazil).zip	RETROARCH	genesis_plus_gx_libretro.so
PLAY	MEGA DRIVE	DUNE - THE BATTLE FOR ARRAKIS (USA)	ROMS/MD/Dune - The Battle for Arrakis (USA).zip	RETROARCH	genesis_plus_gx_libretro.so
PLAY	MEGA DRIVE	DUNGEONS & DRAGONS - WARRIORS OF THE ETERNAL SUN (USA, EUROPE)	ROMS/MD/Dungeons & Dragons - Warriors of the Eternal Sun (USA, Europe).zip	RETROARCH	genesis_plus_gx_libretro.so
PLAY	MEGA DRIVE	DYNAMITE DUKE (WORLD)	ROMS/MD/Dynamite Duke (World).zip	RETROARCH	genesis_plus_gx_libretro.so
PLAY	MEGA DRIVE	DYNAMITE HEADDY (USA, EUROPE)	ROMS/MD/Dynamite Headdy (USA, Europe).zip	RETROARCH	genesis_plus_gx_libretro.so
PLAY	MEGA DRIVE	EARNEST EVANS (USA)	ROMS/MD/Earnest Evans (USA).zip	RETROARCH	genesis_plus_gx_libretro.so
PLAY	MEGA DRIVE	EARTH DEFENSE (USA) (UNL)	ROMS/MD/Earth Defense (USA) (Unl).zip	RETROARCH	genesis_plus_gx_libretro.so
PLAY	MEGA DRIVE	EARTHWORM JIM (USA)	ROMS/MD/Earthworm Jim (USA).zip	RETROARCH	genesis_plus_gx_libretro.so
PLAY	MEGA DRIVE	EARTHWORM JIM 2 (USA)	ROMS/MD/Earthworm Jim 2 (USA).zip	RETROARCH	genesis_plus_gx_libretro.so
PLAY	MEGA DRIVE	ECCO - THE TIDES OF TIME (USA)	ROMS/MD/Ecco - The Tides of Time (USA).zip	RETROARCH	genesis_plus_gx_libretro.so
PLAY	MEGA DRIVE	ECCO JR. (USA, AUSTRALIA)	ROMS/MD/Ecco Jr. (USA, Australia).zip	RETROARCH	genesis_plus_gx_libretro.so
PLAY	MEGA DRIVE	ECCO THE DOLPHIN (USA, EUROPE)	ROMS/MD/Ecco the Dolphin (USA, Europe).zip	RETROARCH	genesis_plus_gx_libretro.so
PLAY	MEGA DRIVE	EL. VIENTO (USA)	ROMS/MD/El. Viento (USA).zip	RETROARCH	genesis_plus_gx_libretro.so
PLAY	MEGA DRIVE	ELEMENTAL MASTER (USA)	ROMS/MD/Elemental Master (USA).zip	RETROARCH	genesis_plus_gx_libretro.so
PLAY	MEGA DRIVE	ESPN BASEBALL TONIGHT (USA)	ROMS/MD/ESPN Baseball Tonight (USA).zip	RETROARCH	genesis_plus_gx_libretro.so
PLAY	MEGA DRIVE	ESPN NATIONAL HOCKEY NIGHT (USA)	ROMS/MD/ESPN National Hockey Night (USA).zip	RETROARCH	genesis_plus_gx_libretro.so
PLAY	MEGA DRIVE	ESPN SPEED WORLD (USA)	ROMS/MD/ESPN Speed World (USA).zip	RETROARCH	genesis_plus_gx_libretro.so
PLAY	MEGA DRIVE	ESPN SUNDAY NIGHT NFL (USA)	ROMS/MD/ESPN Sunday Night NFL (USA).zip	RETROARCH	genesis_plus_gx_libretro.so
PLAY	MEGA DRIVE	ESWAT - CITY UNDER SIEGE (USA, EUROPE)	ROMS/MD/ESWAT - City Under Siege (USA, Europe).zip	RETROARCH	genesis_plus_gx_libretro.so
PLAY	MEGA DRIVE	ETERNAL CHAMPIONS (USA)	ROMS/MD/Eternal Champions (USA).zip	RETROARCH	genesis_plus_gx_libretro.so
PLAY	MEGA DRIVE	EVANDER HOLYFIELD'S 'REAL DEAL' BOXING (WORLD)	ROMS/MD/Evander Holyfield's 'Real Deal' Boxing (World).zip	RETROARCH	genesis_plus_gx_libretro.so
PLAY	MEGA DRIVE	EX-MUTANTS (USA, EUROPE)	ROMS/MD/Ex-Mutants (USA, Europe).zip	RETROARCH	genesis_plus_gx_libretro.so
PLAY	MEGA DRIVE	EXILE (USA)	ROMS/MD/Exile (USA).zip	RETROARCH	genesis_plus_gx_libretro.so
PLAY	MEGA DRIVE	EXO SQUAD (USA)	ROMS/MD/Exo Squad (USA).zip	RETROARCH	genesis_plus_gx_libretro.so
PLAY	MEGA DRIVE	EXODUS - JOURNEY TO THE PROMISED LAND (USA) (UNL)	ROMS/MD/Exodus - Journey to the Promised Land (USA) (Unl).zip	RETROARCH	genesis_plus_gx_libretro.so
PLAY	MEGA DRIVE	F-117 NIGHT STORM (USA, EUROPE)	ROMS/MD/F-117 Night Storm (USA, Europe).zip	RETROARCH	genesis_plus_gx_libretro.so
PLAY	MEGA DRIVE	F-15 STRIKE EAGLE II (USA)	ROMS/MD/F-15 Strike Eagle II (USA).zip	RETROARCH	genesis_plus_gx_libretro.so
PLAY	MEGA DRIVE	F-22 INTERCEPTOR (USA, EUROPE)	ROMS/MD/F-22 Interceptor (USA, Europe).zip	RETROARCH	genesis_plus_gx_libretro.so
PLAY	MEGA DRIVE	F1 - WORLD CHAMPIONSHIP EDITION (EUROPE)	ROMS/MD/F1 - World Championship Edition (Europe).zip	RETROARCH	genesis_plus_gx_libretro.so
PLAY	MEGA DRIVE	FAERY TALE ADVENTURE, THE (USA, EUROPE)	ROMS/MD/Faery Tale Adventure, The (USA, Europe).zip	RETROARCH	genesis_plus_gx_libretro.so
PLAY	MEGA DRIVE	FAMILY FEUD (USA)	ROMS/MD/Family Feud (USA).zip	RETROARCH	genesis_plus_gx_libretro.so
PLAY	MEGA DRIVE	FANTASTIC DIZZY (USA, EUROPE)	ROMS/MD/Fantastic Dizzy (USA, Europe).zip	RETROARCH	genesis_plus_gx_libretro.so
PLAY	MEGA DRIVE	FUNNY WORLD & BALLOON BOY (USA) (UNL)	ROMS/MD/Funny World & Balloon Boy (USA) (Unl).zip	RETROARCH	genesis_plus_gx_libretro.so
PLAY	MEGA DRIVE	G-LOC AIR BATTLE (WORLD)	ROMS/MD/G-LOC Air Battle (World).zip	RETROARCH	genesis_plus_gx_libretro.so
PLAY	MEGA DRIVE	GARFIELD - CAUGHT IN THE ACT (USA, EUROPE)	ROMS/MD/Garfield - Caught in the Act (USA, Europe).zip	RETROARCH	genesis_plus_gx_libretro.so
PLAY	MEGA DRIVE	GARGOYLES (USA)	ROMS/MD/Gargoyles (USA).zip	RETROARCH	genesis_plus_gx_libretro.so
PLAY	MEGA DRIVE	GAUNTLET IV (USA, EUROPE)	ROMS/MD/Gauntlet IV (USA, Europe).zip	RETROARCH	genesis_plus_gx_libretro.so
PLAY	MEGA DRIVE	GEMFIRE (USA)	ROMS/MD/Gemfire (USA).zip	RETROARCH	genesis_plus_gx_libretro.so
PLAY	MEGA DRIVE	GENERAL CHAOS (USA, EUROPE)	ROMS/MD/General Chaos (USA, Europe).zip	RETROARCH	genesis_plus_gx_libretro.so
PLAY	MEGA DRIVE	GENERATIONS LOST (USA, EUROPE)	ROMS/MD/Generations Lost (USA, Europe).zip	RETROARCH	genesis_plus_gx_libretro.so
PLAY	MEGA DRIVE	GENGHIS KHAN II - CLAN OF THE GRAY WOLF (USA)	ROMS/MD/Genghis Khan II - Clan of the Gray Wolf (USA).zip	RETROARCH	genesis_plus_gx_libretro.so
PLAY	MEGA DRIVE	GEORGE FOREMAN'S KO BOXING (USA)	ROMS/MD/George Foreman's KO Boxing (USA).zip	RETROARCH	genesis_plus_gx_libretro.so
PLAY	MEGA DRIVE	GHOSTBUSTERS (WORLD)	ROMS/MD/Ghostbusters (World).zip	RETROARCH	genesis_plus_gx_libretro.so
PLAY	MEGA DRIVE	GHOULS 'N GHOSTS (USA, EUROPE)	ROMS/MD/Ghouls 'n Ghosts (USA, Europe).zip	RETROARCH	genesis_plus_gx_libretro.so
PLAY	MEGA DRIVE	GODS (USA)	ROMS/MD/Gods (USA).zip	RETROARCH	genesis_plus_gx_libretro.so
PLAY	MEGA DRIVE	GOOFY'S HYSTERICAL HISTORY TOUR (USA)	ROMS/MD/Goofy's Hysterical History Tour (USA).zip	RETROARCH	genesis_plus_gx_libretro.so
PLAY	MEGA DRIVE	GRANADA (JAPAN, USA)	ROMS/MD/Granada (Japan, USA).zip	RETROARCH	genesis_plus_gx_libretro.so
PLAY	MEGA DRIVE	GREAT CIRCUS MYSTERY STARRING MICKEY & MINNIE, THE (USA)	ROMS/MD/Great Circus Mystery Starring Mickey & Minnie, The (USA).zip	RETROARCH	genesis_plus_gx_libretro.so
PLAY	MEGA DRIVE	HOME ALONE (USA, EUROPE)	ROMS/MD/Home Alone (USA, Europe).zip	RETROARCH	genesis_plus_gx_libretro.so
PLAY	MEGA DRIVE	HOME ALONE 2 - LOST IN NEW YORK (USA)	ROMS/MD/Home Alone 2 - Lost in New York (USA).zip	RETROARCH	genesis_plus_gx_libretro.so
PLAY	MEGA DRIVE	HOOK (USA)	ROMS/MD/Hook (USA).zip	RETROARCH	genesis_plus_gx_libretro.so
PLAY	MEGA DRIVE	HUAN LE TAO QI SHU - SMART MOUSE (CHINA) (UNL)	ROMS/MD/Huan Le Tao Qi Shu - Smart Mouse (China) (Unl).zip	RETROARCH	genesis_plus_gx_libretro.so
PLAY	MEGA DRIVE	HUMANS, THE (USA)	ROMS/MD/Humans, The (USA).zip	RETROARCH	genesis_plus_gx_libretro.so
PLAY	MEGA DRIVE	HURRICANES (EUROPE)	ROMS/MD/Hurricanes (Europe).zip	RETROARCH	genesis_plus_gx_libretro.so
PLAY	MEGA DRIVE	IMG INTERNATIONAL TOUR TENNIS (USA, EUROPE)	ROMS/MD/IMG International Tour Tennis (USA, Europe).zip	RETROARCH	genesis_plus_gx_libretro.so
PLAY	MEGA DRIVE	IMMORTAL, THE (USA, EUROPE)	ROMS/MD/Immortal, The (USA, Europe).zip	RETROARCH	genesis_plus_gx_libretro.so
PLAY	MEGA DRIVE	JAMES 'BUSTER' DOUGLAS KNOCKOUT BOXING (USA, EUROPE)	ROMS/MD/James 'Buster' Douglas Knockout Boxing (USA, Europe).zip	RETROARCH	genesis_plus_gx_libretro.so
PLAY	MEGA DRIVE	JAMES BOND 007 - THE DUEL (USA)	ROMS/MD/James Bond 007 - The Duel (USA).zip	RETROARCH	genesis_plus_gx_libretro.so
PLAY	MEGA DRIVE	JAMES POND - UNDERWATER AGENT (USA, EUROPE)	ROMS/MD/James Pond - Underwater Agent (USA, Europe).zip	RETROARCH	genesis_plus_gx_libretro.so
PLAY	MEGA DRIVE	JAMES POND 3 (USA, EUROPE)	ROMS/MD/James Pond 3 (USA, Europe).zip	RETROARCH	genesis_plus_gx_libretro.so
PLAY	MEGA DRIVE	JAMES POND II - CODENAME ROBOCOD (USA, EUROPE)	ROMS/MD/James Pond II - Codename Robocod (USA, Europe).zip	RETROARCH	genesis_plus_gx_libretro.so
PLAY	MEGA DRIVE	JAMMIT (USA)	ROMS/MD/Jammit (USA).zip	RETROARCH	genesis_plus_gx_libretro.so
PLAY	MEGA DRIVE	JELLY BOY (EUROPE) (PROTO)	ROMS/MD/Jelly Boy (Europe) (Proto).zip	RETROARCH	genesis_plus_gx_libretro.so
PLAY	MEGA DRIVE	JENNIFER CAPRIATI TENNIS (USA)	ROMS/MD/Jennifer Capriati Tennis (USA).zip	RETROARCH	genesis_plus_gx_libretro.so
PLAY	MEGA DRIVE	JEOPARDY! (USA)	ROMS/MD/Jeopardy! (USA).zip	RETROARCH	genesis_plus_gx_libretro.so
PLAY	MEGA DRIVE	JEOPARDY! - DELUXE EDITION (USA)	ROMS/MD/Jeopardy! - Deluxe Edition (USA).zip	RETROARCH	genesis_plus_gx_libretro.so
PLAY	MEGA DRIVE	JEOPARDY! - SPORTS EDITION (USA)	ROMS/MD/Jeopardy! - Sports Edition (USA).zip	RETROARCH	genesis_plus_gx_libretro.so
PLAY	MEGA DRIVE	JERRY GLANVILLE'S PIGSKIN FOOTBRAWL (USA)	ROMS/MD/Jerry Glanville's Pigskin Footbrawl (USA).zip	RETROARCH	genesis_plus_gx_libretro.so
PLAY	MEGA DRIVE	JEWEL MASTER (USA, EUROPE)	ROMS/MD/Jewel Master (USA, Europe).zip	RETROARCH	genesis_plus_gx_libretro.so
PLAY	MEGA DRIVE	JIM POWER - THE ARCADE GAME (USA) (PROTO)	ROMS/MD/Jim Power - The Arcade Game (USA) (Proto).zip	RETROARCH	genesis_plus_gx_libretro.so
PLAY	MEGA DRIVE	JIMMY WHITE'S WHIRLWIND SNOOKER (EUROPE)	ROMS/MD/Jimmy White's Whirlwind Snooker (Europe).zip	RETROARCH	genesis_plus_gx_libretro.so
PLAY	MEGA DRIVE	JUDGE DREDD (WORLD)	ROMS/MD/Judge Dredd (World).zip	RETROARCH	genesis_plus_gx_libretro.so
PLAY	MEGA DRIVE	JUNCTION (JAPAN, USA)	ROMS/MD/Junction (Japan, USA).zip	RETROARCH	genesis_plus_gx_libretro.so
PLAY	MEGA DRIVE	JUNGLE BOOK, THE (USA)	ROMS/MD/Jungle Book, The (USA).zip	RETROARCH	genesis_plus_gx_libretro.so
PLAY	MEGA DRIVE	JUNGLE STRIKE (USA, EUROPE)	ROMS/MD/Jungle Strike (USA, Europe).zip	RETROARCH	genesis_plus_gx_libretro.so
PLAY	MEGA DRIVE	JURASSIC PARK - RAMPAGE EDITION (USA, EUROPE)	ROMS/MD/Jurassic Park - Rampage Edition (USA, Europe).zip	RETROARCH	genesis_plus_gx_libretro.so
PLAY	MEGA DRIVE	LAKERS VERSUS CELTICS AND THE NBA PLAYOFFS (USA)	ROMS/MD/Lakers versus Celtics and the NBA Playoffs (USA).zip	RETROARCH	genesis_plus_gx_libretro.so
PLAY	MEGA DRIVE	LANDSTALKER (USA)	ROMS/MD/Landstalker (USA).zip	RETROARCH	genesis_plus_gx_libretro.so
PLAY	MEGA DRIVE	LANGRISSER II (JAPAN) (TRANSLATED EN)	ROMS/MD/Langrisser II (Japan) (Translated En).zip	RETROARCH	genesis_plus_gx_libretro.so
PLAY	MEGA DRIVE	LAST ACTION HERO (USA, EUROPE)	ROMS/MD/Last Action Hero (USA, Europe).zip	RETROARCH	genesis_plus_gx_libretro.so
PLAY	MEGA DRIVE	LAST BATTLE (USA, EUROPE)	ROMS/MD/Last Battle (USA, Europe).zip	RETROARCH	genesis_plus_gx_libretro.so
PLAY	MEGA DRIVE	LAWNMOWER MAN, THE (USA, EUROPE)	ROMS/MD/Lawnmower Man, The (USA, Europe).zip	RETROARCH	genesis_plus_gx_libretro.so
PLAY	MEGA DRIVE	LEGEND OF GALAHAD, THE (USA, EUROPE)	ROMS/MD/Legend of Galahad, The (USA, Europe).zip	RETROARCH	genesis_plus_gx_libretro.so
PLAY	MEGA DRIVE	LEGEND OF WUKONG (WORLD) (UNL)	ROMS/MD/Legend of Wukong (World) (Unl).zip	RETROARCH	genesis_plus_gx_libretro.so
PLAY	MEGA DRIVE	LEMMINGS (JAPAN, USA)	ROMS/MD/Lemmings (Japan, USA).zip	RETROARCH	genesis_plus_gx_libretro.so
PLAY	MEGA DRIVE	LEMMINGS 2 - THE TRIBES (USA)	ROMS/MD/Lemmings 2 - The Tribes (USA).zip	RETROARCH	genesis_plus_gx_libretro.so
PLAY	MEGA DRIVE	LETHAL ENFORCERS (USA)	ROMS/MD/Lethal Enforcers (USA).zip	RETROARCH	genesis_plus_gx_libretro.so
PLAY	MEGA DRIVE	LETHAL ENFORCERS II - GUN FIGHTERS (USA)	ROMS/MD/Lethal Enforcers II - Gun Fighters (USA).zip	RETROARCH	genesis_plus_gx_libretro.so
PLAY	MEGA DRIVE	LHX ATTACK CHOPPER (USA, EUROPE)	ROMS/MD/LHX Attack Chopper (USA, Europe).zip	RETROARCH	genesis_plus_gx_libretro.so
PLAY	MEGA DRIVE	LIBERTY OR DEATH (USA)	ROMS/MD/Liberty or Death (USA).zip	RETROARCH	genesis_plus_gx_libretro.so
PLAY	MEGA DRIVE	MAGIC SCHOOL BUS, THE (USA)	ROMS/MD/Magic School Bus, The (USA).zip	RETROARCH	genesis_plus_gx_libretro.so
PLAY	MEGA DRIVE	MAN OVERBOARD! (EUROPE)	ROMS/MD/Man Overboard! (Europe).zip	RETROARCH	genesis_plus_gx_libretro.so
PLAY	MEGA DRIVE	MARBLE MADNESS (USA, EUROPE)	ROMS/MD/Marble Madness (USA, Europe).zip	RETROARCH	genesis_plus_gx_libretro.so
PLAY	MEGA DRIVE	MARKO (USA)	ROMS/MD/Marko (USA).zip	RETROARCH	genesis_plus_gx_libretro.so
PLAY	MEGA DRIVE	MARSUPILAMI (USA)	ROMS/MD/Marsupilami (USA).zip	RETROARCH	genesis_plus_gx_libretro.so
PLAY	MEGA DRIVE	MARVEL LAND (USA)	ROMS/MD/Marvel Land (USA).zip	RETROARCH	genesis_plus_gx_libretro.so
PLAY	MEGA DRIVE	MARY SHELLEY'S FRANKENSTEIN (USA)	ROMS/MD/Mary Shelley's Frankenstein (USA).zip	RETROARCH	genesis_plus_gx_libretro.so
PLAY	MEGA DRIVE	MASTER OF MONSTERS (USA)	ROMS/MD/Master of Monsters (USA).zip	RETROARCH	genesis_plus_gx_libretro.so
PLAY	MEGA DRIVE	MATH BLASTER - EPISODE 1 (USA)	ROMS/MD/Math Blaster - Episode 1 (USA).zip	RETROARCH	genesis_plus_gx_libretro.so
PLAY	MEGA DRIVE	MAZIN SAGA - MUTANT FIGHTER (USA)	ROMS/MD/Mazin Saga - Mutant Fighter (USA).zip	RETROARCH	genesis_plus_gx_libretro.so
PLAY	MEGA DRIVE	MCDONALD'S TREASURE LAND ADVENTURE (USA)	ROMS/MD/McDonald's Treasure Land Adventure (USA).zip	RETROARCH	genesis_plus_gx_libretro.so
PLAY	MEGA DRIVE	MEGA BOMBERMAN (USA)	ROMS/MD/Mega Bomberman (USA).zip	RETROARCH	genesis_plus_gx_libretro.so
PLAY	MEGA DRIVE	MEGA MAN - THE WILY WARS (EUROPE)	ROMS/MD/Mega Man - The Wily Wars (Europe).zip	RETROARCH	genesis_plus_gx_libretro.so
PLAY	MEGA DRIVE	MICRO MACHINES (USA, EUROPE)	ROMS/MD/Micro Machines (USA, Europe).zip	RETROARCH	genesis_plus_gx_libretro.so
PLAY	MEGA DRIVE	MICRO MACHINES 2 - TURBO TOURNAMENT (EUROPE)	ROMS/MD/Micro Machines 2 - Turbo Tournament (Europe).zip	RETROARCH	genesis_plus_gx_libretro.so
PLAY	MEGA DRIVE	MICRO MACHINES MILITARY (EUROPE)	ROMS/MD/Micro Machines Military (Europe).zip	RETROARCH	genesis_plus_gx_libretro.so
PLAY	MEGA DRIVE	MICRO MACHINES TURBO TOURNAMENT 96 (EUROPE)	ROMS/MD/Micro Machines Turbo Tournament 96 (Europe).zip	RETROARCH	genesis_plus_gx_libretro.so
PLAY	MEGA DRIVE	MIDNIGHT RESISTANCE (USA)	ROMS/MD/Midnight Resistance (USA).zip	RETROARCH	genesis_plus_gx_libretro.so
PLAY	MEGA DRIVE	MIG-29 FIGHTER PILOT (USA)	ROMS/MD/Mig-29 Fighter Pilot (USA).zip	RETROARCH	genesis_plus_gx_libretro.so
PLAY	MEGA DRIVE	MONSTER WORLD IV (JAPAN) (TRANSLATED EN)	ROMS/MD/Monster World IV (Japan) (Translated En).zip	RETROARCH	genesis_plus_gx_libretro.so
PLAY	MEGA DRIVE	MORTAL KOMBAT (WORLD)	ROMS/MD/Mortal Kombat (World).zip	RETROARCH	genesis_plus_gx_libretro.so
PLAY	MEGA DRIVE	MORTAL KOMBAT 3 (USA)	ROMS/MD/Mortal Kombat 3 (USA).zip	RETROARCH	genesis_plus_gx_libretro.so
PLAY	MEGA DRIVE	MORTAL KOMBAT II (WORLD)	ROMS/MD/Mortal Kombat II (World).zip	RETROARCH	genesis_plus_gx_libretro.so
PLAY	MEGA DRIVE	MR. NUTZ (EUROPE)	ROMS/MD/Mr. Nutz (Europe).zip	RETROARCH	genesis_plus_gx_libretro.so
PLAY	MEGA DRIVE	MR. NUTZ 2 (USA) (PROTO)	ROMS/MD/Mr. Nutz 2 (USA) (Proto).zip	RETROARCH	genesis_plus_gx_libretro.so
PLAY	MEGA DRIVE	MS. PAC-MAN (USA, EUROPE)	ROMS/MD/Ms. Pac-Man (USA, Europe).zip	RETROARCH	genesis_plus_gx_libretro.so
PLAY	MEGA DRIVE	MUHAMMAD ALI HEAVYWEIGHT BOXING (USA)	ROMS/MD/Muhammad Ali Heavyweight Boxing (USA).zip	RETROARCH	genesis_plus_gx_libretro.so
PLAY	MEGA DRIVE	MUSHA - METALLIC UNIFRAME SUPER HYBRID ARMOR (USA)	ROMS/MD/MUSHA - Metallic Uniframe Super Hybrid Armor (USA).zip	RETROARCH	genesis_plus_gx_libretro.so
PLAY	MEGA DRIVE	MUTANT LEAGUE FOOTBALL (USA, EUROPE)	ROMS/MD/Mutant League Football (USA, Europe).zip	RETROARCH	genesis_plus_gx_libretro.so
PLAY	MEGA DRIVE	MUTANT LEAGUE HOCKEY (USA, EUROPE)	ROMS/MD/Mutant League Hockey (USA, Europe).zip	RETROARCH	genesis_plus_gx_libretro.so
PLAY	MEGA DRIVE	MYSTIC DEFENDER (USA, EUROPE)	ROMS/MD/Mystic Defender (USA, Europe).zip	RETROARCH	genesis_plus_gx_libretro.so
PLAY	MEGA DRIVE	MYSTICAL FIGHTER (USA)	ROMS/MD/Mystical Fighter (USA).zip	RETROARCH	genesis_plus_gx_libretro.so
PLAY	MEGA DRIVE	NIGHTMARE CIRCUS (BRAZIL)	ROMS/MD/Nightmare Circus (Brazil).zip	RETROARCH	genesis_plus_gx_libretro.so
PLAY	MEGA DRIVE	NO ESCAPE (USA)	ROMS/MD/No Escape (USA).zip	RETROARCH	genesis_plus_gx_libretro.so
PLAY	MEGA DRIVE	NOBUNAGA'S AMBITION (USA)	ROMS/MD/Nobunaga's Ambition (USA).zip	RETROARCH	genesis_plus_gx_libretro.so
PLAY	MEGA DRIVE	NORMY'S BEACH BABE-O-RAMA (USA, EUROPE)	ROMS/MD/Normy's Beach Babe-O-Rama (USA, Europe).zip	RETROARCH	genesis_plus_gx_libretro.so
PLAY	MEGA DRIVE	OH MUMMY (WORLD) (UNL)	ROMS/MD/Oh Mummy (World) (Unl).zip	RETROARCH	genesis_plus_gx_libretro.so
PLAY	MEGA DRIVE	OLD-TOWERS	ROMS/MD/Old-Towers.zip	RETROARCH	genesis_plus_gx_libretro.so
PLAY	MEGA DRIVE	OLYMPIC GOLD (USA)	ROMS/MD/Olympic Gold (USA).zip	RETROARCH	genesis_plus_gx_libretro.so
PLAY	MEGA DRIVE	OLYMPIC SUMMER GAMES (USA, EUROPE)	ROMS/MD/Olympic Summer Games (USA, Europe).zip	RETROARCH	genesis_plus_gx_libretro.so
PLAY	MEGA DRIVE	ONSLAUGHT (USA, EUROPE)	ROMS/MD/Onslaught (USA, Europe).zip	RETROARCH	genesis_plus_gx_libretro.so
PLAY	MEGA DRIVE	OOZE, THE (JAPAN, USA)	ROMS/MD/Ooze, The (Japan, USA).zip	RETROARCH	genesis_plus_gx_libretro.so
PLAY	MEGA DRIVE	OPERATION EUROPE - PATH TO VICTORY 1939-45 (USA)	ROMS/MD/Operation Europe - Path to Victory 1939-45 (USA).zip	RETROARCH	genesis_plus_gx_libretro.so
PLAY	MEGA DRIVE	OTTIFANTS, THE (EUROPE)	ROMS/MD/Ottifants, The (Europe).zip	RETROARCH	genesis_plus_gx_libretro.so
PLAY	MEGA DRIVE	OUT OF THIS WORLD (USA)	ROMS/MD/Out of This World (USA).zip	RETROARCH	genesis_plus_gx_libretro.so
PLAY	MEGA DRIVE	OUTLANDER (USA)	ROMS/MD/Outlander (USA).zip	RETROARCH	genesis_plus_gx_libretro.so
PLAY	MEGA DRIVE	OUTRUN (USA, EUROPE)	ROMS/MD/OutRun (USA, Europe).zip	RETROARCH	genesis_plus_gx_libretro.so
PLAY	MEGA DRIVE	OUTRUN 2019 (USA)	ROMS/MD/OutRun 2019 (USA).zip	RETROARCH	genesis_plus_gx_libretro.so
PLAY	MEGA DRIVE	OUTRUNNERS (USA)	ROMS/MD/OutRunners (USA).zip	RETROARCH	genesis_plus_gx_libretro.so
PLAY	MEGA DRIVE	P.T.O - PACIFIC THEATER OF OPERATIONS (USA)	ROMS/MD/P.T.O - Pacific Theater of Operations (USA).zip	RETROARCH	genesis_plus_gx_libretro.so
PLAY	MEGA DRIVE	PAC-ATTACK (USA)	ROMS/MD/Pac-Attack (USA).zip	RETROARCH	genesis_plus_gx_libretro.so
PLAY	MEGA DRIVE	PAC-MAN 2 - THE NEW ADVENTURES (USA)	ROMS/MD/Pac-Man 2 - The New Adventures (USA).zip	RETROARCH	genesis_plus_gx_libretro.so
PLAY	MEGA DRIVE	PAC-MANIA (USA, EUROPE)	ROMS/MD/Pac-Mania (USA, Europe).zip	RETROARCH	genesis_plus_gx_libretro.so
PLAY	MEGA DRIVE	PAGEMASTER, THE (USA)	ROMS/MD/Pagemaster, The (USA).zip	RETROARCH	genesis_plus_gx_libretro.so
PLAY	MEGA DRIVE	PANORAMA COTTON (JAPAN)	ROMS/MD/Panorama Cotton (Japan).zip	RETROARCH	genesis_plus_gx_libretro.so
PLAY	MEGA DRIVE	PAPERBOY (USA, EUROPE)	ROMS/MD/Paperboy (USA, Europe).zip	RETROARCH	genesis_plus_gx_libretro.so
PLAY	MEGA DRIVE	PAPERBOY 2 (USA, EUROPE)	ROMS/MD/Paperboy 2 (USA, Europe).zip	RETROARCH	genesis_plus_gx_libretro.so
PLAY	MEGA DRIVE	PAPI COMMANDO	ROMS/MD/Papi Commando.zip	RETROARCH	genesis_plus_gx_libretro.so
PLAY	MEGA DRIVE	PAT RILEY BASKETBALL (USA)	ROMS/MD/Pat Riley Basketball (USA).zip	RETROARCH	genesis_plus_gx_libretro.so
PLAY	MEGA DRIVE	PEBBLE BEACH GOLF LINKS (USA)	ROMS/MD/Pebble Beach Golf Links (USA).zip	RETROARCH	genesis_plus_gx_libretro.so
PLAY	MEGA DRIVE	PELE II - WORLD TOURNAMENT SOCCER (USA, EUROPE)	ROMS/MD/Pele II - World Tournament Soccer (USA, Europe).zip	RETROARCH	genesis_plus_gx_libretro.so
PLAY	MEGA DRIVE	PELE! (USA, EUROPE)	ROMS/MD/Pele! (USA, Europe).zip	RETROARCH	genesis_plus_gx_libretro.so
PLAY	MEGA DRIVE	PEPENGA PENGO (JAPAN)	ROMS/MD/Pepenga Pengo (Japan).zip	RETROARCH	genesis_plus_gx_libretro.so
PLAY	MEGA DRIVE	PETE SAMPRAS TENNIS (USA, EUROPE)	ROMS/MD/Pete Sampras Tennis (USA, Europe).zip	RETROARCH	genesis_plus_gx_libretro.so
PLAY	MEGA DRIVE	PINK GOES TO HOLLYWOOD (USA)	ROMS/MD/Pink Goes to Hollywood (USA).zip	RETROARCH	genesis_plus_gx_libretro.so
PLAY	MEGA DRIVE	PINOCCHIO (USA)	ROMS/MD/Pinocchio (USA).zip	RETROARCH	genesis_plus_gx_libretro.so
PLAY	MEGA DRIVE	PIRATES OF DARK WATER, THE (USA, EUROPE)	ROMS/MD/Pirates of Dark Water, The (USA, Europe).zip	RETROARCH	genesis_plus_gx_libretro.so
PLAY	MEGA DRIVE	PIRATES! GOLD (USA)	ROMS/MD/Pirates! Gold (USA).zip	RETROARCH	genesis_plus_gx_libretro.so
PLAY	MEGA DRIVE	PIT-FIGHTER (WORLD)	ROMS/MD/Pit-Fighter (World).zip	RETROARCH	genesis_plus_gx_libretro.so
PLAY	MEGA DRIVE	PITFALL - THE MAYAN ADVENTURE (USA)	ROMS/MD/Pitfall - The Mayan Adventure (USA).zip	RETROARCH	genesis_plus_gx_libretro.so
PLAY	MEGA DRIVE	POCAHONTAS (USA)	ROMS/MD/Pocahontas (USA).zip	RETROARCH	genesis_plus_gx_libretro.so
PLAY	MEGA DRIVE	POPULOUS (USA)	ROMS/MD/Populous (USA).zip	RETROARCH	genesis_plus_gx_libretro.so
PLAY	MEGA DRIVE	POWER DRIVE (EUROPE)	ROMS/MD/Power Drive (Europe).zip	RETROARCH	genesis_plus_gx_libretro.so
PLAY	MEGA DRIVE	POWER MONGER (USA, EUROPE)	ROMS/MD/Power Monger (USA, Europe).zip	RETROARCH	genesis_plus_gx_libretro.so
PLAY	MEGA DRIVE	PREDATOR 2 (USA, EUROPE)	ROMS/MD/Predator 2 (USA, Europe).zip	RETROARCH	genesis_plus_gx_libretro.so
PLAY	MEGA DRIVE	PREMIER MANAGER (EUROPE)	ROMS/MD/Premier Manager (Europe).zip	RETROARCH	genesis_plus_gx_libretro.so
PLAY	MEGA DRIVE	PREMIER MANAGER 97 (EUROPE)	ROMS/MD/Premier Manager 97 (Europe).zip	RETROARCH	genesis_plus_gx_libretro.so
PLAY	MEGA DRIVE	PRIMAL RAGE (USA, EUROPE)	ROMS/MD/Primal Rage (USA, Europe).zip	RETROARCH	genesis_plus_gx_libretro.so
PLAY	MEGA DRIVE	PRIME TIME NFL STARRING DEION SANDERS (USA)	ROMS/MD/Prime Time NFL Starring Deion Sanders (USA).zip	RETROARCH	genesis_plus_gx_libretro.so
PLAY	MEGA DRIVE	PRINCE OF PERSIA (EUROPE)	ROMS/MD/Prince of Persia (Europe).zip	RETROARCH	genesis_plus_gx_libretro.so
PLAY	MEGA DRIVE	PRINCE OF PERSIA 2 - THE SHADOW AND THE FLAME (EUROPE) (PROTO)	ROMS/MD/Prince of Persia 2 - The Shadow and the Flame (Europe) (Proto).zip	RETROARCH	genesis_plus_gx_libretro.so
PLAY	MEGA DRIVE	RACE DRIVIN' (USA)	ROMS/MD/Race Drivin' (USA).zip	RETROARCH	genesis_plus_gx_libretro.so
PLAY	MEGA DRIVE	RADICAL REX (USA)	ROMS/MD/Radical Rex (USA).zip	RETROARCH	genesis_plus_gx_libretro.so
PLAY	MEGA DRIVE	RAIDEN TRAD (JAPAN, USA)	ROMS/MD/Raiden Trad (Japan, USA).zip	RETROARCH	genesis_plus_gx_libretro.so
PLAY	MEGA DRIVE	RAMBO III (WORLD)	ROMS/MD/Rambo III (World).zip	RETROARCH	genesis_plus_gx_libretro.so
PLAY	MEGA DRIVE	RAMPART (USA)	ROMS/MD/Rampart (USA).zip	RETROARCH	genesis_plus_gx_libretro.so
PLAY	MEGA DRIVE	RANGER X (USA)	ROMS/MD/Ranger X (USA).zip	RETROARCH	genesis_plus_gx_libretro.so
PLAY	MEGA DRIVE	RASTAN SAGA II (USA)	ROMS/MD/Rastan Saga II (USA).zip	RETROARCH	genesis_plus_gx_libretro.so
PLAY	MEGA DRIVE	RED ZONE (USA, EUROPE)	ROMS/MD/Red Zone (USA, Europe).zip	RETROARCH	genesis_plus_gx_libretro.so
PLAY	MEGA DRIVE	REN & STIMPY SHOW PRESENTS STIMPY'S INVENTION, THE (USA)	ROMS/MD/Ren & Stimpy Show Presents Stimpy's Invention, The (USA).zip	RETROARCH	genesis_plus_gx_libretro.so
PLAY	MEGA DRIVE	RESQ (EUROPE) (PROTO)	ROMS/MD/ResQ (Europe) (Proto).zip	RETROARCH	genesis_plus_gx_libretro.so
PLAY	MEGA DRIVE	REVOLUTION X (USA, EUROPE)	ROMS/MD/Revolution X (USA, Europe).zip	RETROARCH	genesis_plus_gx_libretro.so
PLAY	MEGA DRIVE	RICHARD SCARRY'S BUSYTOWN (USA)	ROMS/MD/Richard Scarry's BusyTown (USA).zip	RETROARCH	genesis_plus_gx_libretro.so
PLAY	MEGA DRIVE	RINGS OF POWER (USA, EUROPE)	ROMS/MD/Rings of Power (USA, Europe).zip	RETROARCH	genesis_plus_gx_libretro.so
PLAY	MEGA DRIVE	RISE OF THE ROBOTS (EUROPE)	ROMS/MD/Rise of the Robots (Europe).zip	RETROARCH	genesis_plus_gx_libretro.so
PLAY	MEGA DRIVE	RISK (USA)	ROMS/MD/Risk (USA).zip	RETROARCH	genesis_plus_gx_libretro.so
PLAY	MEGA DRIVE	RISKY WOODS (USA, EUROPE)	ROMS/MD/Risky Woods (USA, Europe).zip	RETROARCH	genesis_plus_gx_libretro.so
PLAY	MEGA DRIVE	RISTAR (USA, EUROPE)	ROMS/MD/Ristar (USA, Europe).zip	RETROARCH	genesis_plus_gx_libretro.so
PLAY	MEGA DRIVE	ROLLING THUNDER 2 (USA)	ROMS/MD/Rolling Thunder 2 (USA).zip	RETROARCH	genesis_plus_gx_libretro.so
PLAY	MEGA DRIVE	ROLLING THUNDER 3 (USA)	ROMS/MD/Rolling Thunder 3 (USA).zip	RETROARCH	genesis_plus_gx_libretro.so
PLAY	MEGA DRIVE	SENSIBLE SOCCER (EUROPE)	ROMS/MD/Sensible Soccer (Europe).zip	RETROARCH	genesis_plus_gx_libretro.so
PLAY	MEGA DRIVE	SENSIBLE SOCCER - INTERNATIONAL EDITION (EUROPE)	ROMS/MD/Sensible Soccer - International Edition (Europe).zip	RETROARCH	genesis_plus_gx_libretro.so
PLAY	MEGA DRIVE	SESAME STREET COUNTING CAFE (USA)	ROMS/MD/Sesame Street Counting Cafe (USA).zip	RETROARCH	genesis_plus_gx_libretro.so
PLAY	MEGA DRIVE	SHADOW BLASTERS (USA)	ROMS/MD/Shadow Blasters (USA).zip	RETROARCH	genesis_plus_gx_libretro.so
PLAY	MEGA DRIVE	SHADOW OF THE BEAST (USA, EUROPE)	ROMS/MD/Shadow of the Beast (USA, Europe).zip	RETROARCH	genesis_plus_gx_libretro.so
PLAY	MEGA DRIVE	SHADOW OF THE BEAST II (USA, EUROPE)	ROMS/MD/Shadow of the Beast II (USA, Europe).zip	RETROARCH	genesis_plus_gx_libretro.so
PLAY	MEGA DRIVE	SHADOWRUN (USA)	ROMS/MD/Shadowrun (USA).zip	RETROARCH	genesis_plus_gx_libretro.so
PLAY	MEGA DRIVE	SHANGHAI II - DRAGON'S EYE (USA)	ROMS/MD/Shanghai II - Dragon's Eye (USA).zip	RETROARCH	genesis_plus_gx_libretro.so
PLAY	MEGA DRIVE	SHAQ-FU (USA, EUROPE)	ROMS/MD/Shaq-Fu (USA, Europe).zip	RETROARCH	genesis_plus_gx_libretro.so
PLAY	MEGA DRIVE	SHINING FORCE (USA)	ROMS/MD/Shining Force (USA).zip	RETROARCH	genesis_plus_gx_libretro.so
PLAY	MEGA DRIVE	SHINING FORCE II (USA)	ROMS/MD/Shining Force II (USA).zip	RETROARCH	genesis_plus_gx_libretro.so
PLAY	MEGA DRIVE	SHINING IN THE DARKNESS (USA, EUROPE)	ROMS/MD/Shining in the Darkness (USA, Europe).zip	RETROARCH	genesis_plus_gx_libretro.so
PLAY	MEGA DRIVE	SHOVE IT! ...THE WAREHOUSE GAME (USA)	ROMS/MD/Shove It! ...The Warehouse Game (USA).zip	RETROARCH	genesis_plus_gx_libretro.so
PLAY	MEGA DRIVE	SHUI HU - FENG YUN ZHUAN (CHINA) (UNL)	ROMS/MD/Shui Hu - Feng Yun Zhuan (China) (Unl).zip	RETROARCH	genesis_plus_gx_libretro.so
PLAY	MEGA DRIVE	SOLDIERS OF FORTUNE (USA)	ROMS/MD/Soldiers of Fortune (USA).zip	RETROARCH	genesis_plus_gx_libretro.so
PLAY	MEGA DRIVE	SORCERER'S KINGDOM (USA)	ROMS/MD/Sorcerer's Kingdom (USA).zip	RETROARCH	genesis_plus_gx_libretro.so
PLAY	MEGA DRIVE	SPACE HARRIER II (WORLD)	ROMS/MD/Space Harrier II (World).zip	RETROARCH	genesis_plus_gx_libretro.so
PLAY	MEGA DRIVE	SPACE INVADERS '91 (USA)	ROMS/MD/Space Invaders '91 (USA).zip	RETROARCH	genesis_plus_gx_libretro.so
PLAY	MEGA DRIVE	SPARKSTER (USA)	ROMS/MD/Sparkster (USA).zip	RETROARCH	genesis_plus_gx_libretro.so
PLAY	MEGA DRIVE	SPEEDBALL 2 - BRUTAL DELUXE (USA)	ROMS/MD/Speedball 2 - Brutal Deluxe (USA).zip	RETROARCH	genesis_plus_gx_libretro.so
PLAY	MEGA DRIVE	SPIDER-MAN (USA, EUROPE) (ACCLAIM)	ROMS/MD/Spider-Man (USA, Europe) (Acclaim).zip	RETROARCH	genesis_plus_gx_libretro.so
PLAY	MEGA DRIVE	SPIDER-MAN (WORLD) (SEGA)	ROMS/MD/Spider-Man (World) (Sega).zip	RETROARCH	genesis_plus_gx_libretro.so
PLAY	MEGA DRIVE	SPIDER-MAN AND VENOM - MAXIMUM CARNAGE (WORLD)	ROMS/MD/Spider-Man and Venom - Maximum Carnage (World).zip	RETROARCH	genesis_plus_gx_libretro.so
PLAY	MEGA DRIVE	SPIDER-MAN AND VENOM - SEPARATION ANXIETY (USA, EUROPE)	ROMS/MD/Spider-Man and Venom - Separation Anxiety (USA, Europe).zip	RETROARCH	genesis_plus_gx_libretro.so
PLAY	MEGA DRIVE	SPIDER-MAN AND X-MEN - ARCADE'S REVENGE (USA, EUROPE)	ROMS/MD/Spider-Man and X-Men - Arcade's Revenge (USA, Europe).zip	RETROARCH	genesis_plus_gx_libretro.so
PLAY	MEGA DRIVE	SPIRITUAL WARFARE (USA) (UNL)	ROMS/MD/Spiritual Warfare (USA) (Unl).zip	RETROARCH	genesis_plus_gx_libretro.so
PLAY	MEGA DRIVE	SPIROU (EUROPE)	ROMS/MD/Spirou (Europe).zip	RETROARCH	genesis_plus_gx_libretro.so
PLAY	MEGA DRIVE	SPLATTERHOUSE 2 (USA)	ROMS/MD/Splatterhouse 2 (USA).zip	RETROARCH	genesis_plus_gx_libretro.so
PLAY	MEGA DRIVE	SPLATTERHOUSE 3 (USA)	ROMS/MD/Splatterhouse 3 (USA).zip	RETROARCH	genesis_plus_gx_libretro.so
PLAY	MEGA DRIVE	SPORTS TALK BASEBALL (USA)	ROMS/MD/Sports Talk Baseball (USA).zip	RETROARCH	genesis_plus_gx_libretro.so
PLAY	MEGA DRIVE	SPOT GOES TO HOLLYWOOD (USA)	ROMS/MD/Spot Goes to Hollywood (USA).zip	RETROARCH	genesis_plus_gx_libretro.so
PLAY	MEGA DRIVE	STAR CONTROL (USA)	ROMS/MD/Star Control (USA).zip	RETROARCH	genesis_plus_gx_libretro.so
PLAY	MEGA DRIVE	STAR ODYSSEY (WORLD) (UNL)	ROMS/MD/Star Odyssey (World) (Unl).zip	RETROARCH	genesis_plus_gx_libretro.so
PLAY	MEGA DRIVE	STAR TREK - DEEP SPACE NINE - CROSSROADS OF TIME (USA)	ROMS/MD/Star Trek - Deep Space Nine - Crossroads of Time (USA).zip	RETROARCH	genesis_plus_gx_libretro.so
PLAY	MEGA DRIVE	STAR TREK - THE NEXT GENERATION - ECHOES FROM THE PAST (USA)	ROMS/MD/Star Trek - The Next Generation - Echoes from the Past (USA).zip	RETROARCH	genesis_plus_gx_libretro.so
PLAY	MEGA DRIVE	STARFLIGHT (USA, EUROPE)	ROMS/MD/Starflight (USA, Europe).zip	RETROARCH	genesis_plus_gx_libretro.so
PLAY	MEGA DRIVE	STARGATE (USA, EUROPE)	ROMS/MD/Stargate (USA, Europe).zip	RETROARCH	genesis_plus_gx_libretro.so
PLAY	MEGA DRIVE	STEEL EMPIRE (USA)	ROMS/MD/Steel Empire (USA).zip	RETROARCH	genesis_plus_gx_libretro.so
PLAY	MEGA DRIVE	STEEL TALONS (USA, EUROPE)	ROMS/MD/Steel Talons (USA, Europe).zip	RETROARCH	genesis_plus_gx_libretro.so
PLAY	MEGA DRIVE	STONE PROTECTORS (USA) (PROTO)	ROMS/MD/Stone Protectors (USA) (Proto).zip	RETROARCH	genesis_plus_gx_libretro.so
PLAY	MEGA DRIVE	STORMLORD (USA)	ROMS/MD/Stormlord (USA).zip	RETROARCH	genesis_plus_gx_libretro.so
PLAY	MEGA DRIVE	STREET FIGHTER II' - SPECIAL CHAMPION EDITION (USA)	ROMS/MD/Street Fighter II' - Special Champion Edition (USA).zip	RETROARCH	genesis_plus_gx_libretro.so
PLAY	MEGA DRIVE	STREET RACER (EUROPE)	ROMS/MD/Street Racer (Europe).zip	RETROARCH	genesis_plus_gx_libretro.so
PLAY	MEGA DRIVE	STRIDER (USA, EUROPE)	ROMS/MD/Strider (USA, Europe).zip	RETROARCH	genesis_plus_gx_libretro.so
PLAY	MEGA DRIVE	STRIDER RETURNS - JOURNEY FROM DARKNESS (USA)	ROMS/MD/Strider Returns - Journey from Darkness (USA).zip	RETROARCH	genesis_plus_gx_libretro.so
PLAY	MEGA DRIVE	STRIKER (EUROPE)	ROMS/MD/Striker (Europe).zip	RETROARCH	genesis_plus_gx_libretro.so
PLAY	MEGA DRIVE	SUB-TERRANIA (USA)	ROMS/MD/Sub-Terrania (USA).zip	RETROARCH	genesis_plus_gx_libretro.so
PLAY	MEGA DRIVE	SUMMER CHALLENGE (USA, EUROPE)	ROMS/MD/Summer Challenge (USA, Europe).zip	RETROARCH	genesis_plus_gx_libretro.so
PLAY	MEGA DRIVE	SUNSET RIDERS (USA)	ROMS/MD/Sunset Riders (USA).zip	RETROARCH	genesis_plus_gx_libretro.so
PLAY	MEGA DRIVE	SUPER BASEBALL 2020 (USA, EUROPE)	ROMS/MD/Super Baseball 2020 (USA, Europe).zip	RETROARCH	genesis_plus_gx_libretro.so
PLAY	MEGA DRIVE	SUPER BATTLESHIP (USA)	ROMS/MD/Super Battleship (USA).zip	RETROARCH	genesis_plus_gx_libretro.so
PLAY	MEGA DRIVE	SUPER BATTLETANK - WAR IN THE GULF (USA)	ROMS/MD/Super Battletank - War in the Gulf (USA).zip	RETROARCH	genesis_plus_gx_libretro.so
PLAY	MEGA DRIVE	SUPER FANTASY ZONE (EUROPE)	ROMS/MD/Super Fantasy Zone (Europe).zip	RETROARCH	genesis_plus_gx_libretro.so
PLAY	MEGA DRIVE	SUPER HANG-ON (WORLD)	ROMS/MD/Super Hang-On (World).zip	RETROARCH	genesis_plus_gx_libretro.so
PLAY	MEGA DRIVE	SUPER HIGH IMPACT (USA)	ROMS/MD/Super High Impact (USA).zip	RETROARCH	genesis_plus_gx_libretro.so
PLAY	MEGA DRIVE	SUPER HYDLIDE (USA)	ROMS/MD/Super Hydlide (USA).zip	RETROARCH	genesis_plus_gx_libretro.so
PLAY	MEGA DRIVE	SUPER MONACO GP (USA)	ROMS/MD/Super Monaco GP (USA).zip	RETROARCH	genesis_plus_gx_libretro.so
PLAY	MEGA DRIVE	SUPER OFF ROAD (USA, EUROPE)	ROMS/MD/Super Off Road (USA, Europe).zip	RETROARCH	genesis_plus_gx_libretro.so
PLAY	MEGA DRIVE	SUPER SKIDMARKS (EUROPE)	ROMS/MD/Super Skidmarks (Europe).zip	RETROARCH	genesis_plus_gx_libretro.so
PLAY	MEGA DRIVE	SUPER SMASH T.V. (USA, EUROPE)	ROMS/MD/Super Smash T.V. (USA, Europe).zip	RETROARCH	genesis_plus_gx_libretro.so
PLAY	MEGA DRIVE	SUPER STREET FIGHTER II - THE NEW CHALLENGERS (USA)	ROMS/MD/Super Street Fighter II - The New Challengers (USA).zip	RETROARCH	genesis_plus_gx_libretro.so
PLAY	MEGA DRIVE	SUPER THUNDER BLADE (WORLD)	ROMS/MD/Super Thunder Blade (World).zip	RETROARCH	genesis_plus_gx_libretro.so
PLAY	MEGA DRIVE	SUPER VOLLEY BALL (USA)	ROMS/MD/Super Volley Ball (USA).zip	RETROARCH	genesis_plus_gx_libretro.so
PLAY	MEGA DRIVE	SUPERMAN (USA)	ROMS/MD/Superman (USA).zip	RETROARCH	genesis_plus_gx_libretro.so
PLAY	MEGA DRIVE	SWORD OF SODAN (USA, EUROPE)	ROMS/MD/Sword of Sodan (USA, Europe).zip	RETROARCH	genesis_plus_gx_libretro.so
PLAY	MEGA DRIVE	SWORD OF VERMILION (USA, EUROPE)	ROMS/MD/Sword of Vermilion (USA, Europe).zip	RETROARCH	genesis_plus_gx_libretro.so
PLAY	MEGA DRIVE	TECHNOCOP (USA)	ROMS/MD/Technocop (USA).zip	RETROARCH	genesis_plus_gx_libretro.so
PLAY	MEGA DRIVE	TEST DRIVE II - THE DUEL (USA, EUROPE)	ROMS/MD/Test Drive II - The Duel (USA, Europe).zip	RETROARCH	genesis_plus_gx_libretro.so
PLAY	MEGA DRIVE	THEME PARK (USA, EUROPE)	ROMS/MD/Theme Park (USA, Europe).zip	RETROARCH	genesis_plus_gx_libretro.so
PLAY	MEGA DRIVE	THOMAS THE TANK ENGINE & FRIENDS (USA)	ROMS/MD/Thomas the Tank Engine & Friends (USA).zip	RETROARCH	genesis_plus_gx_libretro.so
PLAY	MEGA DRIVE	THUNDER FORCE II (USA, EUROPE)	ROMS/MD/Thunder Force II (USA, Europe).zip	RETROARCH	genesis_plus_gx_libretro.so
PLAY	MEGA DRIVE	THUNDER FORCE III (JAPAN, USA)	ROMS/MD/Thunder Force III (Japan, USA).zip	RETROARCH	genesis_plus_gx_libretro.so
PLAY	MEGA DRIVE	THUNDER FOX (USA)	ROMS/MD/Thunder Fox (USA).zip	RETROARCH	genesis_plus_gx_libretro.so
PLAY	MEGA DRIVE	THUNDERBOLT II (CHINA) (UNL)	ROMS/MD/Thunderbolt II (China) (Unl).zip	RETROARCH	genesis_plus_gx_libretro.so
PLAY	MEGA DRIVE	TICK, THE (USA)	ROMS/MD/Tick, The (USA).zip	RETROARCH	genesis_plus_gx_libretro.so
PLAY	MEGA DRIVE	TIME KILLERS (USA)	ROMS/MD/Time Killers (USA).zip	RETROARCH	genesis_plus_gx_libretro.so
PLAY	MEGA DRIVE	TIME TRAX (USA) (PROTO)	ROMS/MD/Time Trax (USA) (Proto).zip	RETROARCH	genesis_plus_gx_libretro.so
PLAY	MEGA DRIVE	TINHEAD (USA)	ROMS/MD/TinHead (USA).zip	RETROARCH	genesis_plus_gx_libretro.so
PLAY	MEGA DRIVE	TINTIN AU TIBET (EUROPE)	ROMS/MD/Tintin au Tibet (Europe).zip	RETROARCH	genesis_plus_gx_libretro.so
PLAY	MEGA DRIVE	TINY TOON ADVENTURES - ACME ALL-STARS (USA, KOREA)	ROMS/MD/Tiny Toon Adventures - Acme All-Stars (USA, Korea).zip	RETROARCH	genesis_plus_gx_libretro.so
PLAY	MEGA DRIVE	TINY TOON ADVENTURES - BUSTER'S HIDDEN TREASURE (USA)	ROMS/MD/Tiny Toon Adventures - Buster's Hidden Treasure (USA).zip	RETROARCH	genesis_plus_gx_libretro.so
PLAY	MEGA DRIVE	TNN BASS TOURNAMENT OF CHAMPIONS (USA)	ROMS/MD/TNN Bass Tournament of Champions (USA).zip	RETROARCH	genesis_plus_gx_libretro.so
PLAY	MEGA DRIVE	TNN OUTDOORS BASS TOURNAMENT '96 (USA)	ROMS/MD/TNN Outdoors Bass Tournament '96 (USA).zip	RETROARCH	genesis_plus_gx_libretro.so
PLAY	MEGA DRIVE	TODD'S ADVENTURES IN SLIME WORLD (USA)	ROMS/MD/Todd's Adventures in Slime World (USA).zip	RETROARCH	genesis_plus_gx_libretro.so
PLAY	MEGA DRIVE	TOEJAM & EARL (WORLD)	ROMS/MD/ToeJam & Earl (World).zip	RETROARCH	genesis_plus_gx_libretro.so
PLAY	MEGA DRIVE	TOEJAM & EARL IN PANIC ON FUNKOTRON (USA)	ROMS/MD/ToeJam & Earl in Panic on Funkotron (USA).zip	RETROARCH	genesis_plus_gx_libretro.so
PLAY	MEGA DRIVE	TOKI - GOING APE SPIT (WORLD)	ROMS/MD/Toki - Going Ape Spit (World).zip	RETROARCH	genesis_plus_gx_libretro.so
PLAY	MEGA DRIVE	TOM AND JERRY - FRANTIC ANTICS (USA)	ROMS/MD/Tom and Jerry - Frantic Antics (USA).zip	RETROARCH	genesis_plus_gx_libretro.so
PLAY	MEGA DRIVE	TOMMY LASORDA BASEBALL (USA)	ROMS/MD/Tommy Lasorda Baseball (USA).zip	RETROARCH	genesis_plus_gx_libretro.so
PLAY	MEGA DRIVE	TONY LA RUSSA BASEBALL (USA, AUSTRALIA)	ROMS/MD/Tony La Russa Baseball (USA, Australia).zip	RETROARCH	genesis_plus_gx_libretro.so
PLAY	MEGA DRIVE	TOP GEAR 2 (USA)	ROMS/MD/Top Gear 2 (USA).zip	RETROARCH	genesis_plus_gx_libretro.so
PLAY	MEGA DRIVE	TOTAL FOOTBALL (EUROPE)	ROMS/MD/Total Football (Europe).zip	RETROARCH	genesis_plus_gx_libretro.so
PLAY	MEGA DRIVE	TOUGHMAN CONTEST (USA, EUROPE)	ROMS/MD/Toughman Contest (USA, Europe).zip	RETROARCH	genesis_plus_gx_libretro.so
PLAY	MEGA DRIVE	TOUGIOU KING COLOSSUS (JAPAN) (TRANSLATED EN)	ROMS/MD/Tougiou King Colossus (Japan) (Translated En).zip	RETROARCH	genesis_plus_gx_libretro.so
PLAY	MEGA DRIVE	TOXIC CRUSADERS (USA)	ROMS/MD/Toxic Crusaders (USA).zip	RETROARCH	genesis_plus_gx_libretro.so
PLAY	MEGA DRIVE	TOY STORY (USA)	ROMS/MD/Toy Story (USA).zip	RETROARCH	genesis_plus_gx_libretro.so
PLAY	MEGA DRIVE	TOYS (USA)	ROMS/MD/Toys (USA).zip	RETROARCH	genesis_plus_gx_libretro.so
PLAY	MEGA DRIVE	TRAMPOLINE TERROR! (USA)	ROMS/MD/Trampoline Terror! (USA).zip	RETROARCH	genesis_plus_gx_libretro.so
PLAY	MEGA DRIVE	TRAYSIA (USA)	ROMS/MD/Traysia (USA).zip	RETROARCH	genesis_plus_gx_libretro.so
PLAY	MEGA DRIVE	VIEWPOINT (USA)	ROMS/MD/Viewpoint (USA).zip	RETROARCH	genesis_plus_gx_libretro.so
PLAY	MEGA DRIVE	VIRTUA RACING (USA)	ROMS/MD/Virtua Racing (USA).zip	RETROARCH	genesis_plus_gx_libretro.so
PLAY	MEGA DRIVE	VIRTUAL BART (WORLD)	ROMS/MD/Virtual Bart (World).zip	RETROARCH	genesis_plus_gx_libretro.so
PLAY	MEGA DRIVE	VIRTUAL PINBALL (USA, EUROPE)	ROMS/MD/Virtual Pinball (USA, Europe).zip	RETROARCH	genesis_plus_gx_libretro.so
PLAY	MEGA DRIVE	VR TROOPERS (USA, EUROPE)	ROMS/MD/VR Troopers (USA, Europe).zip	RETROARCH	genesis_plus_gx_libretro.so
PLAY	MEGA DRIVE	WACKY WORLDS CREATIVITY STUDIO (USA)	ROMS/MD/Wacky Worlds Creativity Studio (USA).zip	RETROARCH	genesis_plus_gx_libretro.so
PLAY	MEGA DRIVE	WARDNER (USA)	ROMS/MD/Wardner (USA).zip	RETROARCH	genesis_plus_gx_libretro.so
PLAY	MEGA DRIVE	WARLOCK (USA, EUROPE)	ROMS/MD/Warlock (USA, Europe).zip	RETROARCH	genesis_plus_gx_libretro.so
PLAY	MEGA DRIVE	WARPSPEED (USA)	ROMS/MD/Warpspeed (USA).zip	RETROARCH	genesis_plus_gx_libretro.so
PLAY	MEGA DRIVE	WARRIOR OF ROME (USA)	ROMS/MD/Warrior of Rome (USA).zip	RETROARCH	genesis_plus_gx_libretro.so
PLAY	MEGA DRIVE	WARRIOR OF ROME II (USA)	ROMS/MD/Warrior of Rome II (USA).zip	RETROARCH	genesis_plus_gx_libretro.so
PLAY	MEGA DRIVE	WARSONG (USA)	ROMS/MD/Warsong (USA).zip	RETROARCH	genesis_plus_gx_libretro.so
PLAY	MEGA DRIVE	WATERWORLD (EUROPE) (PROTO)	ROMS/MD/Waterworld (Europe) (Proto).zip	RETROARCH	genesis_plus_gx_libretro.so
PLAY	MEGA DRIVE	WAYNE GRETZKY AND THE NHLPA ALL-STARS (USA, EUROPE)	ROMS/MD/Wayne Gretzky and the NHLPA All-Stars (USA, Europe).zip	RETROARCH	genesis_plus_gx_libretro.so
PLAY	MEGA DRIVE	WAYNE'S WORLD (USA)	ROMS/MD/Wayne's World (USA).zip	RETROARCH	genesis_plus_gx_libretro.so
PLAY	MEGA DRIVE	WEAPONLORD (USA)	ROMS/MD/Weaponlord (USA).zip	RETROARCH	genesis_plus_gx_libretro.so
PLAY	MEGA DRIVE	WHAC-A-CRITTER (USA) (UNL)	ROMS/MD/Whac-a-Critter (USA) (Unl).zip	RETROARCH	genesis_plus_gx_libretro.so
PLAY	MEGA DRIVE	WHEEL OF FORTUNE (USA)	ROMS/MD/Wheel of Fortune (USA).zip	RETROARCH	genesis_plus_gx_libretro.so
PLAY	MEGA DRIVE	WHERE IN THE WORLD IS CARMEN SANDIEGO (USA, EUROPE)	ROMS/MD/Where in the World Is Carmen Sandiego (USA, Europe).zip	RETROARCH	genesis_plus_gx_libretro.so
PLAY	MEGA DRIVE	WHERE IN TIME IS CARMEN SANDIEGO (USA, EUROPE)	ROMS/MD/Where in Time Is Carmen Sandiego (USA, Europe).zip	RETROARCH	genesis_plus_gx_libretro.so
PLAY	MEGA DRIVE	WHIP RUSH (USA)	ROMS/MD/Whip Rush (USA).zip	RETROARCH	genesis_plus_gx_libretro.so
PLAY	MEGA DRIVE	WILD SNAKE (USA) (PROTO)	ROMS/MD/Wild Snake (USA) (Proto).zip	RETROARCH	genesis_plus_gx_libretro.so
PLAY	MEGA DRIVE	WILLIAMS ARCADE'S GREATEST HITS (USA)	ROMS/MD/Williams Arcade's Greatest Hits (USA).zip	RETROARCH	genesis_plus_gx_libretro.so
PLAY	MEGA DRIVE	WIMBLEDON CHAMPIONSHIP TENNIS (USA)	ROMS/MD/Wimbledon Championship Tennis (USA).zip	RETROARCH	genesis_plus_gx_libretro.so
PLAY	MEGA DRIVE	WINGS OF WOR (USA)	ROMS/MD/Wings of Wor (USA).zip	RETROARCH	genesis_plus_gx_libretro.so
PLAY	MEGA DRIVE	WINTER CHALLENGE (USA, EUROPE)	ROMS/MD/Winter Challenge (USA, Europe).zip	RETROARCH	genesis_plus_gx_libretro.so
PLAY	MEGA DRIVE	WINTER OLYMPIC GAMES (USA)	ROMS/MD/Winter Olympic Games (USA).zip	RETROARCH	genesis_plus_gx_libretro.so
PLAY	MEGA DRIVE	WIZ'N'LIZ (USA)	ROMS/MD/Wiz'n'Liz (USA).zip	RETROARCH	genesis_plus_gx_libretro.so
PLAY	MEGA DRIVE	WOLFCHILD (USA)	ROMS/MD/Wolfchild (USA).zip	RETROARCH	genesis_plus_gx_libretro.so
PLAY	MEGA DRIVE	WOLVERINE - ADAMANTIUM RAGE (USA, EUROPE)	ROMS/MD/Wolverine - Adamantium Rage (USA, Europe).zip	RETROARCH	genesis_plus_gx_libretro.so
PLAY	MEGA DRIVE	WONDER BOY III - MONSTER LAIR (JAPAN, EUROPE)	ROMS/MD/Wonder Boy III - Monster Lair (Japan, Europe).zip	RETROARCH	genesis_plus_gx_libretro.so
PLAY	MEGA DRIVE	WONDER BOY IN MONSTER WORLD (USA, EUROPE)	ROMS/MD/Wonder Boy in Monster World (USA, Europe).zip	RETROARCH	genesis_plus_gx_libretro.so
PLAY	MEGA DRIVE	WORLD CHAMPIONSHIP SOCCER (JAPAN, USA)	ROMS/MD/World Championship Soccer (Japan, USA).zip	RETROARCH	genesis_plus_gx_libretro.so
PLAY	MEGA DRIVE	WORLD CHAMPIONSHIP SOCCER II (USA)	ROMS/MD/World Championship Soccer II (USA).zip	RETROARCH	genesis_plus_gx_libretro.so
PLAY	MEGA DRIVE	WORLD CLASS LEADERBOARD GOLF (USA)	ROMS/MD/World Class Leaderboard Golf (USA).zip	RETROARCH	genesis_plus_gx_libretro.so
PLAY	MEGA DRIVE	WORLD CUP USA 94 (USA, EUROPE)	ROMS/MD/World Cup USA 94 (USA, Europe).zip	RETROARCH	genesis_plus_gx_libretro.so
PLAY	MEGA DRIVE	WORLD OF ILLUSION STARRING MICKEY MOUSE AND DONALD DUCK (USA, KOREA)	ROMS/MD/World of Illusion Starring Mickey Mouse and Donald Duck (USA, Korea).zip	RETROARCH	genesis_plus_gx_libretro.so
PLAY	MEGA DRIVE	WORLD SERIES BASEBALL '95 (USA)	ROMS/MD/World Series Baseball '95 (USA).zip	RETROARCH	genesis_plus_gx_libretro.so
PLAY	MEGA DRIVE	WORLD SERIES BASEBALL '96 (USA)	ROMS/MD/World Series Baseball '96 (USA).zip	RETROARCH	genesis_plus_gx_libretro.so
PLAY	MEGA DRIVE	WORLD SERIES BASEBALL (USA)	ROMS/MD/World Series Baseball (USA).zip	RETROARCH	genesis_plus_gx_libretro.so
PLAY	MEGA DRIVE	WORLD SERIES BASEBALL 98 (USA)	ROMS/MD/World Series Baseball 98 (USA).zip	RETROARCH	genesis_plus_gx_libretro.so
PLAY	MEGA DRIVE	WORLD TROPHY SOCCER (USA)	ROMS/MD/World Trophy Soccer (USA).zip	RETROARCH	genesis_plus_gx_libretro.so
PLAY	MEGA DRIVE	WORMS (EUROPE)	ROMS/MD/Worms (Europe).zip	RETROARCH	genesis_plus_gx_libretro.so
PLAY	MEGA DRIVE	WRESTLE WAR (JAPAN, EUROPE)	ROMS/MD/Wrestle War (Japan, Europe).zip	RETROARCH	genesis_plus_gx_libretro.so
PLAY	MEGA DRIVE	WWF RAW (WORLD)	ROMS/MD/WWF Raw (World).zip	RETROARCH	genesis_plus_gx_libretro.so
PLAY	MEGA DRIVE	WWF ROYAL RUMBLE (WORLD)	ROMS/MD/WWF Royal Rumble (World).zip	RETROARCH	genesis_plus_gx_libretro.so
PLAY	MEGA DRIVE	WWF SUPER WRESTLEMANIA (USA, EUROPE)	ROMS/MD/WWF Super WrestleMania (USA, Europe).zip	RETROARCH	genesis_plus_gx_libretro.so
PLAY	MEGA DRIVE	WWF WRESTLEMANIA - THE ARCADE GAME (USA, EUROPE)	ROMS/MD/WWF WrestleMania - The Arcade Game (USA, Europe).zip	RETROARCH	genesis_plus_gx_libretro.so
PLAY	MEGA DRIVE	X-MEN (USA)	ROMS/MD/X-Men (USA).zip	RETROARCH	genesis_plus_gx_libretro.so
PLAY	MEGA DRIVE	X-MEN 2 - CLONE WARS (USA, EUROPE)	ROMS/MD/X-Men 2 - Clone Wars (USA, Europe).zip	RETROARCH	genesis_plus_gx_libretro.so
PLAY	MEGA DRIVE	X-PERTS (USA)	ROMS/MD/X-Perts (USA).zip	RETROARCH	genesis_plus_gx_libretro.so
PLAY	MEGA DRIVE	XENO CRISIS (WORLD) (EN,JA,FR,DE,ES,IT,NL,PT) (UNL)	ROMS/MD/Xeno Crisis (World) (En,Ja,Fr,De,Es,It,Nl,Pt) (Unl).zip	RETROARCH	genesis_plus_gx_libretro.so
PLAY	MEGA DRIVE	XENON 2 - MEGABLAST (EUROPE)	ROMS/MD/Xenon 2 - Megablast (Europe).zip	RETROARCH	genesis_plus_gx_libretro.so
PLAY	MEGA DRIVE	XIAO MONV - MAGIC GIRL (CHINA) (UNL)	ROMS/MD/Xiao Monv - Magic Girl (China) (Unl).zip	RETROARCH	genesis_plus_gx_libretro.so
PLAY	MEGA DRIVE	YANG JIA JIANG - YANG WARRIOR FAMILY (CHINA) (UNL)	ROMS/MD/Yang Jia Jiang - Yang Warrior Family (China) (Unl).zip	RETROARCH	genesis_plus_gx_libretro.so
PLAY	MEGA DRIVE	YOGI BEAR - CARTOON CAPERS (EUROPE)	ROMS/MD/Yogi Bear - Cartoon Capers (Europe).zip	RETROARCH	genesis_plus_gx_libretro.so
PLAY	MEGA DRIVE	YS III (USA)	ROMS/MD/Ys III (USA).zip	RETROARCH	genesis_plus_gx_libretro.so
PLAY	MEGA DRIVE	ZANY GOLF (USA, EUROPE)	ROMS/MD/Zany Golf (USA, Europe).zip	RETROARCH	genesis_plus_gx_libretro.so
PLAY	MEGA DRIVE	ZERO THE KAMIKAZE SQUIRREL (USA)	ROMS/MD/Zero the Kamikaze Squirrel (USA).zip	RETROARCH	genesis_plus_gx_libretro.so
PLAY	MEGA DRIVE	ZERO TOLERANCE (USA, EUROPE)	ROMS/MD/Zero Tolerance (USA, Europe).zip	RETROARCH	genesis_plus_gx_libretro.so
PLAY	MEGA DRIVE	ZHUO GUI DA SHI - GHOST HUNTER (CHINA) (UNL)	ROMS/MD/Zhuo Gui Da Shi - Ghost Hunter (China) (Unl).zip	RETROARCH	genesis_plus_gx_libretro.so
PLAY	MEGA DRIVE	ZOMBIES ATE MY NEIGHBORS (USA)	ROMS/MD/Zombies Ate My Neighbors (USA).zip	RETROARCH	genesis_plus_gx_libretro.so
PLAY	MEGA DRIVE	ZOOL - NINJA OF THE 'NTH' DIMENSION (USA)	ROMS/MD/Zool - Ninja of the 'Nth' Dimension (USA).zip	RETROARCH	genesis_plus_gx_libretro.so
PLAY	MEGA DRIVE	ZOOM! (WORLD)	ROMS/MD/Zoom! (World).zip	RETROARCH	genesis_plus_gx_libretro.so
PLAY	MEGA DRIVE	ZOOP (USA)	ROMS/MD/Zoop (USA).zip	RETROARCH	genesis_plus_gx_libretro.so
PLAY	MSX	10-YARD FIGHT (JAPAN)	ROMS/MSX/10-Yard Fight (Japan).zip	RETROARCH	bluemsx_libretro.so
PLAY	MSX	1942 (JAPAN)	ROMS/MSX/1942 (Japan).zip	RETROARCH	bluemsx_libretro.so
PLAY	MSX	3D TENNIS (JAPAN)	ROMS/MSX/3D Tennis (Japan).zip	RETROARCH	bluemsx_libretro.so
PLAY	MSX	A RESSHA DE IKOU MSX (JAPAN)	ROMS/MSX/A Ressha de Ikou MSX (Japan).zip	RETROARCH	bluemsx_libretro.so
PLAY	MSX	ANGELO (JAPAN)	ROMS/MSX/Angelo (Japan).zip	RETROARCH	bluemsx_libretro.so
PLAY	MSX	ANIMAL LAND (JAPAN)	ROMS/MSX/Animal Land (Japan).zip	RETROARCH	bluemsx_libretro.so
PLAY	MSX	ANTARCTIC ADVENTURE (EUROPE)	ROMS/MSX/Antarctic Adventure (Europe).zip	RETROARCH	bluemsx_libretro.so
PLAY	MSX	ASHGUINE STORY II - KOKUU NO GAJOU (JAPAN)	ROMS/MSX/AshGuine Story II - Kokuu no Gajou (Japan).zip	RETROARCH	bluemsx_libretro.so
PLAY	MSX	ASHGUINE STORY III - FUKUSHUU NO HONOO (JAPAN)	ROMS/MSX/AshGuine Story III - Fukushuu no Honoo (Japan).zip	RETROARCH	bluemsx_libretro.so
PLAY	MSX	ATHLETIC LAND (JAPAN)	ROMS/MSX/Athletic Land (Japan).zip	RETROARCH	bluemsx_libretro.so
PLAY	MSX	B.C.'S QUEST (JAPAN)	ROMS/MSX/B.C.'s Quest (Japan).zip	RETROARCH	bluemsx_libretro.so
PLAY	MSX	BACK GAMMON (JAPAN)	ROMS/MSX/Back Gammon (Japan).zip	RETROARCH	bluemsx_libretro.so
PLAY	MSX	BACK TO THE FUTURE (JAPAN)	ROMS/MSX/Back to the Future (Japan).zip	RETROARCH	bluemsx_libretro.so
PLAY	MSX	BACKGAMMON (EUROPE)	ROMS/MSX/Backgammon (Europe).zip	RETROARCH	bluemsx_libretro.so
PLAY	MSX	BALANCE (JAPAN)	ROMS/MSX/Balance (Japan).zip	RETROARCH	bluemsx_libretro.so
PLAY	MSX	BANANA (JAPAN)	ROMS/MSX/Banana (Japan).zip	RETROARCH	bluemsx_libretro.so
PLAY	MSX	BANK PANIC (JAPAN)	ROMS/MSX/Bank Panic (Japan).zip	RETROARCH	bluemsx_libretro.so
PLAY	MSX	BASIC LESSONS 1 (JAPAN)	ROMS/MSX/Basic Lessons 1 (Japan).zip	RETROARCH	bluemsx_libretro.so
PLAY	MSX	BASIC LESSONS 2 (JAPAN)	ROMS/MSX/Basic Lessons 2 (Japan).zip	RETROARCH	bluemsx_libretro.so
PLAY	MSX	BATMAN (JAPAN)	ROMS/MSX/Batman (Japan).zip	RETROARCH	bluemsx_libretro.so
PLAY	MSX	BATTEN TANUKI NO DAIBOUKEN (JAPAN) (ALT 1)	ROMS/MSX/Batten Tanuki no Daibouken (Japan) (Alt 1).zip	RETROARCH	bluemsx_libretro.so
PLAY	MSX	BOGGY '84 (JAPAN)	ROMS/MSX/Boggy '84 (Japan).zip	RETROARCH	bluemsx_libretro.so
PLAY	MSX	BOING BOING (SPAIN)	ROMS/MSX/Boing Boing (Spain).zip	RETROARCH	bluemsx_libretro.so
PLAY	MSX	BOKOSUKA WARS (JAPAN)	ROMS/MSX/Bokosuka Wars (Japan).zip	RETROARCH	bluemsx_libretro.so
PLAY	MSX	BOMBER KING (JAPAN)	ROMS/MSX/Bomber King (Japan).zip	RETROARCH	bluemsx_libretro.so
PLAY	MSX	BOMBER MAN (JAPAN)	ROMS/MSX/Bomber Man (Japan).zip	RETROARCH	bluemsx_libretro.so
PLAY	MSX	BOMBER MAN SPECIAL (JAPAN)	ROMS/MSX/Bomber Man Special (Japan).zip	RETROARCH	bluemsx_libretro.so
PLAY	MSX	BOOGIE WOOGI JUNGLE (JAPAN)	ROMS/MSX/Boogie Woogi Jungle (Japan).zip	RETROARCH	bluemsx_libretro.so
PLAY	MSX	BOOMERANG (JAPAN)	ROMS/MSX/Boomerang (Japan).zip	RETROARCH	bluemsx_libretro.so
PLAY	MSX	BORFESU (JAPAN)	ROMS/MSX/Borfesu (Japan).zip	RETROARCH	bluemsx_libretro.so
PLAY	MSX	BOSCONIAN (JAPAN)	ROMS/MSX/Bosconian (Japan).zip	RETROARCH	bluemsx_libretro.so
PLAY	MSX	BOUKEN ROMAN - DOTA (JAPAN)	ROMS/MSX/Bouken Roman - Dota (Japan).zip	RETROARCH	bluemsx_libretro.so
PLAY	MSX	BUBBLE BOBBLE (JAPAN)	ROMS/MSX/Bubble Bobble (Japan).zip	RETROARCH	bluemsx_libretro.so
PLAY	MSX	BUBBLE BOBBLE (KOREA) (UNL)	ROMS/MSX/Bubble Bobble (Korea) (Unl).zip	RETROARCH	bluemsx_libretro.so
PLAY	MSX	BURGERTIME (JAPAN)	ROMS/MSX/Burgertime (Japan).zip	RETROARCH	bluemsx_libretro.so
PLAY	MSX	BURU TO MARTY KIKIIPPATSU - INSPECTEUR Z (JAPAN)	ROMS/MSX/Buru To Marty Kikiippatsu - Inspecteur Z (Japan).zip	RETROARCH	bluemsx_libretro.so
PLAY	MSX	BUTAM PANTS (JAPAN)	ROMS/MSX/Butam Pants (Japan).zip	RETROARCH	bluemsx_libretro.so
PLAY	MSX	CASIO WORLDOPEN (JAPAN)	ROMS/MSX/Casio Worldopen (Japan).zip	RETROARCH	bluemsx_libretro.so
PLAY	MSX	CASTLE EXCELLENT (JAPAN)	ROMS/MSX/Castle Excellent (Japan).zip	RETROARCH	bluemsx_libretro.so
PLAY	MSX	CASTLE, THE (JAPAN)	ROMS/MSX/Castle, The (Japan).zip	RETROARCH	bluemsx_libretro.so
PLAY	MSX	CHACK'N POP (JAPAN)	ROMS/MSX/Chack'n Pop (Japan).zip	RETROARCH	bluemsx_libretro.so
PLAY	MSX	CHALLENGE DERBY (JAPAN)	ROMS/MSX/Challenge Derby (Japan).zip	RETROARCH	bluemsx_libretro.so
PLAY	MSX	CHESS (JAPAN)	ROMS/MSX/Chess (Japan).zip	RETROARCH	bluemsx_libretro.so
PLAY	MSX	CHESS GAME, THE (EUROPE)	ROMS/MSX/Chess Game, The (Europe).zip	RETROARCH	bluemsx_libretro.so
PLAY	MSX	CHOPLIFTER (JAPAN)	ROMS/MSX/Choplifter (Japan).zip	RETROARCH	bluemsx_libretro.so
PLAY	MSX	CHORO Q (JAPAN)	ROMS/MSX/Choro Q (Japan).zip	RETROARCH	bluemsx_libretro.so
PLAY	MSX	CHUGAKU HISSHU EIBUNPO 1 (JAPAN)	ROMS/MSX/Chugaku Hisshu Eibunpo 1 (Japan).zip	RETROARCH	bluemsx_libretro.so
PLAY	MSX	CIRCUS CHARLIE (JAPAN)	ROMS/MSX/Circus Charlie (Japan).zip	RETROARCH	bluemsx_libretro.so
PLAY	MSX	COMIC BAKERY (JAPAN)	ROMS/MSX/Comic Bakery (Japan).zip	RETROARCH	bluemsx_libretro.so
PLAY	MSX	COMPUTER BILLIARDS (JAPAN)	ROMS/MSX/Computer Billiards (Japan).zip	RETROARCH	bluemsx_libretro.so
PLAY	MSX	COMPUTER NYUUMON - COMPUTER LESSONS (JAPAN)	ROMS/MSX/Computer Nyuumon - Computer Lessons (Japan).zip	RETROARCH	bluemsx_libretro.so
PLAY	MSX	COMPUTER OTHELLO (JAPAN)	ROMS/MSX/Computer Othello (Japan).zip	RETROARCH	bluemsx_libretro.so
PLAY	MSX	COMPUTER PACHINKO (JAPAN)	ROMS/MSX/Computer Pachinko (Japan).zip	RETROARCH	bluemsx_libretro.so
PLAY	MSX	CON-DORI (JAPAN)	ROMS/MSX/Con-Dori (Japan).zip	RETROARCH	bluemsx_libretro.so
PLAY	MSX	CONFUSED (EUROPE)	ROMS/MSX/Confused (Europe).zip	RETROARCH	bluemsx_libretro.so
PLAY	MSX	CONTRA (JAPAN)	ROMS/MSX/Contra (Japan).zip	RETROARCH	bluemsx_libretro.so
PLAY	MSX	COSMO (JAPAN)	ROMS/MSX/Cosmo (Japan).zip	RETROARCH	bluemsx_libretro.so
PLAY	MSX	COSMO-EXPLORER (JAPAN)	ROMS/MSX/Cosmo-Explorer (Japan).zip	RETROARCH	bluemsx_libretro.so
PLAY	MSX	COURAGEOUS PERSEUS (JAPAN)	ROMS/MSX/Courageous Perseus (Japan).zip	RETROARCH	bluemsx_libretro.so
PLAY	MSX	CRAZE (JAPAN)	ROMS/MSX/Craze (Japan).zip	RETROARCH	bluemsx_libretro.so
PLAY	MSX	CRAZY BULLET (JAPAN)	ROMS/MSX/Crazy Bullet (Japan).zip	RETROARCH	bluemsx_libretro.so
PLAY	MSX	CRAZY CARS (EUROPE)	ROMS/MSX/Crazy Cars (Europe).zip	RETROARCH	bluemsx_libretro.so
PLAY	MSX	CRAZY TRAIN (JAPAN)	ROMS/MSX/Crazy Train (Japan).zip	RETROARCH	bluemsx_libretro.so
PLAY	MSX	CRIMSON (JAPAN)	ROMS/MSX/Crimson (Japan).zip	RETROARCH	bluemsx_libretro.so
PLAY	MSX	CROSS BLAIM (JAPAN)	ROMS/MSX/Cross Blaim (Japan).zip	RETROARCH	bluemsx_libretro.so
PLAY	MSX	DEEP DUNGEON (JAPAN)	ROMS/MSX/Deep Dungeon (Japan).zip	RETROARCH	bluemsx_libretro.so
PLAY	MSX	DEEP DUNGEON II (JAPAN)	ROMS/MSX/Deep Dungeon II (Japan).zip	RETROARCH	bluemsx_libretro.so
PLAY	MSX	DEEP FOREST (JAPAN)	ROMS/MSX/Deep Forest (Japan).zip	RETROARCH	bluemsx_libretro.so
PLAY	MSX	DEMON CRYSTAL, THE (JAPAN)	ROMS/MSX/Demon Crystal, The (Japan).zip	RETROARCH	bluemsx_libretro.so
PLAY	MSX	DEMONIA I (EUROPE)	ROMS/MSX/Demonia I (Europe).zip	RETROARCH	bluemsx_libretro.so
PLAY	MSX	DEVIL'S HEAVEN (JAPAN)	ROMS/MSX/Devil's Heaven (Japan).zip	RETROARCH	bluemsx_libretro.so
PLAY	MSX	DIG DUG (JAPAN)	ROMS/MSX/Dig Dug (Japan).zip	RETROARCH	bluemsx_libretro.so
PLAY	MSX	DIGITAL DEVIL MONOGATARI MEGAMI TENSEI (JAPAN)	ROMS/MSX/Digital Devil Monogatari Megami Tensei (Japan).zip	RETROARCH	bluemsx_libretro.so
PLAY	MSX	DIP DIP (SPAIN)	ROMS/MSX/Dip Dip (Spain).zip	RETROARCH	bluemsx_libretro.so
PLAY	MSX	DIRES - GIGER LOOP (JAPAN)	ROMS/MSX/Dires - Giger Loop (Japan).zip	RETROARCH	bluemsx_libretro.so
PLAY	MSX	DOKI DOKI PENGUIN LAND (JAPAN)	ROMS/MSX/Doki Doki Penguin Land (Japan).zip	RETROARCH	bluemsx_libretro.so
PLAY	MSX	DOORDOOR (JAPAN)	ROMS/MSX/Doordoor (Japan).zip	RETROARCH	bluemsx_libretro.so
PLAY	MSX	DORODON (JAPAN)	ROMS/MSX/Dorodon (Japan).zip	RETROARCH	bluemsx_libretro.so
PLAY	MSX	DOUBLE VISION (JAPAN)	ROMS/MSX/Double Vision (Japan).zip	RETROARCH	bluemsx_libretro.so
PLAY	MSX	DR. COPY (JAPAN)	ROMS/MSX/Dr. Copy (Japan).zip	RETROARCH	bluemsx_libretro.so
PLAY	MSX	DRAGON ATTACK (JAPAN)	ROMS/MSX/Dragon Attack (Japan).zip	RETROARCH	bluemsx_libretro.so
PLAY	MSX	DRAGON BUSTER (JAPAN)	ROMS/MSX/Dragon Buster (Japan).zip	RETROARCH	bluemsx_libretro.so
PLAY	MSX	DRAGON QUEST (JAPAN)	ROMS/MSX/Dragon Quest (Japan).zip	RETROARCH	bluemsx_libretro.so
PLAY	MSX	DRAGON QUEST II (JAPAN)	ROMS/MSX/Dragon Quest II (Japan).zip	RETROARCH	bluemsx_libretro.so
PLAY	MSX	DUNGEON MASTER (JAPAN)	ROMS/MSX/Dungeon Master (Japan).zip	RETROARCH	bluemsx_libretro.so
PLAY	MSX	DUNK SHOT (JAPAN)	ROMS/MSX/Dunk Shot (Japan).zip	RETROARCH	bluemsx_libretro.so
PLAY	MSX	DYNAMITE BOWL (JAPAN)	ROMS/MSX/Dynamite Bowl (Japan).zip	RETROARCH	bluemsx_libretro.so
PLAY	MSX	EAGLE FIGHTER (JAPAN)	ROMS/MSX/Eagle Fighter (Japan).zip	RETROARCH	bluemsx_libretro.so
PLAY	MSX	F-1 SPIRIT - THE WAY TO FORMULA-1 (JAPAN)	ROMS/MSX/F-1 Spirit - The Way to Formula-1 (Japan).zip	RETROARCH	bluemsx_libretro.so
PLAY	MSX	F-15 STRIKE EAGLE (JAPAN)	ROMS/MSX/F-15 Strike Eagle (Japan).zip	RETROARCH	bluemsx_libretro.so
PLAY	MSX	F16 FIGHTING FALCON (JAPAN)	ROMS/MSX/F16 Fighting Falcon (Japan).zip	RETROARCH	bluemsx_libretro.so
PLAY	MSX	FAIRY (JAPAN)	ROMS/MSX/Fairy (Japan).zip	RETROARCH	bluemsx_libretro.so
PLAY	MSX	FAIRY LAND STORY, THE (JAPAN)	ROMS/MSX/Fairy Land Story, The (Japan).zip	RETROARCH	bluemsx_libretro.so
PLAY	MSX	FAMICLE PARODIC (JAPAN)	ROMS/MSX/Famicle Parodic (Japan).zip	RETROARCH	bluemsx_libretro.so
PLAY	MSX	FAMILY BILLIARDS (JAPAN)	ROMS/MSX/Family Billiards (Japan).zip	RETROARCH	bluemsx_libretro.so
PLAY	MSX	FAMILY BOXING - MSX TITLE MATCH (JAPAN)	ROMS/MSX/Family Boxing - MSX Title Match (Japan).zip	RETROARCH	bluemsx_libretro.so
PLAY	MSX	FANDOM LIBRARY #1 (JAPAN)	ROMS/MSX/Fandom Library #1 (Japan).zip	RETROARCH	bluemsx_libretro.so
PLAY	MSX	FANDOM LIBRARY #2 (JAPAN)	ROMS/MSX/Fandom Library #2 (Japan).zip	RETROARCH	bluemsx_libretro.so
PLAY	MSX	FANDOM LIBRARY #3 (JAPAN)	ROMS/MSX/Fandom Library #3 (Japan).zip	RETROARCH	bluemsx_libretro.so
PLAY	MSX	FANTASY ZONE (JAPAN)	ROMS/MSX/Fantasy Zone (Japan).zip	RETROARCH	bluemsx_libretro.so
PLAY	MSX	FANTASY ZONE II - THE TEARS OF OPA-OPA (JAPAN)	ROMS/MSX/Fantasy Zone II - The Tears of Opa-Opa (Japan).zip	RETROARCH	bluemsx_libretro.so
PLAY	MSX	FATHOM (JAPAN)	ROMS/MSX/Fathom (Japan).zip	RETROARCH	bluemsx_libretro.so
PLAY	MSX	FINAL JUSTICE (JAPAN)	ROMS/MSX/Final Justice (Japan).zip	RETROARCH	bluemsx_libretro.so
PLAY	MSX	FINAL MYSTERY MURDER CLUB - SATSUJIN CLUB (JAPAN)	ROMS/MSX/Final Mystery Murder Club - Satsujin Club (Japan).zip	RETROARCH	bluemsx_libretro.so
PLAY	MSX	FINAL ZONE WOLF (JAPAN)	ROMS/MSX/Final Zone Wolf (Japan).zip	RETROARCH	bluemsx_libretro.so
PLAY	MSX	GROG'S REVENGE (JAPAN)	ROMS/MSX/Grog's Revenge (Japan).zip	RETROARCH	bluemsx_libretro.so
PLAY	MSX	GUARDIC (JAPAN)	ROMS/MSX/Guardic (Japan).zip	RETROARCH	bluemsx_libretro.so
PLAY	MSX	GULKAVE (JAPAN)	ROMS/MSX/Gulkave (Japan).zip	RETROARCH	bluemsx_libretro.so
PLAY	MSX	GUN FRIGHT (JAPAN)	ROMS/MSX/Gun Fright (Japan).zip	RETROARCH	bluemsx_libretro.so
PLAY	MSX	GUNJIN SHOUGI MARS (JAPAN)	ROMS/MSX/Gunjin Shougi Mars (Japan).zip	RETROARCH	bluemsx_libretro.so
PLAY	MSX	GYRODINE (JAPAN)	ROMS/MSX/Gyrodine (Japan).zip	RETROARCH	bluemsx_libretro.so
PLAY	MSX	H.E.R.O. (JAPAN)	ROMS/MSX/H.E.R.O. (Japan).zip	RETROARCH	bluemsx_libretro.so
PLAY	MSX	HACKER (JAPAN)	ROMS/MSX/Hacker (Japan).zip	RETROARCH	bluemsx_libretro.so
PLAY	MSX	HADES NO MONSHO (JAPAN)	ROMS/MSX/Hades no Monsho (Japan).zip	RETROARCH	bluemsx_libretro.so
PLAY	MSX	HAFANUDA KOI KOI - GOSTOP GODORI (JAPAN)	ROMS/MSX/Hafanuda Koi Koi - Gostop Godori (Japan).zip	RETROARCH	bluemsx_libretro.so
PLAY	MSX	HAI NO MAJUTSUSHI (JAPAN)	ROMS/MSX/Hai no Majutsushi (Japan).zip	RETROARCH	bluemsx_libretro.so
PLAY	MSX	HAJA NO FUIN (JAPAN)	ROMS/MSX/Haja No Fuin (Japan).zip	RETROARCH	bluemsx_libretro.so
PLAY	MSX	HAN SEIMEI SENKI ANDOROGYNUS (JAPAN)	ROMS/MSX/Han Seimei Senki Andorogynus (Japan).zip	RETROARCH	bluemsx_libretro.so
PLAY	MSX	HANAFUTA (JAPAN)	ROMS/MSX/Hanafuta (Japan).zip	RETROARCH	bluemsx_libretro.so
PLAY	MSX	HANG-ON (JAPAN)	ROMS/MSX/Hang-On (Japan).zip	RETROARCH	bluemsx_libretro.so
PLAY	MSX	HARAPEKO PAKKUN (JAPAN)	ROMS/MSX/Harapeko Pakkun (Japan).zip	RETROARCH	bluemsx_libretro.so
PLAY	MSX	HARD BALL (JAPAN)	ROMS/MSX/Hard Ball (Japan).zip	RETROARCH	bluemsx_libretro.so
PLAY	MSX	HARRYFOX MSX SPECIAL (JAPAN)	ROMS/MSX/Harryfox MSX Special (Japan).zip	RETROARCH	bluemsx_libretro.so
PLAY	MSX	HARRYFOX YKI NO MAOH (JAPAN)	ROMS/MSX/Harryfox Yki No Maoh (Japan).zip	RETROARCH	bluemsx_libretro.so
PLAY	MSX	HAUNTED BOYNIGHT (JAPAN)	ROMS/MSX/Haunted Boynight (Japan).zip	RETROARCH	bluemsx_libretro.so
PLAY	MSX	HEAVY BOXING (JAPAN)	ROMS/MSX/Heavy Boxing (Japan).zip	RETROARCH	bluemsx_libretro.so
PLAY	MSX	HEIST, THE (JAPAN)	ROMS/MSX/Heist, The (Japan).zip	RETROARCH	bluemsx_libretro.so
PLAY	MSX	HELITANK (JAPAN)	ROMS/MSX/Helitank (Japan).zip	RETROARCH	bluemsx_libretro.so
PLAY	MSX	HEROES OF THE LANCE (JAPAN)	ROMS/MSX/Heroes of the Lance (Japan).zip	RETROARCH	bluemsx_libretro.so
PLAY	MSX	HIGEMARU MAKAI SHIMA - NANATSU NO SHIMA DAIBOUKEN (JAPAN)	ROMS/MSX/Higemaru Makai Shima - Nanatsu no Shima Daibouken (Japan).zip	RETROARCH	bluemsx_libretro.so
PLAY	MSX	HIGH SCHOOL! KIMENGUMI (JAPAN)	ROMS/MSX/High School! Kimengumi (Japan).zip	RETROARCH	bluemsx_libretro.so
PLAY	MSX	HIGH WAY STAR (JAPAN)	ROMS/MSX/High Way Star (Japan).zip	RETROARCH	bluemsx_libretro.so
PLAY	MSX	HINOTORI - HOUOU HEN (JAPAN)	ROMS/MSX/Hinotori - Houou Hen (Japan).zip	RETROARCH	bluemsx_libretro.so
PLAY	MSX	HISYA (JAPAN)	ROMS/MSX/Hisya (Japan).zip	RETROARCH	bluemsx_libretro.so
PLAY	MSX	HITSUJI YAI - PREETY SHEEP (JAPAN)	ROMS/MSX/Hitsuji Yai - Preety Sheep (Japan).zip	RETROARCH	bluemsx_libretro.so
PLAY	MSX	HOLE IN ONE (JAPAN)	ROMS/MSX/Hole in One (Japan).zip	RETROARCH	bluemsx_libretro.so
PLAY	MSX	HOLE IN ONE PROFESSIONAL (JAPAN) (ALT 1)	ROMS/MSX/Hole in One Professional (Japan) (Alt 1).zip	RETROARCH	bluemsx_libretro.so
PLAY	MSX	HOLE IN ONE SPECIAL (JAPAN)	ROMS/MSX/Hole in One Special (Japan).zip	RETROARCH	bluemsx_libretro.so
PLAY	MSX	HONKBALL (JAPAN)	ROMS/MSX/Honkball (Japan).zip	RETROARCH	bluemsx_libretro.so
PLAY	MSX	HOPPER (EUROPE)	ROMS/MSX/Hopper (Europe).zip	RETROARCH	bluemsx_libretro.so
PLAY	MSX	HUSTLE! CHUMY (JAPAN)	ROMS/MSX/Hustle! Chumy (Japan).zip	RETROARCH	bluemsx_libretro.so
PLAY	MSX	HYDLIDE (JAPAN)	ROMS/MSX/Hydlide (Japan).zip	RETROARCH	bluemsx_libretro.so
PLAY	MSX	HYDLIDE 3 - THE SPACE MEMORIES (JAPAN)	ROMS/MSX/Hydlide 3 - The Space Memories (Japan).zip	RETROARCH	bluemsx_libretro.so
PLAY	MSX	HYDLIDE II - SHINE OF DARKNESS (JAPAN)	ROMS/MSX/Hydlide II - Shine of Darkness (Japan).zip	RETROARCH	bluemsx_libretro.so
PLAY	MSX	HYPER RALLY (JAPAN)	ROMS/MSX/Hyper Rally (Japan).zip	RETROARCH	bluemsx_libretro.so
PLAY	MSX	HYPER SPORTS 1 (JAPAN)	ROMS/MSX/Hyper Sports 1 (Japan).zip	RETROARCH	bluemsx_libretro.so
PLAY	MSX	HYPER SPORTS 2 (JAPAN)	ROMS/MSX/Hyper Sports 2 (Japan).zip	RETROARCH	bluemsx_libretro.so
PLAY	MSX	HYPER SPORTS 3 (JAPAN)	ROMS/MSX/Hyper Sports 3 (Japan).zip	RETROARCH	bluemsx_libretro.so
PLAY	MSX	ICE WORLD (JAPAN)	ROMS/MSX/Ice World (Japan).zip	RETROARCH	bluemsx_libretro.so
PLAY	MSX	IGA NINPOUTEN - SMALL NINJA (JAPAN)	ROMS/MSX/Iga Ninpouten - Small Ninja (Japan).zip	RETROARCH	bluemsx_libretro.so
PLAY	MSX	IGA NINPOUTEN 2 - SMALL NINJA 2 (JAPAN)	ROMS/MSX/Iga Ninpouten 2 - Small Ninja 2 (Japan).zip	RETROARCH	bluemsx_libretro.so
PLAY	MSX	INDIAN NO BOUKEN (JAPAN)	ROMS/MSX/Indian no Bouken (Japan).zip	RETROARCH	bluemsx_libretro.so
PLAY	MSX	ININDOU - DATOU NOBUNAGA (JAPAN)	ROMS/MSX/Inindou - Datou Nobunaga (Japan).zip	RETROARCH	bluemsx_libretro.so
PLAY	MSX	IRIEGAS (JAPAN)	ROMS/MSX/Iriegas (Japan).zip	RETROARCH	bluemsx_libretro.so
PLAY	MSX	IRIEGAS - THESEUS (JAPAN)	ROMS/MSX/Iriegas - Theseus (Japan).zip	RETROARCH	bluemsx_libretro.so
PLAY	MSX	ISHIN NO ARASHI (JAPAN)	ROMS/MSX/Ishin no Arashi (Japan).zip	RETROARCH	bluemsx_libretro.so
PLAY	MSX	ISSUNHOUSHI NO DONNAMONDAI (JAPAN)	ROMS/MSX/Issunhoushi No Donnamondai (Japan).zip	RETROARCH	bluemsx_libretro.so
PLAY	MSX	J.P. WINKLE (JAPAN)	ROMS/MSX/J.P. Winkle (Japan).zip	RETROARCH	bluemsx_libretro.so
PLAY	MSX	JAGUR (JAPAN)	ROMS/MSX/Jagur (Japan).zip	RETROARCH	bluemsx_libretro.so
PLAY	MSX	JANKA (JAPAN)	ROMS/MSX/Janka (Japan).zip	RETROARCH	bluemsx_libretro.so
PLAY	MSX	JANSEI (JAPAN)	ROMS/MSX/Jansei (Japan).zip	RETROARCH	bluemsx_libretro.so
PLAY	MSX	JET SET WILLY (JAPAN)	ROMS/MSX/Jet Set Willy (Japan).zip	RETROARCH	bluemsx_libretro.so
PLAY	MSX	JIGSAW SET (JAPAN)	ROMS/MSX/Jigsaw Set (Japan).zip	RETROARCH	bluemsx_libretro.so
PLAY	MSX	JUMP (JAPAN)	ROMS/MSX/Jump (Japan).zip	RETROARCH	bluemsx_libretro.so
PLAY	MSX	JUMP COASTER (JAPAN)	ROMS/MSX/Jump Coaster (Japan).zip	RETROARCH	bluemsx_libretro.so
PLAY	MSX	JUMP LAND (JAPAN)	ROMS/MSX/Jump Land (Japan).zip	RETROARCH	bluemsx_libretro.so
PLAY	MSX	JUMPING RABBIT (JAPAN)	ROMS/MSX/Jumping Rabbit (Japan).zip	RETROARCH	bluemsx_libretro.so
PLAY	MSX	JUNO FIRST (JAPAN)	ROMS/MSX/Juno First (Japan).zip	RETROARCH	bluemsx_libretro.so
PLAY	MSX	JYAN FRIEND (JAPAN)	ROMS/MSX/Jyan Friend (Japan).zip	RETROARCH	bluemsx_libretro.so
PLAY	MSX	JYANKYO (JAPAN)	ROMS/MSX/Jyankyo (Japan).zip	RETROARCH	bluemsx_libretro.so
PLAY	MSX	JYANYUU (JAPAN)	ROMS/MSX/Jyanyuu (Japan).zip	RETROARCH	bluemsx_libretro.so
PLAY	MSX	KARAMARU (JAPAN)	ROMS/MSX/Karamaru (Japan).zip	RETROARCH	bluemsx_libretro.so
PLAY	MSX	KARUIZAWA (JAPAN)	ROMS/MSX/Karuizawa (Japan).zip	RETROARCH	bluemsx_libretro.so
PLAY	MSX	KEMPELEN CHESS (JAPAN)	ROMS/MSX/Kempelen Chess (Japan).zip	RETROARCH	bluemsx_libretro.so
PLAY	MSX	KENPELEN CHESS (JAPAN)	ROMS/MSX/Kenpelen Chess (Japan).zip	RETROARCH	bluemsx_libretro.so
PLAY	MSX	KEYSTONE KAPERS (JAPAN)	ROMS/MSX/Keystone Kapers (Japan).zip	RETROARCH	bluemsx_libretro.so
PLAY	MSX	KICK IT (JAPAN)	ROMS/MSX/Kick It (Japan).zip	RETROARCH	bluemsx_libretro.so
PLAY	MSX	KIKIKAI-KAI (JAPAN)	ROMS/MSX/Kikikai-kai (Japan).zip	RETROARCH	bluemsx_libretro.so
PLAY	MSX	KINASAI (JAPAN) (UNL)	ROMS/MSX/Kinasai (Japan) (Unl).zip	RETROARCH	bluemsx_libretro.so
PLAY	MSX	KING & BALLOON (JAPAN)	ROMS/MSX/King & Balloon (Japan).zip	RETROARCH	bluemsx_libretro.so
PLAY	MSX	KING KNIGHT (JAPAN)	ROMS/MSX/King Knight (Japan).zip	RETROARCH	bluemsx_libretro.so
PLAY	MSX	KING'S VALLEY (JAPAN, EUROPE)	ROMS/MSX/King's Valley (Japan, Europe).zip	RETROARCH	bluemsx_libretro.so
PLAY	MSX	KING'S VALLEY II (JAPAN, EUROPE)	ROMS/MSX/King's Valley II (Japan, Europe).zip	RETROARCH	bluemsx_libretro.so
PLAY	MSX	KING'S VALLEY II - THE SEAL OF EL GIZA (JAPAN)	ROMS/MSX/King's Valley II - The Seal of El Giza (Japan).zip	RETROARCH	bluemsx_libretro.so
PLAY	MSX	KINNIKUMAN - MUSCLE MAN (JAPAN)	ROMS/MSX/Kinnikuman - Muscle Man (Japan).zip	RETROARCH	bluemsx_libretro.so
PLAY	MSX	KISEI (JAPAN)	ROMS/MSX/Kisei (Japan).zip	RETROARCH	bluemsx_libretro.so
PLAY	MSX	KITAHEI (JAPAN)	ROMS/MSX/Kitahei (Japan).zip	RETROARCH	bluemsx_libretro.so
PLAY	MSX	KNIGHT LORE (JAPAN)	ROMS/MSX/Knight Lore (Japan).zip	RETROARCH	bluemsx_libretro.so
PLAY	MSX	KNIGHTMARE II - THE MAZE OF GALIOUS (JAPAN)	ROMS/MSX/Knightmare II - The Maze of Galious (Japan).zip	RETROARCH	bluemsx_libretro.so
PLAY	MSX	KNIGHTMARE III - SHALOM (JAPAN)	ROMS/MSX/Knightmare III - Shalom (Japan).zip	RETROARCH	bluemsx_libretro.so
PLAY	MSX	MACROSS (JAPAN)	ROMS/MSX/Macross (Japan).zip	RETROARCH	bluemsx_libretro.so
PLAY	MSX	MAD RIDER (JAPAN)	ROMS/MSX/Mad Rider (Japan).zip	RETROARCH	bluemsx_libretro.so
PLAY	MSX	MAGICAL KID WIZ (JAPAN)	ROMS/MSX/Magical Kid Wiz (Japan).zip	RETROARCH	bluemsx_libretro.so
PLAY	MSX	MAGICAL TREE (JAPAN)	ROMS/MSX/Magical Tree (Japan).zip	RETROARCH	bluemsx_libretro.so
PLAY	MSX	MAGNUM PROHIBITION 1931 (JAPAN)	ROMS/MSX/Magnum Prohibition 1931 (Japan).zip	RETROARCH	bluemsx_libretro.so
PLAY	MSX	MAISON IKKOKU - KANKETSU HEN - SAYONARA, SOSHITE... (JAPAN)	ROMS/MSX/Maison Ikkoku - Kanketsu Hen - Sayonara, Soshite... (Japan).zip	RETROARCH	bluemsx_libretro.so
PLAY	MSX	MAISON IKKOKU - OMOIDE NO PHOTOGRAPH (JAPAN)	ROMS/MSX/Maison Ikkoku - Omoide no Photograph (Japan).zip	RETROARCH	bluemsx_libretro.so
PLAY	MSX	MALAYA NO HIBOU (JAPAN)	ROMS/MSX/Malaya no Hibou (Japan).zip	RETROARCH	bluemsx_libretro.so
PLAY	MSX	MANES (JAPAN)	ROMS/MSX/Manes (Japan).zip	RETROARCH	bluemsx_libretro.so
PLAY	MSX	MAPPY (JAPAN)	ROMS/MSX/Mappy (Japan).zip	RETROARCH	bluemsx_libretro.so
PLAY	MSX	MARCHEN VEIL I (JAPAN)	ROMS/MSX/Marchen Veil I (Japan).zip	RETROARCH	bluemsx_libretro.so
PLAY	MSX	MARINE BATTLE (JAPAN)	ROMS/MSX/Marine Battle (Japan).zip	RETROARCH	bluemsx_libretro.so
PLAY	MSX	MARS II (JAPAN)	ROMS/MSX/Mars II (Japan).zip	RETROARCH	bluemsx_libretro.so
PLAY	MSX	MASHOU NO TACHI GOBLIN (JAPAN)	ROMS/MSX/Mashou no Tachi Goblin (Japan).zip	RETROARCH	bluemsx_libretro.so
PLAY	MSX	MASTER CHESS (EUROPE)	ROMS/MSX/Master Chess (Europe).zip	RETROARCH	bluemsx_libretro.so
PLAY	MSX	MEGALOPOLIS SOS (JAPAN)	ROMS/MSX/Megalopolis SOS (Japan).zip	RETROARCH	bluemsx_libretro.so
PLAY	MSX	MEIKYUU SHINWA (JAPAN)	ROMS/MSX/Meikyuu Shinwa (Japan).zip	RETROARCH	bluemsx_libretro.so
PLAY	MSX	METAL GEAR (EUROPE)	ROMS/MSX/Metal Gear (Europe).zip	RETROARCH	bluemsx_libretro.so
PLAY	MSX	METAL GEAR (JAPAN)	ROMS/MSX/Metal Gear (Japan).zip	RETROARCH	bluemsx_libretro.so
PLAY	MSX	METAL GEAR 2 - SOLID SNAKE (JAPAN)	ROMS/MSX/Metal Gear 2 - Solid Snake (Japan).zip	RETROARCH	bluemsx_libretro.so
PLAY	MSX	MIDNIGHT BROTHERS (JAPAN)	ROMS/MSX/Midnight Brothers (Japan).zip	RETROARCH	bluemsx_libretro.so
PLAY	MSX	MIDNIGHT BUILDING (JAPAN)	ROMS/MSX/Midnight Building (Japan).zip	RETROARCH	bluemsx_libretro.so
PLAY	MSX	MIDWAY (JAPAN)	ROMS/MSX/Midway (Japan).zip	RETROARCH	bluemsx_libretro.so
PLAY	MSX	MIL CARAS (SPAIN)	ROMS/MSX/Mil Caras (Spain).zip	RETROARCH	bluemsx_libretro.so
PLAY	MSX	MIRAI (JAPAN)	ROMS/MSX/Mirai (Japan).zip	RETROARCH	bluemsx_libretro.so
PLAY	MSX	MIRAI - FUTURE (JAPAN)	ROMS/MSX/Mirai - Future (Japan).zip	RETROARCH	bluemsx_libretro.so
PLAY	MSX	NOBUNAGA NO YABOU - BUSHOU FUUUN ROKU (JAPAN)	ROMS/MSX/Nobunaga no Yabou - Bushou Fuuun Roku (Japan).zip	RETROARCH	bluemsx_libretro.so
PLAY	MSX	NOBUNAGA NO YABOU - SENGOKU GUNYUUDEN (JAPAN)	ROMS/MSX/Nobunaga no Yabou - Sengoku Gunyuuden (Japan).zip	RETROARCH	bluemsx_libretro.so
PLAY	MSX	NOBUNAGA NO YABOU - ZENKOKU BAN (JAPAN)	ROMS/MSX/Nobunaga no Yabou - Zenkoku Ban (Japan).zip	RETROARCH	bluemsx_libretro.so
PLAY	MSX	NYAN NYAN PRO WRESTLING (JAPAN)	ROMS/MSX/Nyan Nyan Pro Wrestling (Japan).zip	RETROARCH	bluemsx_libretro.so
PLAY	MSX	NYOROLS (JAPAN)	ROMS/MSX/Nyorols (Japan).zip	RETROARCH	bluemsx_libretro.so
PLAY	MSX	O'MAC FARMER (JAPAN)	ROMS/MSX/O'Mac Farmer (Japan).zip	RETROARCH	bluemsx_libretro.so
PLAY	MSX	OGRE (JAPAN)	ROMS/MSX/Ogre (Japan).zip	RETROARCH	bluemsx_libretro.so
PLAY	MSX	OIL'S WELL (JAPAN)	ROMS/MSX/Oil's Well (Japan).zip	RETROARCH	bluemsx_libretro.so
PLAY	MSX	OKAMI NO SU (JAPAN)	ROMS/MSX/Okami no Su (Japan).zip	RETROARCH	bluemsx_libretro.so
PLAY	MSX	OTHELLO (JAPAN)	ROMS/MSX/Othello (Japan).zip	RETROARCH	bluemsx_libretro.so
PLAY	MSX	OUKE NO TANI - EL GIZA NO FUUIN (JAPAN)	ROMS/MSX/Ouke no Tani - El Giza no Fuuin (Japan).zip	RETROARCH	bluemsx_libretro.so
PLAY	MSX	OUT RUN (JAPAN)	ROMS/MSX/Out Run (Japan).zip	RETROARCH	bluemsx_libretro.so
PLAY	MSX	OYOIDE TANGO (JAPAN)	ROMS/MSX/Oyoide Tango (Japan).zip	RETROARCH	bluemsx_libretro.so
PLAY	MSX	PAC-MAN (JAPAN)	ROMS/MSX/Pac-Man (Japan).zip	RETROARCH	bluemsx_libretro.so
PLAY	MSX	PAC-MANIA (JAPAN)	ROMS/MSX/Pac-Mania (Japan).zip	RETROARCH	bluemsx_libretro.so
PLAY	MSX	PACHI COM (JAPAN)	ROMS/MSX/Pachi Com (Japan).zip	RETROARCH	bluemsx_libretro.so
PLAY	MSX	PAI PANIC (JAPAN)	ROMS/MSX/Pai Panic (Japan).zip	RETROARCH	bluemsx_libretro.so
PLAY	MSX	PAIRS (JAPAN)	ROMS/MSX/Pairs (Japan).zip	RETROARCH	bluemsx_libretro.so
PLAY	MSX	PANTHER (JAPAN)	ROMS/MSX/Panther (Japan).zip	RETROARCH	bluemsx_libretro.so
PLAY	MSX	PARODIUS (JAPAN)	ROMS/MSX/Parodius (Japan).zip	RETROARCH	bluemsx_libretro.so
PLAY	MSX	PASS BALL (JAPAN)	ROMS/MSX/Pass Ball (Japan).zip	RETROARCH	bluemsx_libretro.so
PLAY	MSX	PASTFINDER (JAPAN)	ROMS/MSX/Pastfinder (Japan).zip	RETROARCH	bluemsx_libretro.so
PLAY	MSX	PAY LOAD (JAPAN)	ROMS/MSX/Pay Load (Japan).zip	RETROARCH	bluemsx_libretro.so
PLAY	MSX	PEETAN (JAPAN)	ROMS/MSX/Peetan (Japan).zip	RETROARCH	bluemsx_libretro.so
PLAY	MSX	POOYAN (JAPAN)	ROMS/MSX/Pooyan (Japan).zip	RETROARCH	bluemsx_libretro.so
PLAY	MSX	POPPAQ THE FISH (JAPAN)	ROMS/MSX/Poppaq the Fish (Japan).zip	RETROARCH	bluemsx_libretro.so
PLAY	MSX	PREDATOR (JAPAN)	ROMS/MSX/Predator (Japan).zip	RETROARCH	bluemsx_libretro.so
PLAY	MSX	PRICE OF MAGIK, THE (EUROPE)	ROMS/MSX/Price of Magik, The (Europe).zip	RETROARCH	bluemsx_libretro.so
PLAY	MSX	PRO YAKYUU FAMILY STADIUM - PENNANT RACE (JAPAN)	ROMS/MSX/Pro Yakyuu Family Stadium - Pennant Race (Japan).zip	RETROARCH	bluemsx_libretro.so
PLAY	MSX	PRO YAKYUU FAN - TELENET STADIUM (JAPAN)	ROMS/MSX/Pro Yakyuu Fan - Telenet Stadium (Japan).zip	RETROARCH	bluemsx_libretro.so
PLAY	MSX	PROJECT A2 - SHIJOUSAIDAI NO HYOUTEKI (JAPAN)	ROMS/MSX/Project A2 - Shijousaidai no Hyouteki (Japan).zip	RETROARCH	bluemsx_libretro.so
PLAY	MSX	PROTECTOR, THE (JAPAN)	ROMS/MSX/Protector, The (Japan).zip	RETROARCH	bluemsx_libretro.so
PLAY	MSX	PSYCHIC WAR - COSMIC SOLDIER 2 (JAPAN)	ROMS/MSX/Psychic War - Cosmic Soldier 2 (Japan).zip	RETROARCH	bluemsx_libretro.so
PLAY	MSX	PUZZLE PANIC (JAPAN)	ROMS/MSX/Puzzle Panic (Japan).zip	RETROARCH	bluemsx_libretro.so
PLAY	MSX	RETURN OF ISHTAR, THE (JAPAN)	ROMS/MSX/Return of Ishtar, The (Japan).zip	RETROARCH	bluemsx_libretro.so
PLAY	MSX	RETURN OF JELDA (JAPAN)	ROMS/MSX/Return of Jelda (Japan).zip	RETROARCH	bluemsx_libretro.so
PLAY	MSX	RICK TO MICK NO DAIBOUKEN (JAPAN)	ROMS/MSX/Rick to Mick no Daibouken (Japan).zip	RETROARCH	bluemsx_libretro.so
PLAY	MSX	RISE OUT FROM DUNGEONS (JAPAN)	ROMS/MSX/Rise Out from Dungeons (Japan).zip	RETROARCH	bluemsx_libretro.so
PLAY	MSX	RIVER RAID (JAPAN)	ROMS/MSX/River Raid (Japan).zip	RETROARCH	bluemsx_libretro.so
PLAY	MSX	ROAD FIGHTER (JAPAN)	ROMS/MSX/Road Fighter (Japan).zip	RETROARCH	bluemsx_libretro.so
PLAY	MSX	SNAKE IT (EUROPE)	ROMS/MSX/Snake It (Europe).zip	RETROARCH	bluemsx_libretro.so
PLAY	MSX	SOFIA (JAPAN)	ROMS/MSX/Sofia (Japan).zip	RETROARCH	bluemsx_libretro.so
PLAY	MSX	SOUKOBAN (JAPAN)	ROMS/MSX/Soukoban (Japan).zip	RETROARCH	bluemsx_libretro.so
PLAY	MSX	SPACE CAMP (JAPAN)	ROMS/MSX/Space Camp (Japan).zip	RETROARCH	bluemsx_libretro.so
PLAY	MSX	SPACE INVADERS (JAPAN)	ROMS/MSX/Space Invaders (Japan).zip	RETROARCH	bluemsx_libretro.so
PLAY	MSX	SPACE MANBOW (JAPAN)	ROMS/MSX/Space Manbow (Japan).zip	RETROARCH	bluemsx_libretro.so
PLAY	MSX	SPACE MAZE ATTACK (JAPAN)	ROMS/MSX/Space Maze Attack (Japan).zip	RETROARCH	bluemsx_libretro.so
PLAY	MSX	SPACE TROUBLE (JAPAN)	ROMS/MSX/Space Trouble (Japan).zip	RETROARCH	bluemsx_libretro.so
PLAY	MSX	SPACE WALK (EUROPE)	ROMS/MSX/Space Walk (Europe).zip	RETROARCH	bluemsx_libretro.so
PLAY	MSX	SPARKIE (JAPAN)	ROMS/MSX/Sparkie (Japan).zip	RETROARCH	bluemsx_libretro.so
PLAY	MSX	SPELUNKER (JAPAN)	ROMS/MSX/Spelunker (Japan).zip	RETROARCH	bluemsx_libretro.so
PLAY	MSX	SPIDER, THE (JAPAN)	ROMS/MSX/Spider, The (Japan).zip	RETROARCH	bluemsx_libretro.so
PLAY	MSX	SPY VS SPY II - THE ISLAND CAPER (EUROPE)	ROMS/MSX/Spy vs Spy II - The Island Caper (Europe).zip	RETROARCH	bluemsx_libretro.so
PLAY	MSX	SQUARE DANCER (JAPAN)	ROMS/MSX/Square Dancer (Japan).zip	RETROARCH	bluemsx_libretro.so
PLAY	MSX	SQUISH'EM (JAPAN)	ROMS/MSX/Squish'em (Japan).zip	RETROARCH	bluemsx_libretro.so
PLAY	MSX	STAR BLAZER (JAPAN)	ROMS/MSX/Star Blazer (Japan).zip	RETROARCH	bluemsx_libretro.so
PLAY	MSX	STAR COMMAND (JAPAN)	ROMS/MSX/Star Command (Japan).zip	RETROARCH	bluemsx_libretro.so
PLAY	MSX	STAR FORCE (JAPAN)	ROMS/MSX/Star Force (Japan).zip	RETROARCH	bluemsx_libretro.so
PLAY	MSX	STAR SOLDIER (JAPAN)	ROMS/MSX/Star Soldier (Japan).zip	RETROARCH	bluemsx_libretro.so
PLAY	MSX	STAR TRAP (JAPAN)	ROMS/MSX/Star Trap (Japan).zip	RETROARCH	bluemsx_libretro.so
PLAY	MSX	STAR VIRGIN (JAPAN)	ROMS/MSX/Star Virgin (Japan).zip	RETROARCH	bluemsx_libretro.so
PLAY	MSX	STARSHIP SIMULATOR (JAPAN)	ROMS/MSX/Starship Simulator (Japan).zip	RETROARCH	bluemsx_libretro.so
PLAY	MSX	STEP UP (JAPAN)	ROMS/MSX/Step Up (Japan).zip	RETROARCH	bluemsx_libretro.so
PLAY	MSX	STEPPER (JAPAN)	ROMS/MSX/Stepper (Japan).zip	RETROARCH	bluemsx_libretro.so
PLAY	MSX	STONE OF WISDOM, THE (JAPAN)	ROMS/MSX/Stone of Wisdom, The (Japan).zip	RETROARCH	bluemsx_libretro.so
PLAY	MSX	STRANGE LOOP (JAPAN)	ROMS/MSX/Strange Loop (Japan).zip	RETROARCH	bluemsx_libretro.so
PLAY	MSX	STRATEGIC MARS (JAPAN)	ROMS/MSX/Strategic Mars (Japan).zip	RETROARCH	bluemsx_libretro.so
PLAY	MSX	SUIKODEN - TENMEI NO CHIKAI (JAPAN)	ROMS/MSX/Suikoden - Tenmei no Chikai (Japan).zip	RETROARCH	bluemsx_libretro.so
PLAY	MSX	SUPAROBO (JAPAN)	ROMS/MSX/Suparobo (Japan).zip	RETROARCH	bluemsx_libretro.so
PLAY	MSX	SUPER BILLIARDS (JAPAN)	ROMS/MSX/Super Billiards (Japan).zip	RETROARCH	bluemsx_libretro.so
PLAY	MSX	SUPER SNAKE (JAPAN)	ROMS/MSX/Super Snake (Japan).zip	RETROARCH	bluemsx_libretro.so
PLAY	MSX	TELEBUNNIE (JAPAN)	ROMS/MSX/Telebunnie (Japan).zip	RETROARCH	bluemsx_libretro.so
PLAY	NINTENDO 64	BOMBERMAN2	ROMS/N64/Bomberman2.zip	RETROARCH	mupen64plus_next_libretro.so
PLAY	NINTENDO 64	BUST-A-MOVE	ROMS/N64/Bust-A-Move.zip	RETROARCH	mupen64plus_next_libretro.so
PLAY	NINTENDO 64	CASTLEVANIA	ROMS/N64/Castlevania.zip	RETROARCH	mupen64plus_next_libretro.so
PLAY	NINTENDO 64	DEEP COVER GECKO3	ROMS/N64/Deep Cover Gecko3.zip	RETROARCH	mupen64plus_next_libretro.so
PLAY	NINTENDO 64	DEEP COVER GECKO64	ROMS/N64/Deep Cover Gecko64.zip	RETROARCH	mupen64plus_next_libretro.so
PLAY	NINTENDO 64	MISSION IMPOSSIBLE	ROMS/N64/Mission Impossible.zip	RETROARCH	mupen64plus_next_libretro.so
PLAY	NINTENDO 64	NUCLEAR STRIKE64	ROMS/N64/Nuclear Strike64.zip	RETROARCH	mupen64plus_next_libretro.so
PLAY	NINTENDO 64	PAPERBOY	ROMS/N64/Paperboy.zip	RETROARCH	mupen64plus_next_libretro.so
PLAY	NINTENDO 64	ROCKMAN64	ROMS/N64/Rockman64.zip	RETROARCH	mupen64plus_next_libretro.so
PLAY	NINTENDO 64	WAVE RACE	ROMS/N64/Wave Race.zip	RETROARCH	mupen64plus_next_libretro.so
PLAY	NAOMI	ALIENFNT	ROMS/NAOMI/alienfnt.zip	RETROARCH	flycastvl_libretro.so
PLAY	NAOMI	ASNDYNMT	ROMS/NAOMI/asndynmt.zip	RETROARCH	flycastvl_libretro.so
PLAY	NAOMI	AUSFACHE	ROMS/NAOMI/ausfache.zip	RETROARCH	flycastvl_libretro.so
PLAY	NAOMI	CSMASH	ROMS/NAOMI/csmash.zip	RETROARCH	flycastvl_libretro.so
PLAY	NAOMI	GGRAM2	ROMS/NAOMI/ggram2.zip	RETROARCH	flycastvl_libretro.so
PLAY	NAOMI	GGX	ROMS/NAOMI/ggx.zip	RETROARCH	flycastvl_libretro.so
PLAY	NAOMI	GWING2	ROMS/NAOMI/gwing2.zip	RETROARCH	flycastvl_libretro.so
PLAY	NAOMI	MAMONORO	ROMS/NAOMI/mamonoro.zip	RETROARCH	flycastvl_libretro.so
PLAY	NAOMI	MBAA	ROMS/NAOMI/mbaa.zip	RETROARCH	flycastvl_libretro.so
PLAY	NAOMI	MUSHI2K5	ROMS/NAOMI/mushi2k5.zip	RETROARCH	flycastvl_libretro.so
PLAY	NAOMI	MVSC2	ROMS/NAOMI/mvsc2.zip	RETROARCH	flycastvl_libretro.so
PLAY	NAOMI	PJUSTIC	ROMS/NAOMI/pjustic.zip	RETROARCH	flycastvl_libretro.so
PLAY	NAOMI	SGTETRIS	ROMS/NAOMI/sgtetris.zip	RETROARCH	flycastvl_libretro.so
PLAY	NAOMI	TOYFIGHT	ROMS/NAOMI/toyfight.zip	RETROARCH	flycastvl_libretro.so
PLAY	NINTENDO DS	ANIMAL CROSSING-WILD WORLD	ROMS/NDS/Animal Crossing-Wild World.nds	DRASTIC	ext-drastic
PLAY	NINTENDO DS	BIOHAZARD - DEADLY SILENCE (JAPAN)	ROMS/NDS/Biohazard - Deadly Silence (Japan).nds	DRASTIC	ext-drastic
PLAY	NINTENDO DS	BRAIN AGE	ROMS/NDS/Brain Age.nds	DRASTIC	ext-drastic
PLAY	NINTENDO DS	BRAIN AGE 2	ROMS/NDS/Brain Age 2.nds	DRASTIC	ext-drastic
PLAY	NINTENDO DS	CHRONO TRIGGER	ROMS/NDS/Chrono Trigger.nds	DRASTIC	ext-drastic
PLAY	NINTENDO DS	DOGZ	ROMS/NDS/Dogz.nds	DRASTIC	ext-drastic
PLAY	NINTENDO DS	GHOST TRICK - PHANTOM DETECTIVE (USA) (EN,FR,DE,ES,IT)_APFIX	ROMS/NDS/Ghost Trick - Phantom Detective (USA) (En,Fr,De,Es,It)_apfix.zip	DRASTIC	ext-drastic
PLAY	NINTENDO DS	HOTEL DUSK - ROOM 215 (USA)	ROMS/NDS/Hotel Dusk - Room 215 (USA).nds	DRASTIC	ext-drastic
PLAY	NINTENDO DS	LEGO STAR WARS 2	ROMS/NDS/LEGO Star Wars 2.nds	DRASTIC	ext-drastic
PLAY	NINTENDO DS	LUFIA CURSE OF THE SINISTRALS	ROMS/NDS/lufia curse of the sinistrals.zip	DRASTIC	ext-drastic
PLAY	NINTENDO DS	MARVEL NEMESIS RISE OF THE IMPERFECTS	ROMS/NDS/Marvel Nemesis Rise of the Imperfects.zip	DRASTIC	ext-drastic
PLAY	NINTENDO DS	NEED FOR SPEED-UNDERGROUND 2	ROMS/NDS/Need for Speed-Underground 2.nds	DRASTIC	ext-drastic
PLAY	NINTENDO DS	NINTENDOGS-DACHSHUND AND FRIENDS	ROMS/NDS/Nintendogs-Dachshund and Friends.nds	DRASTIC	ext-drastic
PLAY	NINTENDO DS	OKAMIDEN	ROMS/NDS/Okamiden.nds	DRASTIC	ext-drastic
PLAY	NINTENDO DS	PHOENIX WRIGHT - ACE ATTORNEY (USA)	ROMS/NDS/Phoenix Wright - Ace Attorney (USA).nds	DRASTIC	ext-drastic
PLAY	NINTENDO DS	PHOENIX WRIGHT - ACE ATTORNEY - JUSTICE FOR ALL (USA)	ROMS/NDS/Phoenix Wright - Ace Attorney - Justice for All (USA).nds	DRASTIC	ext-drastic
PLAY	NINTENDO DS	PHOENIX WRIGHT - ACE ATTORNEY - TRIALS AND TRIBULATIONS (USA)	ROMS/NDS/Phoenix Wright - Ace Attorney - Trials and Tribulations (USA).nds	DRASTIC	ext-drastic
PLAY	NINTENDO DS	RIDGE RACER DS (USA, EUROPE)	ROMS/NDS/Ridge Racer DS (USA, Europe).nds	DRASTIC	ext-drastic
PLAY	NINTENDO DS	THE AMAZING SPIDER-MAN	ROMS/NDS/The Amazing Spider-Man.nds	DRASTIC	ext-drastic
PLAY	NINTENDO DS	TRANSFORMERS-DARK OF THE MOON-AUTOBOTS	ROMS/NDS/Transformers-Dark of the Moon-Autobots.nds	DRASTIC	ext-drastic
PLAY	OPENBOR	CASTLEVANIA DRACULA'S LEGACY	ROMS/OPENBOR/Castlevania Dracula's legacy.pak	OPENBOR	ext-openbor7530
PLAY	OPENBOR	CONTRA LOCKED'N LOADED	ROMS/OPENBOR/Contra locked'n loaded.pak	OPENBOR	ext-openbor7530
PLAY	OPENBOR	HYPER FINAL FIGHT 3	ROMS/OPENBOR/Hyper Final Fight 3.pak	OPENBOR	ext-openbor7530
PLAY	OPENBOR	NIGHT SLASHERS X	ROMS/OPENBOR/Night Slashers X.pak	OPENBOR	ext-openbor7530
PLAY	PC ENGINE	1943 KAI (JAPAN)	ROMS/PCE/1943 Kai (Japan).zip	RETROARCH	mednafen_pce_fast_libretro.so
PLAY	PC ENGINE	21 EMON - MEZASE HOTEL OU!! (JAPAN)	ROMS/PCE/21 Emon - Mezase Hotel Ou!! (Japan).zip	RETROARCH	mednafen_pce_fast_libretro.so
PLAY	PC ENGINE	ADVENTURE ISLAND (JAPAN)	ROMS/PCE/Adventure Island (Japan).zip	RETROARCH	mednafen_pce_fast_libretro.so
PLAY	PC ENGINE	AERO BLASTERS (USA)	ROMS/PCE/Aero Blasters (USA).zip	RETROARCH	mednafen_pce_fast_libretro.so
PLAY	PC ENGINE	AFTER BURNER II (JAPAN)	ROMS/PCE/After Burner II (Japan).zip	RETROARCH	mednafen_pce_fast_libretro.so
PLAY	PC ENGINE	AIR ZONK (USA)	ROMS/PCE/Air Zonk (USA).zip	RETROARCH	mednafen_pce_fast_libretro.so
PLAY	PC ENGINE	ALIEN CRUSH (USA)	ROMS/PCE/Alien Crush (USA).zip	RETROARCH	mednafen_pce_fast_libretro.so
PLAY	PC ENGINE	AOI BLINK (JAPAN)	ROMS/PCE/Aoi Blink (Japan).zip	RETROARCH	mednafen_pce_fast_libretro.so
PLAY	PC ENGINE	APPARE GATEBALL (JAPAN)	ROMS/PCE/Appare Gateball (Japan).zip	RETROARCH	mednafen_pce_fast_libretro.so
PLAY	PC ENGINE	ARTIST TOOL (JAPAN)	ROMS/PCE/Artist Tool (Japan).zip	RETROARCH	mednafen_pce_fast_libretro.so
PLAY	PC ENGINE	ATOMIC ROBO-KID SPECIAL (JAPAN)	ROMS/PCE/Atomic Robo-Kid Special (Japan).zip	RETROARCH	mednafen_pce_fast_libretro.so
PLAY	PC ENGINE	BALLISTIX (USA)	ROMS/PCE/Ballistix (USA).zip	RETROARCH	mednafen_pce_fast_libretro.so
PLAY	PC ENGINE	BARUNBA (JAPAN)	ROMS/PCE/Barunba (Japan).zip	RETROARCH	mednafen_pce_fast_libretro.so
PLAY	PC ENGINE	BATMAN (JAPAN)	ROMS/PCE/Batman (Japan).zip	RETROARCH	mednafen_pce_fast_libretro.so
PLAY	PC ENGINE	BATTLE LODE RUNNER (JAPAN)	ROMS/PCE/Battle Lode Runner (Japan).zip	RETROARCH	mednafen_pce_fast_libretro.so
PLAY	PC ENGINE	BATTLE ROYALE (USA)	ROMS/PCE/Battle Royale (USA).zip	RETROARCH	mednafen_pce_fast_libretro.so
PLAY	PC ENGINE	BE BALL (JAPAN)	ROMS/PCE/Be Ball (Japan).zip	RETROARCH	mednafen_pce_fast_libretro.so
PLAY	PC ENGINE	BENKEI GAIDEN (JAPAN)	ROMS/PCE/Benkei Gaiden (Japan).zip	RETROARCH	mednafen_pce_fast_libretro.so
PLAY	PC ENGINE	BIKKURIMAN WORLD (JAPAN)	ROMS/PCE/Bikkuriman World (Japan).zip	RETROARCH	mednafen_pce_fast_libretro.so
PLAY	PC ENGINE	BLAZING LAZERS (USA)	ROMS/PCE/Blazing Lazers (USA).zip	RETROARCH	mednafen_pce_fast_libretro.so
PLAY	PC ENGINE	BLODIA (JAPAN)	ROMS/PCE/Blodia (Japan).zip	RETROARCH	mednafen_pce_fast_libretro.so
PLAY	PC ENGINE	BLOODY WOLF (USA)	ROMS/PCE/Bloody Wolf (USA).zip	RETROARCH	mednafen_pce_fast_libretro.so
PLAY	PC ENGINE	BODY CONQUEST II (JAPAN)	ROMS/PCE/Body Conquest II (Japan).zip	RETROARCH	mednafen_pce_fast_libretro.so
PLAY	PC ENGINE	BOMBERMAN '93 (USA)	ROMS/PCE/Bomberman '93 (USA).zip	RETROARCH	mednafen_pce_fast_libretro.so
PLAY	PC ENGINE	BOMBERMAN '94 (JAPAN)	ROMS/PCE/Bomberman '94 (Japan).zip	RETROARCH	mednafen_pce_fast_libretro.so
PLAY	PC ENGINE	BOMBERMAN (USA)	ROMS/PCE/Bomberman (USA).zip	RETROARCH	mednafen_pce_fast_libretro.so
PLAY	PC ENGINE	BONK III - BONK'S BIG ADVENTURE (USA)	ROMS/PCE/Bonk III - Bonk's Big Adventure (USA).zip	RETROARCH	mednafen_pce_fast_libretro.so
PLAY	PC ENGINE	BONK'S ADVENTURE (USA)	ROMS/PCE/Bonk's Adventure (USA).zip	RETROARCH	mednafen_pce_fast_libretro.so
PLAY	PC ENGINE	BONK'S REVENGE (USA)	ROMS/PCE/Bonk's Revenge (USA).zip	RETROARCH	mednafen_pce_fast_libretro.so
PLAY	PC ENGINE	BOUKEN DANSHAKU DON - THE LOST SUNHEART (JAPAN)	ROMS/PCE/Bouken Danshaku Don - The Lost Sunheart (Japan).zip	RETROARCH	mednafen_pce_fast_libretro.so
PLAY	PC ENGINE	BOXYBOY (USA)	ROMS/PCE/Boxyboy (USA).zip	RETROARCH	mednafen_pce_fast_libretro.so
PLAY	PC ENGINE	BRAVOMAN (USA)	ROMS/PCE/Bravoman (USA).zip	RETROARCH	mednafen_pce_fast_libretro.so
PLAY	PC ENGINE	BREAK IN (JAPAN)	ROMS/PCE/Break In (Japan).zip	RETROARCH	mednafen_pce_fast_libretro.so
PLAY	PC ENGINE	BUBBLEGUM CRASH! - KNIGHT SABERS 2034 (JAPAN)	ROMS/PCE/Bubblegum Crash! - Knight Sabers 2034 (Japan).zip	RETROARCH	mednafen_pce_fast_libretro.so
PLAY	PC ENGINE	BULL FIGHT - RING NO HAJA (JAPAN)	ROMS/PCE/Bull Fight - Ring no Haja (Japan).zip	RETROARCH	mednafen_pce_fast_libretro.so
PLAY	PC ENGINE	BURNING ANGELS (JAPAN)	ROMS/PCE/Burning Angels (Japan).zip	RETROARCH	mednafen_pce_fast_libretro.so
PLAY	PC ENGINE	BUSOU KEIJI - CYBER CROSS (JAPAN)	ROMS/PCE/Busou Keiji - Cyber Cross (Japan).zip	RETROARCH	mednafen_pce_fast_libretro.so
PLAY	PC ENGINE	CADASH (USA)	ROMS/PCE/Cadash (USA).zip	RETROARCH	mednafen_pce_fast_libretro.so
PLAY	PC ENGINE	CHAMPION WRESTLER (JAPAN)	ROMS/PCE/Champion Wrestler (Japan).zip	RETROARCH	mednafen_pce_fast_libretro.so
PLAY	PC ENGINE	CHAMPIONS FOREVER BOXING (USA)	ROMS/PCE/Champions Forever Boxing (USA).zip	RETROARCH	mednafen_pce_fast_libretro.so
PLAY	PC ENGINE	CHEW MAN FU (USA)	ROMS/PCE/Chew Man Fu (USA).zip	RETROARCH	mednafen_pce_fast_libretro.so
PLAY	PC ENGINE	CHIBI MARUKO CHAN - QUIZ DE PIIHYARA (JAPAN)	ROMS/PCE/Chibi Maruko Chan - Quiz de Piihyara (Japan).zip	RETROARCH	mednafen_pce_fast_libretro.so
PLAY	PC ENGINE	CHIKUDENYA TOUBEI - KUBIKIRI YAKATA YORI (JAPAN)	ROMS/PCE/Chikudenya Toubei - Kubikiri Yakata Yori (Japan).zip	RETROARCH	mednafen_pce_fast_libretro.so
PLAY	PC ENGINE	CHINA WARRIOR (USA)	ROMS/PCE/China Warrior (USA).zip	RETROARCH	mednafen_pce_fast_libretro.so
PLAY	PC ENGINE	CHOUZETSU RINJIN - BRAVOMAN (JAPAN)	ROMS/PCE/Chouzetsu Rinjin - Bravoman (Japan).zip	RETROARCH	mednafen_pce_fast_libretro.so
PLAY	PC ENGINE	CIRCUS LIDO (JAPAN)	ROMS/PCE/Circus Lido (Japan).zip	RETROARCH	mednafen_pce_fast_libretro.so
PLAY	PC ENGINE	CITY HUNTER (JAPAN)	ROMS/PCE/City Hunter (Japan).zip	RETROARCH	mednafen_pce_fast_libretro.so
PLAY	PC ENGINE	COLUMNS (JAPAN)	ROMS/PCE/Columns (Japan).zip	RETROARCH	mednafen_pce_fast_libretro.so
PLAY	PC ENGINE	CORYOON - CHILD OF DRAGON (JAPAN)	ROMS/PCE/Coryoon - Child of Dragon (Japan).zip	RETROARCH	mednafen_pce_fast_libretro.so
PLAY	PC ENGINE	CRATERMAZE (USA)	ROMS/PCE/Cratermaze (USA).zip	RETROARCH	mednafen_pce_fast_libretro.so
PLAY	PC ENGINE	CROSS WIBER - CYBER COMBAT POLICE (JAPAN)	ROMS/PCE/Cross Wiber - Cyber Combat Police (Japan).zip	RETROARCH	mednafen_pce_fast_libretro.so
PLAY	PC ENGINE	CYBER CORE (USA)	ROMS/PCE/Cyber Core (USA).zip	RETROARCH	mednafen_pce_fast_libretro.so
PLAY	PC ENGINE	CYBER DODGE (JAPAN)	ROMS/PCE/Cyber Dodge (Japan).zip	RETROARCH	mednafen_pce_fast_libretro.so
PLAY	PC ENGINE	CYBER KNIGHT (JAPAN)	ROMS/PCE/Cyber Knight (Japan).zip	RETROARCH	mednafen_pce_fast_libretro.so
PLAY	PC ENGINE	DAI SENPU (JAPAN)	ROMS/PCE/Dai Senpu (Japan).zip	RETROARCH	mednafen_pce_fast_libretro.so
PLAY	PC ENGINE	DAICHI KUN CRISIS - DO NATURAL (JAPAN)	ROMS/PCE/Daichi Kun Crisis - Do Natural (Japan).zip	RETROARCH	mednafen_pce_fast_libretro.so
PLAY	PC ENGINE	DARIUS ALPHA (JAPAN)	ROMS/PCE/Darius Alpha (Japan).zip	RETROARCH	mednafen_pce_fast_libretro.so
PLAY	PC ENGINE	DARIUS PLUS (JAPAN)	ROMS/PCE/Darius Plus (Japan).zip	RETROARCH	mednafen_pce_fast_libretro.so
PLAY	PC ENGINE	DARKWING DUCK (USA)	ROMS/PCE/Darkwing Duck (USA).zip	RETROARCH	mednafen_pce_fast_libretro.so
PLAY	PC ENGINE	DAVIS CUP TENNIS (USA)	ROMS/PCE/Davis Cup Tennis (USA).zip	RETROARCH	mednafen_pce_fast_libretro.so
PLAY	PC ENGINE	DEAD MOON (USA)	ROMS/PCE/Dead Moon (USA).zip	RETROARCH	mednafen_pce_fast_libretro.so
PLAY	PC ENGINE	DEEP BLUE (USA)	ROMS/PCE/Deep Blue (USA).zip	RETROARCH	mednafen_pce_fast_libretro.so
PLAY	PC ENGINE	DEEP BLUE - KAITEI SHINWA (JAPAN)	ROMS/PCE/Deep Blue - Kaitei Shinwa (Japan).zip	RETROARCH	mednafen_pce_fast_libretro.so
PLAY	PC ENGINE	DETANA!! TWINBEE (JAPAN)	ROMS/PCE/Detana!! TwinBee (Japan).zip	RETROARCH	mednafen_pce_fast_libretro.so
PLAY	PC ENGINE	DEVIL CRASH - NAXAT PINBALL (JAPAN)	ROMS/PCE/Devil Crash - Naxat Pinball (Japan).zip	RETROARCH	mednafen_pce_fast_libretro.so
PLAY	PC ENGINE	DEVIL'S CRUSH - NAXAT PINBALL (USA)	ROMS/PCE/Devil's Crush - Naxat Pinball (USA).zip	RETROARCH	mednafen_pce_fast_libretro.so
PLAY	PC ENGINE	DIE HARD (JAPAN)	ROMS/PCE/Die Hard (Japan).zip	RETROARCH	mednafen_pce_fast_libretro.so
PLAY	PC ENGINE	DIGITAL CHAMP (JAPAN)	ROMS/PCE/Digital Champ (Japan).zip	RETROARCH	mednafen_pce_fast_libretro.so
PLAY	PC ENGINE	DON DOKO DON! (JAPAN)	ROMS/PCE/Don Doko Don! (Japan).zip	RETROARCH	mednafen_pce_fast_libretro.so
PLAY	PC ENGINE	DORAEMON - MEIKYUU DAI SAKUSEN (JAPAN)	ROMS/PCE/Doraemon - Meikyuu Dai Sakusen (Japan).zip	RETROARCH	mednafen_pce_fast_libretro.so
PLAY	PC ENGINE	DORAEMON - NOBITA NO DORABIAN NIGHT (JAPAN)	ROMS/PCE/Doraemon - Nobita no Dorabian Night (Japan).zip	RETROARCH	mednafen_pce_fast_libretro.so
PLAY	PC ENGINE	DOUBLE DUNGEONS - W (USA)	ROMS/PCE/Double Dungeons - W (USA).zip	RETROARCH	mednafen_pce_fast_libretro.so
PLAY	PC ENGINE	DOWNLOAD (JAPAN)	ROMS/PCE/Download (Japan).zip	RETROARCH	mednafen_pce_fast_libretro.so
PLAY	PC ENGINE	DRAGON EGG! (JAPAN)	ROMS/PCE/Dragon Egg! (Japan).zip	RETROARCH	mednafen_pce_fast_libretro.so
PLAY	PC ENGINE	DRAGON SABER - AFTER STORY OF DRAGON SPIRIT (JAPAN)	ROMS/PCE/Dragon Saber - After Story of Dragon Spirit (Japan).zip	RETROARCH	mednafen_pce_fast_libretro.so
PLAY	PC ENGINE	DRAGON SPIRIT (USA)	ROMS/PCE/Dragon Spirit (USA).zip	RETROARCH	mednafen_pce_fast_libretro.so
PLAY	PC ENGINE	DRAGON'S CURSE (USA)	ROMS/PCE/Dragon's Curse (USA).zip	RETROARCH	mednafen_pce_fast_libretro.so
PLAY	PC ENGINE	DROP ROCK HORA HORA (JAPAN)	ROMS/PCE/Drop Rock Hora Hora (Japan).zip	RETROARCH	mednafen_pce_fast_libretro.so
PLAY	PC ENGINE	DROP.OFF (USA)	ROMS/PCE/Drop.Off (USA).zip	RETROARCH	mednafen_pce_fast_libretro.so
PLAY	PC ENGINE	DUNGEON EXPLORER (USA)	ROMS/PCE/Dungeon Explorer (USA).zip	RETROARCH	mednafen_pce_fast_libretro.so
PLAY	PC ENGINE	ENERGY (JAPAN)	ROMS/PCE/Energy (Japan).zip	RETROARCH	mednafen_pce_fast_libretro.so
PLAY	PC ENGINE	F-1 DREAM (JAPAN)	ROMS/PCE/F-1 Dream (Japan).zip	RETROARCH	mednafen_pce_fast_libretro.so
PLAY	PC ENGINE	F-1 PILOT - YOU'RE KING OF KINGS (JAPAN)	ROMS/PCE/F-1 Pilot - You're King of Kings (Japan).zip	RETROARCH	mednafen_pce_fast_libretro.so
PLAY	PC ENGINE	F1 CIRCUS '91 - WORLD CHAMPIONSHIP (JAPAN)	ROMS/PCE/F1 Circus '91 - World Championship (Japan).zip	RETROARCH	mednafen_pce_fast_libretro.so
PLAY	PC ENGINE	F1 CIRCUS '92 - THE SPEED OF SOUND (JAPAN)	ROMS/PCE/F1 Circus '92 - The Speed of Sound (Japan).zip	RETROARCH	mednafen_pce_fast_libretro.so
PLAY	PC ENGINE	F1 CIRCUS (JAPAN)	ROMS/PCE/F1 Circus (Japan).zip	RETROARCH	mednafen_pce_fast_libretro.so
PLAY	PC ENGINE	F1 TRIPLE BATTLE (JAPAN)	ROMS/PCE/F1 Triple Battle (Japan).zip	RETROARCH	mednafen_pce_fast_libretro.so
PLAY	PC ENGINE	FALCON (USA)	ROMS/PCE/Falcon (USA).zip	RETROARCH	mednafen_pce_fast_libretro.so
PLAY	PC ENGINE	FANTASY ZONE (USA)	ROMS/PCE/Fantasy Zone (USA).zip	RETROARCH	mednafen_pce_fast_libretro.so
PLAY	PC ENGINE	FIGHTING RUN (JAPAN)	ROMS/PCE/Fighting Run (Japan).zip	RETROARCH	mednafen_pce_fast_libretro.so
PLAY	PC ENGINE	FINAL BLASTER (JAPAN)	ROMS/PCE/Final Blaster (Japan).zip	RETROARCH	mednafen_pce_fast_libretro.so
PLAY	PC ENGINE	FINAL LAP TWIN (USA)	ROMS/PCE/Final Lap Twin (USA).zip	RETROARCH	mednafen_pce_fast_libretro.so
PLAY	PC ENGINE	FINAL MATCH TENNIS (JAPAN)	ROMS/PCE/Final Match Tennis (Japan).zip	RETROARCH	mednafen_pce_fast_libretro.so
PLAY	PC ENGINE	FINAL SOLDIER (JAPAN)	ROMS/PCE/Final Soldier (Japan).zip	RETROARCH	mednafen_pce_fast_libretro.so
PLAY	PC ENGINE	FIRE PRO WRESTLING - COMBINATION TAG (JAPAN)	ROMS/PCE/Fire Pro Wrestling - Combination Tag (Japan).zip	RETROARCH	mednafen_pce_fast_libretro.so
PLAY	PC ENGINE	FIRE PRO WRESTLING 2 - 2ND BOUT (JAPAN)	ROMS/PCE/Fire Pro Wrestling 2 - 2nd Bout (Japan).zip	RETROARCH	mednafen_pce_fast_libretro.so
PLAY	PC ENGINE	FIRE PRO WRESTLING 3 - LEGEND BOUT (JAPAN)	ROMS/PCE/Fire Pro Wrestling 3 - Legend Bout (Japan).zip	RETROARCH	mednafen_pce_fast_libretro.so
PLAY	PC ENGINE	FORMATION ARMED F (JAPAN)	ROMS/PCE/Formation Armed F (Japan).zip	RETROARCH	mednafen_pce_fast_libretro.so
PLAY	PC ENGINE	FORMATION SOCCER - HUMAN CUP '90 (JAPAN)	ROMS/PCE/Formation Soccer - Human Cup '90 (Japan).zip	RETROARCH	mednafen_pce_fast_libretro.so
PLAY	PC ENGINE	FORMATION SOCCER - ON J-LEAGUE (JAPAN)	ROMS/PCE/Formation Soccer - On J-League (Japan).zip	RETROARCH	mednafen_pce_fast_libretro.so
PLAY	PC ENGINE	FUSHIGI NO YUME NO ALICE (JAPAN)	ROMS/PCE/Fushigi no Yume no Alice (Japan).zip	RETROARCH	mednafen_pce_fast_libretro.so
PLAY	PC ENGINE	GAI FLAME (JAPAN)	ROMS/PCE/Gai Flame (Japan).zip	RETROARCH	mednafen_pce_fast_libretro.so
PLAY	PC ENGINE	GAIA NO MONSHOU (JAPAN)	ROMS/PCE/Gaia no Monshou (Japan).zip	RETROARCH	mednafen_pce_fast_libretro.so
PLAY	PC ENGINE	GALAGA '88 (JAPAN)	ROMS/PCE/Galaga '88 (Japan).zip	RETROARCH	mednafen_pce_fast_libretro.so
PLAY	PC ENGINE	GALAGA '90 (USA)	ROMS/PCE/Galaga '90 (USA).zip	RETROARCH	mednafen_pce_fast_libretro.so
PLAY	PC ENGINE	GANBARE! GOLF BOYS (JAPAN)	ROMS/PCE/Ganbare! Golf Boys (Japan).zip	RETROARCH	mednafen_pce_fast_libretro.so
PLAY	PC ENGINE	GEKISHA BOY (JAPAN)	ROMS/PCE/Gekisha Boy (Japan).zip	RETROARCH	mednafen_pce_fast_libretro.so
PLAY	PC ENGINE	GENJI TSUUSHIN AGEDAMA (JAPAN)	ROMS/PCE/Genji Tsuushin Agedama (Japan).zip	RETROARCH	mednafen_pce_fast_libretro.so
PLAY	PC ENGINE	GENPEI TOUMADEN (JAPAN)	ROMS/PCE/Genpei Toumaden (Japan).zip	RETROARCH	mednafen_pce_fast_libretro.so
PLAY	PC ENGINE	GENPEI TOUMADEN NI NO MAKI (JAPAN)	ROMS/PCE/Genpei Toumaden Ni no Maki (Japan).zip	RETROARCH	mednafen_pce_fast_libretro.so
PLAY	PC ENGINE	GHOST MANOR (USA)	ROMS/PCE/Ghost Manor (USA).zip	RETROARCH	mednafen_pce_fast_libretro.so
PLAY	PC ENGINE	GOKURAKU! CHUUKA TAISEN (JAPAN)	ROMS/PCE/Gokuraku! Chuuka Taisen (Japan).zip	RETROARCH	mednafen_pce_fast_libretro.so
PLAY	PC ENGINE	GOMOLA SPEED (JAPAN)	ROMS/PCE/Gomola Speed (Japan).zip	RETROARCH	mednafen_pce_fast_libretro.so
PLAY	PC ENGINE	GRADIUS (JAPAN)	ROMS/PCE/Gradius (Japan).zip	RETROARCH	mednafen_pce_fast_libretro.so
PLAY	PC ENGINE	GUNBOAT (USA)	ROMS/PCE/Gunboat (USA).zip	RETROARCH	mednafen_pce_fast_libretro.so
PLAY	PC ENGINE	GUNHED (JAPAN)	ROMS/PCE/Gunhed (Japan).zip	RETROARCH	mednafen_pce_fast_libretro.so
PLAY	PC ENGINE	HANA TAAKA DAKA! (JAPAN)	ROMS/PCE/Hana Taaka Daka! (Japan).zip	RETROARCH	mednafen_pce_fast_libretro.so
PLAY	PC ENGINE	HANY ON THE ROAD (JAPAN)	ROMS/PCE/Hany on the Road (Japan).zip	RETROARCH	mednafen_pce_fast_libretro.so
PLAY	PC ENGINE	HATRIS (JAPAN)	ROMS/PCE/Hatris (Japan).zip	RETROARCH	mednafen_pce_fast_libretro.so
PLAY	PC ENGINE	HEAVY UNIT (JAPAN)	ROMS/PCE/Heavy Unit (Japan).zip	RETROARCH	mednafen_pce_fast_libretro.so
PLAY	PC ENGINE	HISOU KIHEI - XSERD (JAPAN)	ROMS/PCE/Hisou Kihei - Xserd (Japan).zip	RETROARCH	mednafen_pce_fast_libretro.so
PLAY	PC ENGINE	HIT THE ICE - VHL THE OFFICIAL VIDEO HOCKEY LEAGUE (USA)	ROMS/PCE/Hit the Ice - VHL the Official Video Hockey League (USA).zip	RETROARCH	mednafen_pce_fast_libretro.so
PLAY	PC ENGINE	HONOO NO TOUKYUUJI DODGE DANPEI (JAPAN)	ROMS/PCE/Honoo no Toukyuuji Dodge Danpei (Japan).zip	RETROARCH	mednafen_pce_fast_libretro.so
PLAY	PC ENGINE	IDOL HANAFUDA FAN CLUB (JAPAN)	ROMS/PCE/Idol Hanafuda Fan Club (Japan).zip	RETROARCH	mednafen_pce_fast_libretro.so
PLAY	PC ENGINE	IMAGE FIGHT (JAPAN)	ROMS/PCE/Image Fight (Japan).zip	RETROARCH	mednafen_pce_fast_libretro.so
PLAY	PC ENGINE	IMPOSSAMOLE (USA)	ROMS/PCE/Impossamole (USA).zip	RETROARCH	mednafen_pce_fast_libretro.so
PLAY	PC ENGINE	J-LEAGUE GREATEST ELEVEN (JAPAN)	ROMS/PCE/J-League Greatest Eleven (Japan).zip	RETROARCH	mednafen_pce_fast_libretro.so
PLAY	PC ENGINE	J.J. & JEFF (USA)	ROMS/PCE/J.J. & Jeff (USA).zip	RETROARCH	mednafen_pce_fast_libretro.so
PLAY	PC ENGINE	JACK NICKLAUS' GREATEST 18 HOLES OF MAJOR CHAMPIONSHIP GOLF (JAPAN)	ROMS/PCE/Jack Nicklaus' Greatest 18 Holes of Major Championship Golf (Japan).zip	RETROARCH	mednafen_pce_fast_libretro.so
PLAY	PC ENGINE	JACK NICKLAUS' TURBO GOLF (USA)	ROMS/PCE/Jack Nicklaus' Turbo Golf (USA).zip	RETROARCH	mednafen_pce_fast_libretro.so
PLAY	PC ENGINE	JACKIE CHAN'S ACTION KUNG FU (USA)	ROMS/PCE/Jackie Chan's Action Kung Fu (USA).zip	RETROARCH	mednafen_pce_fast_libretro.so
PLAY	PC ENGINE	JIGOKU MEGURI (JAPAN)	ROMS/PCE/Jigoku Meguri (Japan).zip	RETROARCH	mednafen_pce_fast_libretro.so
PLAY	PC ENGINE	JINMU DENSHOU (JAPAN)	ROMS/PCE/Jinmu Denshou (Japan).zip	RETROARCH	mednafen_pce_fast_libretro.so
PLAY	PC ENGINE	JUUOUKI (JAPAN)	ROMS/PCE/Juuouki (Japan).zip	RETROARCH	mednafen_pce_fast_libretro.so
PLAY	PC ENGINE	KAIZOU CHOUJIN SHUBIBINMAN (JAPAN)	ROMS/PCE/Kaizou Choujin Shubibinman (Japan).zip	RETROARCH	mednafen_pce_fast_libretro.so
PLAY	PC ENGINE	KAIZOU CHOUJIN SHUBIBINMAN 2 - ARATANARU TEKI (JAPAN)	ROMS/PCE/Kaizou Choujin Shubibinman 2 - Aratanaru Teki (Japan).zip	RETROARCH	mednafen_pce_fast_libretro.so
PLAY	PC ENGINE	KATO CHAN & KEN CHAN (JAPAN)	ROMS/PCE/Kato Chan & Ken Chan (Japan).zip	RETROARCH	mednafen_pce_fast_libretro.so
PLAY	PC ENGINE	KATTOBI! TAKUHAI KUN (JAPAN)	ROMS/PCE/Kattobi! Takuhai Kun (Japan).zip	RETROARCH	mednafen_pce_fast_libretro.so
PLAY	PC ENGINE	KEITH COURAGE IN ALPHA ZONES (USA)	ROMS/PCE/Keith Courage in Alpha Zones (USA).zip	RETROARCH	mednafen_pce_fast_libretro.so
PLAY	PC ENGINE	KICKBALL (JAPAN)	ROMS/PCE/KickBall (Japan).zip	RETROARCH	mednafen_pce_fast_libretro.so
PLAY	PC ENGINE	KIKI KAIKAI (JAPAN)	ROMS/PCE/Kiki Kaikai (Japan).zip	RETROARCH	mednafen_pce_fast_libretro.so
PLAY	PC ENGINE	KING OF CASINO (USA)	ROMS/PCE/King of Casino (USA).zip	RETROARCH	mednafen_pce_fast_libretro.so
PLAY	PC ENGINE	KLAX (USA)	ROMS/PCE/Klax (USA).zip	RETROARCH	mednafen_pce_fast_libretro.so
PLAY	PC ENGINE	KNIGHT RIDER SPECIAL (JAPAN)	ROMS/PCE/Knight Rider Special (Japan).zip	RETROARCH	mednafen_pce_fast_libretro.so
PLAY	PC ENGINE	KORE GA PRO YAKYUU '89 (JAPAN)	ROMS/PCE/Kore ga Pro Yakyuu '89 (Japan).zip	RETROARCH	mednafen_pce_fast_libretro.so
PLAY	PC ENGINE	KYUUKYOKU TIGER (JAPAN)	ROMS/PCE/Kyuukyoku Tiger (Japan).zip	RETROARCH	mednafen_pce_fast_libretro.so
PLAY	PC ENGINE	LADY SWORD (JAPAN)	ROMS/PCE/Lady Sword (Japan).zip	RETROARCH	mednafen_pce_fast_libretro.so
PLAY	PC ENGINE	LEGEND OF HERO TONMA (USA)	ROMS/PCE/Legend of Hero Tonma (USA).zip	RETROARCH	mednafen_pce_fast_libretro.so
PLAY	PC ENGINE	LEGENDARY AXE II, THE (USA)	ROMS/PCE/Legendary Axe II, The (USA).zip	RETROARCH	mednafen_pce_fast_libretro.so
PLAY	PC ENGINE	LEGENDARY AXE, THE (USA)	ROMS/PCE/Legendary Axe, The (USA).zip	RETROARCH	mednafen_pce_fast_libretro.so
PLAY	PC ENGINE	LODE RUNNER - LOST LABYRINTH (JAPAN)	ROMS/PCE/Lode Runner - Lost Labyrinth (Japan).zip	RETROARCH	mednafen_pce_fast_libretro.so
PLAY	PC ENGINE	MAERCHEN MAZE (JAPAN)	ROMS/PCE/Maerchen Maze (Japan).zip	RETROARCH	mednafen_pce_fast_libretro.so
PLAY	PC ENGINE	MAGICAL CHASE (USA)	ROMS/PCE/Magical Chase (USA).zip	RETROARCH	mednafen_pce_fast_libretro.so
PLAY	PC ENGINE	MAISON IKKOKU (JAPAN)	ROMS/PCE/Maison Ikkoku (Japan).zip	RETROARCH	mednafen_pce_fast_libretro.so
PLAY	PC ENGINE	MAJIN EIYUU DEN WATARU (JAPAN)	ROMS/PCE/Majin Eiyuu Den Wataru (Japan).zip	RETROARCH	mednafen_pce_fast_libretro.so
PLAY	PC ENGINE	MAKAI HAKKEN DEN SHADA (JAPAN)	ROMS/PCE/Makai Hakken Den Shada (Japan).zip	RETROARCH	mednafen_pce_fast_libretro.so
PLAY	PC ENGINE	MAKAI PRINCE DORABOCCHAN (JAPAN)	ROMS/PCE/Makai Prince Dorabocchan (Japan).zip	RETROARCH	mednafen_pce_fast_libretro.so
PLAY	PC ENGINE	MESOPOTAMIA (JAPAN)	ROMS/PCE/Mesopotamia (Japan).zip	RETROARCH	mednafen_pce_fast_libretro.so
PLAY	PC ENGINE	METAL STOKER (JAPAN)	ROMS/PCE/Metal Stoker (Japan).zip	RETROARCH	mednafen_pce_fast_libretro.so
PLAY	PC ENGINE	MILITARY MADNESS (USA)	ROMS/PCE/Military Madness (USA).zip	RETROARCH	mednafen_pce_fast_libretro.so
PLAY	PC ENGINE	MIZUBAKU DAI BOUKEN (JAPAN)	ROMS/PCE/Mizubaku Dai Bouken (Japan).zip	RETROARCH	mednafen_pce_fast_libretro.so
PLAY	PC ENGINE	MOMOTAROU KATSUGEKI (JAPAN)	ROMS/PCE/Momotarou Katsugeki (Japan).zip	RETROARCH	mednafen_pce_fast_libretro.so
PLAY	PC ENGINE	MORITA SHOUGI PC (JAPAN)	ROMS/PCE/Morita Shougi PC (Japan).zip	RETROARCH	mednafen_pce_fast_libretro.so
PLAY	PC ENGINE	MOTO ROADER (USA)	ROMS/PCE/Moto Roader (USA).zip	RETROARCH	mednafen_pce_fast_libretro.so
PLAY	PC ENGINE	MOTO ROADER II (JAPAN)	ROMS/PCE/Moto Roader II (Japan).zip	RETROARCH	mednafen_pce_fast_libretro.so
PLAY	PC ENGINE	MR. HELI NO DAIBOUKEN (JAPAN)	ROMS/PCE/Mr. Heli no Daibouken (Japan).zip	RETROARCH	mednafen_pce_fast_libretro.so
PLAY	PC ENGINE	NARAZUMONO SENTAI BUTAI - BLOODY WOLF (JAPAN)	ROMS/PCE/Narazumono Sentai Butai - Bloody Wolf (Japan).zip	RETROARCH	mednafen_pce_fast_libretro.so
PLAY	PC ENGINE	NAXAT OPEN (JAPAN)	ROMS/PCE/Naxat Open (Japan).zip	RETROARCH	mednafen_pce_fast_libretro.so
PLAY	PC ENGINE	NAXAT STADIUM (JAPAN)	ROMS/PCE/Naxat Stadium (Japan).zip	RETROARCH	mednafen_pce_fast_libretro.so
PLAY	PC ENGINE	NAZO NO MASCARADE (JAPAN)	ROMS/PCE/Nazo no Mascarade (Japan).zip	RETROARCH	mednafen_pce_fast_libretro.so
PLAY	PC ENGINE	NECROMANCER (JAPAN)	ROMS/PCE/Necromancer (Japan).zip	RETROARCH	mednafen_pce_fast_libretro.so
PLAY	PC ENGINE	NECROS NO YOUSAI (JAPAN)	ROMS/PCE/Necros no Yousai (Japan).zip	RETROARCH	mednafen_pce_fast_libretro.so
PLAY	PC ENGINE	NECTARIS (JAPAN)	ROMS/PCE/Nectaris (Japan).zip	RETROARCH	mednafen_pce_fast_libretro.so
PLAY	PC ENGINE	NEUTOPIA (USA)	ROMS/PCE/Neutopia (USA).zip	RETROARCH	mednafen_pce_fast_libretro.so
PLAY	PC ENGINE	NEUTOPIA II (USA)	ROMS/PCE/Neutopia II (USA).zip	RETROARCH	mednafen_pce_fast_libretro.so
PLAY	PC ENGINE	NEW ADVENTURE ISLAND (USA)	ROMS/PCE/New Adventure Island (USA).zip	RETROARCH	mednafen_pce_fast_libretro.so
PLAY	PC ENGINE	NEW ZEALAND STORY, THE (JAPAN)	ROMS/PCE/New Zealand Story, The (Japan).zip	RETROARCH	mednafen_pce_fast_libretro.so
PLAY	PC ENGINE	NHK TAIGA DRAMA - TAIHEIKI (JAPAN)	ROMS/PCE/NHK Taiga Drama - Taiheiki (Japan).zip	RETROARCH	mednafen_pce_fast_libretro.so
PLAY	PC ENGINE	NIGHT CREATURES (USA)	ROMS/PCE/Night Creatures (USA).zip	RETROARCH	mednafen_pce_fast_libretro.so
PLAY	PC ENGINE	NIKO NIKO PUN (JAPAN)	ROMS/PCE/Niko Niko Pun (Japan).zip	RETROARCH	mednafen_pce_fast_libretro.so
PLAY	PC ENGINE	NINJA RYUUKEN DEN (JAPAN)	ROMS/PCE/Ninja Ryuuken Den (Japan).zip	RETROARCH	mednafen_pce_fast_libretro.so
PLAY	PC ENGINE	NINJA SPIRIT (USA)	ROMS/PCE/Ninja Spirit (USA).zip	RETROARCH	mednafen_pce_fast_libretro.so
PLAY	PC ENGINE	NINJA WARRIORS, THE (JAPAN)	ROMS/PCE/Ninja Warriors, The (Japan).zip	RETROARCH	mednafen_pce_fast_libretro.so
PLAY	PC ENGINE	OBOCCHAMA KUN (JAPAN)	ROMS/PCE/Obocchama Kun (Japan).zip	RETROARCH	mednafen_pce_fast_libretro.so
PLAY	PC ENGINE	OPERATION WOLF (JAPAN)	ROMS/PCE/Operation Wolf (Japan).zip	RETROARCH	mednafen_pce_fast_libretro.so
PLAY	PC ENGINE	ORDER OF THE GRIFFON (USA)	ROMS/PCE/Order of the Griffon (USA).zip	RETROARCH	mednafen_pce_fast_libretro.so
PLAY	PC ENGINE	ORDYNE (USA)	ROMS/PCE/Ordyne (USA).zip	RETROARCH	mednafen_pce_fast_libretro.so
PLAY	PC ENGINE	OUT LIVE (JAPAN)	ROMS/PCE/Out Live (Japan).zip	RETROARCH	mednafen_pce_fast_libretro.so
PLAY	PC ENGINE	OUT RUN (JAPAN)	ROMS/PCE/Out Run (Japan).zip	RETROARCH	mednafen_pce_fast_libretro.so
PLAY	PC ENGINE	OVERRIDE (JAPAN)	ROMS/PCE/Override (Japan).zip	RETROARCH	mednafen_pce_fast_libretro.so
PLAY	PC ENGINE	PAC-LAND (USA)	ROMS/PCE/Pac-Land (USA).zip	RETROARCH	mednafen_pce_fast_libretro.so
PLAY	PC ENGINE	PACHIO KUN - JUUBAN SHOUBU (JAPAN)	ROMS/PCE/Pachio Kun - Juuban Shoubu (Japan).zip	RETROARCH	mednafen_pce_fast_libretro.so
PLAY	PC ENGINE	PANZA KICK BOXING (USA)	ROMS/PCE/Panza Kick Boxing (USA).zip	RETROARCH	mednafen_pce_fast_libretro.so
PLAY	PC ENGINE	PARANOIA (JAPAN)	ROMS/PCE/Paranoia (Japan).zip	RETROARCH	mednafen_pce_fast_libretro.so
PLAY	PC ENGINE	PARASOL STARS - THE STORY OF BUBBLE BOBBLE III (USA)	ROMS/PCE/Parasol Stars - The Story of Bubble Bobble III (USA).zip	RETROARCH	mednafen_pce_fast_libretro.so
PLAY	PC ENGINE	PARODIUS DA! - SHINWA KARA OWARAI HE (JAPAN)	ROMS/PCE/Parodius da! - Shinwa Kara Owarai he (Japan).zip	RETROARCH	mednafen_pce_fast_libretro.so
PLAY	PC ENGINE	PC DENJIN - PUNKIC CYBORGS (JAPAN)	ROMS/PCE/PC Denjin - Punkic Cyborgs (Japan).zip	RETROARCH	mednafen_pce_fast_libretro.so
PLAY	PC ENGINE	PC GENJIN - PITHECANTHROPUS COMPUTERURUS (JAPAN)	ROMS/PCE/PC Genjin - Pithecanthropus Computerurus (Japan).zip	RETROARCH	mednafen_pce_fast_libretro.so
PLAY	PC ENGINE	PC GENJIN 2 - PITHECANTHROPUS COMPUTERURUS (JAPAN)	ROMS/PCE/PC Genjin 2 - Pithecanthropus Computerurus (Japan).zip	RETROARCH	mednafen_pce_fast_libretro.so
PLAY	PC ENGINE	PC GENJIN 3 - PITHECANTHROPUS COMPUTERURUS (JAPAN)	ROMS/PCE/PC Genjin 3 - Pithecanthropus Computerurus (Japan).zip	RETROARCH	mednafen_pce_fast_libretro.so
PLAY	PC ENGINE	PC PACHI-SLOT (JAPAN)	ROMS/PCE/PC Pachi-Slot (Japan).zip	RETROARCH	mednafen_pce_fast_libretro.so
PLAY	PC ENGINE	POPULOUS (JAPAN)	ROMS/PCE/Populous (Japan).zip	RETROARCH	mednafen_pce_fast_libretro.so
PLAY	PC ENGINE	POWER DRIFT (JAPAN)	ROMS/PCE/Power Drift (Japan).zip	RETROARCH	mednafen_pce_fast_libretro.so
PLAY	PC ENGINE	POWER ELEVEN (JAPAN)	ROMS/PCE/Power Eleven (Japan).zip	RETROARCH	mednafen_pce_fast_libretro.so
PLAY	PC ENGINE	POWER GATE (JAPAN)	ROMS/PCE/Power Gate (Japan).zip	RETROARCH	mednafen_pce_fast_libretro.so
PLAY	PC ENGINE	POWER GOLF (USA)	ROMS/PCE/Power Golf (USA).zip	RETROARCH	mednafen_pce_fast_libretro.so
PLAY	PC ENGINE	POWER LEAGUE '93 (JAPAN)	ROMS/PCE/Power League '93 (Japan).zip	RETROARCH	mednafen_pce_fast_libretro.so
PLAY	PC ENGINE	POWER LEAGUE (JAPAN)	ROMS/PCE/Power League (Japan).zip	RETROARCH	mednafen_pce_fast_libretro.so
PLAY	PC ENGINE	POWER LEAGUE II (JAPAN)	ROMS/PCE/Power League II (Japan).zip	RETROARCH	mednafen_pce_fast_libretro.so
PLAY	PC ENGINE	POWER LEAGUE III (JAPAN)	ROMS/PCE/Power League III (Japan).zip	RETROARCH	mednafen_pce_fast_libretro.so
PLAY	PC ENGINE	POWER LEAGUE IV (JAPAN)	ROMS/PCE/Power League IV (Japan).zip	RETROARCH	mednafen_pce_fast_libretro.so
PLAY	PC ENGINE	POWER LEAGUE V (JAPAN)	ROMS/PCE/Power League V (Japan).zip	RETROARCH	mednafen_pce_fast_libretro.so
PLAY	PC ENGINE	POWER SPORTS (JAPAN)	ROMS/PCE/Power Sports (Japan).zip	RETROARCH	mednafen_pce_fast_libretro.so
PLAY	PC ENGINE	POWER TENNIS (JAPAN)	ROMS/PCE/Power Tennis (Japan).zip	RETROARCH	mednafen_pce_fast_libretro.so
PLAY	PC ENGINE	PRO TENNIS WORLD COURT (JAPAN)	ROMS/PCE/Pro Tennis World Court (Japan).zip	RETROARCH	mednafen_pce_fast_libretro.so
PLAY	PC ENGINE	PRO YAKYUU WORLD STADIUM '91 (JAPAN)	ROMS/PCE/Pro Yakyuu World Stadium '91 (Japan).zip	RETROARCH	mednafen_pce_fast_libretro.so
PLAY	PC ENGINE	PRO YAKYUU WORLD STADIUM (JAPAN)	ROMS/PCE/Pro Yakyuu World Stadium (Japan).zip	RETROARCH	mednafen_pce_fast_libretro.so
PLAY	PC ENGINE	PSYCHO CHASER (JAPAN)	ROMS/PCE/Psycho Chaser (Japan).zip	RETROARCH	mednafen_pce_fast_libretro.so
PLAY	PC ENGINE	PSYCHOSIS (USA)	ROMS/PCE/Psychosis (USA).zip	RETROARCH	mednafen_pce_fast_libretro.so
PLAY	PC ENGINE	PUZZLE BOY (JAPAN)	ROMS/PCE/Puzzle Boy (Japan).zip	RETROARCH	mednafen_pce_fast_libretro.so
PLAY	PC ENGINE	PUZZNIC (JAPAN)	ROMS/PCE/Puzznic (Japan).zip	RETROARCH	mednafen_pce_fast_libretro.so
PLAY	PC ENGINE	QUIZ TOUKOU SHASHIN (JAPAN)	ROMS/PCE/Quiz Toukou Shashin (Japan).zip	RETROARCH	mednafen_pce_fast_libretro.so
PLAY	PC ENGINE	R-TYPE (USA)	ROMS/PCE/R-Type (USA).zip	RETROARCH	mednafen_pce_fast_libretro.so
PLAY	PC ENGINE	R-TYPE PART-1 (JAPAN)	ROMS/PCE/R-Type Part-1 (Japan).zip	RETROARCH	mednafen_pce_fast_libretro.so
PLAY	PC ENGINE	R-TYPE PART-2 (JAPAN)	ROMS/PCE/R-Type Part-2 (Japan).zip	RETROARCH	mednafen_pce_fast_libretro.so
PLAY	PC ENGINE	RABIO LEPUS SPECIAL (JAPAN)	ROMS/PCE/Rabio Lepus Special (Japan).zip	RETROARCH	mednafen_pce_fast_libretro.so
PLAY	PC ENGINE	RACING DAMASHII (JAPAN)	ROMS/PCE/Racing Damashii (Japan).zip	RETROARCH	mednafen_pce_fast_libretro.so
PLAY	PC ENGINE	RAIDEN (USA)	ROMS/PCE/Raiden (USA).zip	RETROARCH	mednafen_pce_fast_libretro.so
PLAY	PC ENGINE	RASTAN SAGA II (JAPAN)	ROMS/PCE/Rastan Saga II (Japan).zip	RETROARCH	mednafen_pce_fast_libretro.so
PLAY	PC ENGINE	ROCK-ON (JAPAN)	ROMS/PCE/Rock-On (Japan).zip	RETROARCH	mednafen_pce_fast_libretro.so
PLAY	PC ENGINE	SADAKICHI 7 SERIES - HIDEYOSHI NO OUGON (JAPAN)	ROMS/PCE/Sadakichi 7 Series - Hideyoshi no Ougon (Japan).zip	RETROARCH	mednafen_pce_fast_libretro.so
PLAY	PC ENGINE	SAIGO NO NINDOU - NINJA SPIRIT (JAPAN)	ROMS/PCE/Saigo no Nindou - Ninja Spirit (Japan).zip	RETROARCH	mednafen_pce_fast_libretro.so
PLAY	PC ENGINE	SALAMANDER (JAPAN)	ROMS/PCE/Salamander (Japan).zip	RETROARCH	mednafen_pce_fast_libretro.so
PLAY	PC ENGINE	SAMURAI-GHOST (USA)	ROMS/PCE/Samurai-Ghost (USA).zip	RETROARCH	mednafen_pce_fast_libretro.so
PLAY	PC ENGINE	SEKIGAHARA (JAPAN)	ROMS/PCE/Sekigahara (Japan).zip	RETROARCH	mednafen_pce_fast_libretro.so
PLAY	PC ENGINE	SHANGHAI (JAPAN)	ROMS/PCE/Shanghai (Japan).zip	RETROARCH	mednafen_pce_fast_libretro.so
PLAY	PC ENGINE	SHIRYOU SENSEN (JAPAN)	ROMS/PCE/Shiryou Sensen (Japan).zip	RETROARCH	mednafen_pce_fast_libretro.so
PLAY	PC ENGINE	SHOCKMAN (USA)	ROMS/PCE/Shockman (USA).zip	RETROARCH	mednafen_pce_fast_libretro.so
PLAY	PC ENGINE	SHOUGI SHODAN ICCHOKUSEN (JAPAN)	ROMS/PCE/Shougi Shodan Icchokusen (Japan).zip	RETROARCH	mednafen_pce_fast_libretro.so
PLAY	PC ENGINE	SHOUGI SHOSHINSHA MUYOU (JAPAN)	ROMS/PCE/Shougi Shoshinsha Muyou (Japan).zip	RETROARCH	mednafen_pce_fast_libretro.so
PLAY	PC ENGINE	SIDEARMS - HYPER DYNE (USA)	ROMS/PCE/SideArms - Hyper Dyne (USA).zip	RETROARCH	mednafen_pce_fast_libretro.so
PLAY	PC ENGINE	SILENT DEBUGGERS (JAPAN)	ROMS/PCE/Silent Debuggers (Japan).zip	RETROARCH	mednafen_pce_fast_libretro.so
PLAY	PC ENGINE	SILENT DEBUGGERS (USA)	ROMS/PCE/Silent Debuggers (USA).zip	RETROARCH	mednafen_pce_fast_libretro.so
PLAY	PC ENGINE	SINDIBAD CHITEI NO DAI MAKYUU (JAPAN)	ROMS/PCE/Sindibad Chitei no Dai Makyuu (Japan).zip	RETROARCH	mednafen_pce_fast_libretro.so
PLAY	PC ENGINE	SINISTRON (USA)	ROMS/PCE/Sinistron (USA).zip	RETROARCH	mednafen_pce_fast_libretro.so
PLAY	PC ENGINE	SKWEEK (JAPAN)	ROMS/PCE/Skweek (Japan).zip	RETROARCH	mednafen_pce_fast_libretro.so
PLAY	PC ENGINE	SOLDIER BLADE (USA)	ROMS/PCE/Soldier Blade (USA).zip	RETROARCH	mednafen_pce_fast_libretro.so
PLAY	PC ENGINE	SOMER ASSAULT (USA)	ROMS/PCE/Somer Assault (USA).zip	RETROARCH	mednafen_pce_fast_libretro.so
PLAY	PC ENGINE	SON SON II (JAPAN)	ROMS/PCE/Son Son II (Japan).zip	RETROARCH	mednafen_pce_fast_libretro.so
PLAY	PC ENGINE	SOUKOBAN WORLD (JAPAN)	ROMS/PCE/Soukoban World (Japan).zip	RETROARCH	mednafen_pce_fast_libretro.so
PLAY	PC ENGINE	SPACE HARRIER (USA)	ROMS/PCE/Space Harrier (USA).zip	RETROARCH	mednafen_pce_fast_libretro.so
PLAY	PC ENGINE	SPACE INVADERS - FUKKATSU NO HI (JAPAN)	ROMS/PCE/Space Invaders - Fukkatsu no Hi (Japan).zip	RETROARCH	mednafen_pce_fast_libretro.so
PLAY	PC ENGINE	SPECIAL CRIMINAL INVESTIGATION (JAPAN)	ROMS/PCE/Special Criminal Investigation (Japan).zip	RETROARCH	mednafen_pce_fast_libretro.so
PLAY	PC ENGINE	SPIN PAIR (JAPAN)	ROMS/PCE/Spin Pair (Japan).zip	RETROARCH	mednafen_pce_fast_libretro.so
PLAY	PC ENGINE	SPIRAL WAVE (JAPAN)	ROMS/PCE/Spiral Wave (Japan).zip	RETROARCH	mednafen_pce_fast_libretro.so
PLAY	PC ENGINE	SPLATTERHOUSE (USA)	ROMS/PCE/Splatterhouse (USA).zip	RETROARCH	mednafen_pce_fast_libretro.so
PLAY	PC ENGINE	STRATEGO (JAPAN)	ROMS/PCE/Stratego (Japan).zip	RETROARCH	mednafen_pce_fast_libretro.so
PLAY	PC ENGINE	STREET FIGHTER II' - CHAMPION EDITION (JAPAN)	ROMS/PCE/Street Fighter II' - Champion Edition (Japan).zip	RETROARCH	mednafen_pce_fast_libretro.so
PLAY	PC ENGINE	SUPER METAL CRUSHER (JAPAN)	ROMS/PCE/Super Metal Crusher (Japan).zip	RETROARCH	mednafen_pce_fast_libretro.so
PLAY	PC ENGINE	SUPER MOMOTAROU DENTETSU (JAPAN)	ROMS/PCE/Super Momotarou Dentetsu (Japan).zip	RETROARCH	mednafen_pce_fast_libretro.so
PLAY	PC ENGINE	SUPER MOMOTAROU DENTETSU II (JAPAN)	ROMS/PCE/Super Momotarou Dentetsu II (Japan).zip	RETROARCH	mednafen_pce_fast_libretro.so
PLAY	PC ENGINE	SUPER STAR SOLDIER (USA)	ROMS/PCE/Super Star Soldier (USA).zip	RETROARCH	mednafen_pce_fast_libretro.so
PLAY	PC ENGINE	SUPER VOLLEYBALL (USA)	ROMS/PCE/Super Volleyball (USA).zip	RETROARCH	mednafen_pce_fast_libretro.so
PLAY	PC ENGINE	TAITO CHASE H.Q. (JAPAN)	ROMS/PCE/Taito Chase H.Q. (Japan).zip	RETROARCH	mednafen_pce_fast_libretro.so
PLAY	PC ENGINE	TAITO CHASE H.Q. (USA)	ROMS/PCE/Taito Chase H.Q. (USA).zip	RETROARCH	mednafen_pce_fast_libretro.so
PLAY	PC ENGINE	TAKAHASHI MEIJIN NO SHIN BOUKENJIMA (JAPAN)	ROMS/PCE/Takahashi Meijin no Shin Boukenjima (Japan).zip	RETROARCH	mednafen_pce_fast_libretro.so
PLAY	PC ENGINE	TAKEDA SHINGEN (JAPAN)	ROMS/PCE/Takeda Shingen (Japan).zip	RETROARCH	mednafen_pce_fast_libretro.so
PLAY	PC ENGINE	TAKIN' IT TO THE HOOP (USA)	ROMS/PCE/Takin' It to the Hoop (USA).zip	RETROARCH	mednafen_pce_fast_libretro.so
PLAY	PC ENGINE	TALESPIN (USA)	ROMS/PCE/TaleSpin (USA).zip	RETROARCH	mednafen_pce_fast_libretro.so
PLAY	PC ENGINE	TATSUNOKO FIGHTER (JAPAN)	ROMS/PCE/Tatsunoko Fighter (Japan).zip	RETROARCH	mednafen_pce_fast_libretro.so
PLAY	PC ENGINE	TENSEIRYUU - SAINT DRAGON (JAPAN)	ROMS/PCE/Tenseiryuu - Saint Dragon (Japan).zip	RETROARCH	mednafen_pce_fast_libretro.so
PLAY	PC ENGINE	TERRA CRESTA II - MANDORAA NO GYAKUSHUU (JAPAN)	ROMS/PCE/Terra Cresta II - Mandoraa no Gyakushuu (Japan).zip	RETROARCH	mednafen_pce_fast_libretro.so
PLAY	PC ENGINE	THUNDER BLADE (JAPAN)	ROMS/PCE/Thunder Blade (Japan).zip	RETROARCH	mednafen_pce_fast_libretro.so
PLAY	PC ENGINE	TIGER ROAD (USA)	ROMS/PCE/Tiger Road (USA).zip	RETROARCH	mednafen_pce_fast_libretro.so
PLAY	PC ENGINE	TIME CRUISE (USA)	ROMS/PCE/Time Cruise (USA).zip	RETROARCH	mednafen_pce_fast_libretro.so
PLAY	PC ENGINE	TIME CRUISE II (JAPAN)	ROMS/PCE/Time Cruise II (Japan).zip	RETROARCH	mednafen_pce_fast_libretro.so
PLAY	PC ENGINE	TIMEBALL (USA)	ROMS/PCE/Timeball (USA).zip	RETROARCH	mednafen_pce_fast_libretro.so
PLAY	PC ENGINE	TITAN (JAPAN)	ROMS/PCE/Titan (Japan).zip	RETROARCH	mednafen_pce_fast_libretro.so
PLAY	PC ENGINE	TOILET KIDS (JAPAN)	ROMS/PCE/Toilet Kids (Japan).zip	RETROARCH	mednafen_pce_fast_libretro.so
PLAY	PC ENGINE	TORA HENO MICHI (JAPAN)	ROMS/PCE/Tora heno Michi (Japan).zip	RETROARCH	mednafen_pce_fast_libretro.so
PLAY	PC ENGINE	TOSHI TENSOU KEIKAKU - ETERNAL CITY (JAPAN)	ROMS/PCE/Toshi Tensou Keikaku - Eternal City (Japan).zip	RETROARCH	mednafen_pce_fast_libretro.so
PLAY	PC ENGINE	TOWER OF DRUAGA, THE (JAPAN)	ROMS/PCE/Tower of Druaga, The (Japan).zip	RETROARCH	mednafen_pce_fast_libretro.so
PLAY	PC ENGINE	TOY SHOP BOYS (JAPAN)	ROMS/PCE/Toy Shop Boys (Japan).zip	RETROARCH	mednafen_pce_fast_libretro.so
PLAY	PC ENGINE	TRICKY (JAPAN)	ROMS/PCE/Tricky (Japan).zip	RETROARCH	mednafen_pce_fast_libretro.so
PLAY	PC ENGINE	TRICKY KICK (USA)	ROMS/PCE/Tricky Kick (USA).zip	RETROARCH	mednafen_pce_fast_libretro.so
PLAY	PC ENGINE	TSUPPARI OOZUMOU - HEISEI BAN (JAPAN)	ROMS/PCE/Tsuppari Oozumou - Heisei Ban (Japan).zip	RETROARCH	mednafen_pce_fast_libretro.so
PLAY	PC ENGINE	TSURU TERUHITO NO JISSEN KABUSHIKI BAI BAI GAME (JAPAN)	ROMS/PCE/Tsuru Teruhito no Jissen Kabushiki Bai Bai Game (Japan).zip	RETROARCH	mednafen_pce_fast_libretro.so
PLAY	PC ENGINE	TURRICAN (USA)	ROMS/PCE/Turrican (USA).zip	RETROARCH	mednafen_pce_fast_libretro.so
PLAY	PC ENGINE	TV SPORTS BASKETBALL (USA)	ROMS/PCE/TV Sports Basketball (USA).zip	RETROARCH	mednafen_pce_fast_libretro.so
PLAY	PC ENGINE	TV SPORTS FOOTBALL (USA)	ROMS/PCE/TV Sports Football (USA).zip	RETROARCH	mednafen_pce_fast_libretro.so
PLAY	PC ENGINE	TV SPORTS HOCKEY (USA)	ROMS/PCE/TV Sports Hockey (USA).zip	RETROARCH	mednafen_pce_fast_libretro.so
PLAY	PC ENGINE	USA PRO BASKETBALL (JAPAN)	ROMS/PCE/USA Pro Basketball (Japan).zip	RETROARCH	mednafen_pce_fast_libretro.so
PLAY	PC ENGINE	VEIGUES - TACTICAL GLADIATOR (USA)	ROMS/PCE/Veigues - Tactical Gladiator (USA).zip	RETROARCH	mednafen_pce_fast_libretro.so
PLAY	PC ENGINE	VICTORY RUN (USA)	ROMS/PCE/Victory Run (USA).zip	RETROARCH	mednafen_pce_fast_libretro.so
PLAY	PC ENGINE	VIGILANTE (USA)	ROMS/PCE/Vigilante (USA).zip	RETROARCH	mednafen_pce_fast_libretro.so
PLAY	PC ENGINE	VIOLENT SOLDIER (JAPAN)	ROMS/PCE/Violent Soldier (Japan).zip	RETROARCH	mednafen_pce_fast_libretro.so
PLAY	PC ENGINE	VOLFIED (JAPAN)	ROMS/PCE/Volfied (Japan).zip	RETROARCH	mednafen_pce_fast_libretro.so
PLAY	PC ENGINE	W-RING - THE DOUBLE RINGS (JAPAN)	ROMS/PCE/W-Ring - The Double Rings (Japan).zip	RETROARCH	mednafen_pce_fast_libretro.so
PLAY	PC ENGINE	WALLABY!! - USAGI NO KUNI NO KANGAROO RACE (JAPAN)	ROMS/PCE/Wallaby!! - Usagi no Kuni no Kangaroo Race (Japan).zip	RETROARCH	mednafen_pce_fast_libretro.so
PLAY	PC ENGINE	WINNING SHOT (JAPAN)	ROMS/PCE/Winning Shot (Japan).zip	RETROARCH	mednafen_pce_fast_libretro.so
PLAY	PC ENGINE	WONDER MOMO (JAPAN)	ROMS/PCE/Wonder Momo (Japan).zip	RETROARCH	mednafen_pce_fast_libretro.so
PLAY	PC ENGINE	WORLD BEACH VOLLEY (JAPAN)	ROMS/PCE/World Beach Volley (Japan).zip	RETROARCH	mednafen_pce_fast_libretro.so
PLAY	PC ENGINE	WORLD CIRCUIT (JAPAN)	ROMS/PCE/World Circuit (Japan).zip	RETROARCH	mednafen_pce_fast_libretro.so
PLAY	PC ENGINE	WORLD CLASS BASEBALL (USA)	ROMS/PCE/World Class Baseball (USA).zip	RETROARCH	mednafen_pce_fast_libretro.so
PLAY	PC ENGINE	WORLD COURT TENNIS (USA)	ROMS/PCE/World Court Tennis (USA).zip	RETROARCH	mednafen_pce_fast_libretro.so
PLAY	PC ENGINE	WORLD JOCKEY (JAPAN)	ROMS/PCE/World Jockey (Japan).zip	RETROARCH	mednafen_pce_fast_libretro.so
PLAY	PC ENGINE	WORLD SPORTS COMPETITION (USA)	ROMS/PCE/World Sports Competition (USA).zip	RETROARCH	mednafen_pce_fast_libretro.so
PLAY	PC ENGINE	YO, BRO (USA)	ROMS/PCE/Yo, Bro (USA).zip	RETROARCH	mednafen_pce_fast_libretro.so
PLAY	PC ENGINE	YOUKAI DOUCHUUKI (JAPAN)	ROMS/PCE/Youkai Douchuuki (Japan).zip	RETROARCH	mednafen_pce_fast_libretro.so
PLAY	PC ENGINE	YUU YUU JINSEI - VICTORY LIFE (JAPAN)	ROMS/PCE/Yuu Yuu Jinsei - Victory Life (Japan).zip	RETROARCH	mednafen_pce_fast_libretro.so
PLAY	PC ENGINE	ZERO 4 CHAMP (JAPAN)	ROMS/PCE/Zero 4 Champ (Japan).zip	RETROARCH	mednafen_pce_fast_libretro.so
PLAY	PC ENGINE	ZIPANG (JAPAN)	ROMS/PCE/Zipang (Japan).zip	RETROARCH	mednafen_pce_fast_libretro.so
PLAY	SEGA PICO	BREAKOUT_HERO	ROMS/PICO/Breakout_Hero.zip	RETROARCH	picodrive_libretro.so
PLAY	SEGA PICO	CAVE_RUNNERS	ROMS/PICO/Cave_Runners.zip	RETROARCH	picodrive_libretro.so
PLAY	SEGA PICO	CELESTE	ROMS/PICO/Celeste.zip	RETROARCH	picodrive_libretro.so
PLAY	SEGA PICO	CHERRY_BOMB	ROMS/PICO/Cherry_Bomb.zip	RETROARCH	picodrive_libretro.so
PLAY	SEGA PICO	CHRYSOPOEIA	ROMS/PICO/chrysopoeia.zip	RETROARCH	picodrive_libretro.so
PLAY	SEGA PICO	CRATER	ROMS/PICO/CRATER.zip	RETROARCH	picodrive_libretro.so
PLAY	SEGA PICO	DANCEJAB	ROMS/PICO/DanceJab.zip	RETROARCH	picodrive_libretro.so
PLAY	SEGA PICO	DEFACTO	ROMS/PICO/DeFacto.zip	RETROARCH	picodrive_libretro.so
PLAY	SEGA PICO	DEMON_CASTLE	ROMS/PICO/Demon_Castle.zip	RETROARCH	picodrive_libretro.so
PLAY	SEGA PICO	DESERT_DRIFT	ROMS/PICO/Desert_Drift.zip	RETROARCH	picodrive_libretro.so
PLAY	SEGA PICO	HI_ROBOT_PROGRAMMING_PUZZLE_GAME	ROMS/PICO/HI_Robot_programming_puzzle_game.zip	RETROARCH	picodrive_libretro.so
PLAY	SEGA PICO	KATAMARI_CHRISTMASSY	ROMS/PICO/Katamari_Christmassy.zip	RETROARCH	picodrive_libretro.so
PLAY	SEGA PICO	KELIN'S_DELIVERY_RAIN	ROMS/PICO/Kelin's_Delivery_Rain.zip	RETROARCH	picodrive_libretro.so
PLAY	SEGA PICO	MAPUZZLE	ROMS/PICO/mapuzzle.zip	RETROARCH	picodrive_libretro.so
PLAY	SEGA PICO	MELLOW	ROMS/PICO/Mellow.zip	RETROARCH	picodrive_libretro.so
PLAY	SEGA PICO	NETTY	ROMS/PICO/NETTY.zip	RETROARCH	picodrive_libretro.so
PLAY	SEGA PICO	OMEGA_ENFORCER_X	ROMS/PICO/Omega_Enforcer_X.zip	RETROARCH	picodrive_libretro.so
PLAY	SEGA PICO	PERISHER_A_CELESTE_MOD	ROMS/PICO/PERISHER_a_CELESTE_mod.zip	RETROARCH	picodrive_libretro.so
PLAY	SEGA PICO	PICO-SPRINT	ROMS/PICO/Pico-Sprint.zip	RETROARCH	picodrive_libretro.so
PLAY	SEGA PICO	PICOBREED	ROMS/PICO/PicoBreed.zip	RETROARCH	picodrive_libretro.so
PLAY	SEGA PICO	PICO_DE_PON	ROMS/PICO/Pico_de_Pon.zip	RETROARCH	picodrive_libretro.so
PLAY	SEGA PICO	PICO_RACER	ROMS/PICO/Pico_Racer.zip	RETROARCH	picodrive_libretro.so
PLAY	SEGA PICO	PLATFORMER_STARTER_KIT	ROMS/PICO/Platformer_Starter_Kit.zip	RETROARCH	picodrive_libretro.so
PLAY	SEGA PICO	POLAR_PANIC	ROMS/PICO/POLAR_PANIC.zip	RETROARCH	picodrive_libretro.so
PLAY	SEGA PICO	ROLLY	ROMS/PICO/Rolly.zip	RETROARCH	picodrive_libretro.so
PLAY	SEGA PICO	SLACKER	ROMS/PICO/SLACKER.zip	RETROARCH	picodrive_libretro.so
PLAY	SEGA PICO	STARBASE	ROMS/PICO/StarBase.zip	RETROARCH	picodrive_libretro.so
PLAY	SEGA PICO	STEPS	ROMS/PICO/Steps.zip	RETROARCH	picodrive_libretro.so
PLAY	SEGA PICO	TETRAMINIS_DEFFECT	ROMS/PICO/Tetraminis_Deffect.zip	RETROARCH	picodrive_libretro.so
PLAY	SEGA PICO	THE_LAIR	ROMS/PICO/The_Lair.zip	RETROARCH	picodrive_libretro.so
PLAY	SEGA PICO	THOPTER_ESCAPE	ROMS/PICO/Thopter_Escape.zip	RETROARCH	picodrive_libretro.so
PLAY	SEGA PICO	TOMB_OF_GNIR	ROMS/PICO/Tomb_of_GNir.zip	RETROARCH	picodrive_libretro.so
PLAY	SEGA PICO	TUBE_RUNNER	ROMS/PICO/Tube_Runner.zip	RETROARCH	picodrive_libretro.so
PLAY	SEGA PICO	UFO_SWAMP_ODYSSEY	ROMS/PICO/UFO_Swamp_Odyssey.zip	RETROARCH	picodrive_libretro.so
PLAY	SEGA PICO	UNDER_CONSTRUCTION	ROMS/PICO/Under_Construction.zip	RETROARCH	picodrive_libretro.so
PLAY	SEGA PICO	VALDI_SHADOWS	ROMS/PICO/Valdi_Shadows.zip	RETROARCH	picodrive_libretro.so
PLAY	SEGA PICO	WAREHOUSE_PANIC	ROMS/PICO/Warehouse_panic.zip	RETROARCH	picodrive_libretro.so
PLAY	SEGA PICO	WITCH_LOVES_BULLETS	ROMS/PICO/Witch_Loves_Bullets.zip	RETROARCH	picodrive_libretro.so
PLAY	SEGA PICO	X-ZERO	ROMS/PICO/X-Zero.zip	RETROARCH	picodrive_libretro.so
PLAY	PSP	BURNOUT LEGENDS (USA)	ROMS/PSP/Burnout Legends (USA).cso	PPSSPP	ext-ppsspp
PLAY	PSP	CASTLEVANIA - THE DRACULA X CHRONICLES (USA)	ROMS/PSP/Castlevania - The Dracula X Chronicles (USA).cso	PPSSPP	ext-ppsspp
PLAY	PSP	CRISIS CORE - FINAL FANTASY VII (USA)	ROMS/PSP/Crisis Core - Final Fantasy VII (USA).cso	PPSSPP	ext-ppsspp
PLAY	PSP	CRUSH (USA)	ROMS/PSP/Crush (USA).cso	PPSSPP	ext-ppsspp
PLAY	PSP	DANTE'S INFERNO (USA)	ROMS/PSP/Dante's Inferno (USA).cso	PPSSPP	ext-ppsspp
PLAY	PSP	DAXTER (USA)	ROMS/PSP/Daxter (USA).cso	PPSSPP	ext-ppsspp
PLAY	PSP	DEAD HEAD FRED (USA)	ROMS/PSP/Dead Head Fred (USA).cso	PPSSPP	ext-ppsspp
PLAY	PSP	DISSIDIA 012 - DUODECIM FINAL FANTASY (USA)	ROMS/PSP/Dissidia 012 - Duodecim Final Fantasy (USA).cso	PPSSPP	ext-ppsspp
PLAY	PSP	ECHOCHROME (USA)	ROMS/PSP/Echochrome (USA).cso	PPSSPP	ext-ppsspp
PLAY	PSP	ECHOSHIFT (USA)	ROMS/PSP/Echoshift (USA).cso	PPSSPP	ext-ppsspp
PLAY	PSP	EVERY EXTEND EXTRA (USA)	ROMS/PSP/Every Extend Extra (USA).cso	PPSSPP	ext-ppsspp
PLAY	PSP	EVERYDAY SHOOTER (USA)	ROMS/PSP/Everyday Shooter (USA).cso	PPSSPP	ext-ppsspp
PLAY	PSP	EXIT (USA)	ROMS/PSP/Exit (USA).cso	PPSSPP	ext-ppsspp
PLAY	PSP	FAT PRINCESS - FISTFUL OF CAKE (USA)	ROMS/PSP/Fat Princess - Fistful of Cake (USA).cso	PPSSPP	ext-ppsspp
PLAY	PSP	GOD OF WAR - CHAINS OF OLYMPUS (USA)	ROMS/PSP/God of War - Chains of Olympus (USA).cso	PPSSPP	ext-ppsspp
PLAY	PSP	GOD OF WAR - GHOST OF SPARTA (USA)	ROMS/PSP/God of War - Ghost of Sparta (USA).cso	PPSSPP	ext-ppsspp
PLAY	PSP	GURUMIN - A MONSTROUS ADVENTURE (USA)	ROMS/PSP/Gurumin - A Monstrous Adventure (USA).cso	PPSSPP	ext-ppsspp
PLAY	PSP	HALF-MINUTE HERO (USA)	ROMS/PSP/Half-Minute Hero (USA).cso	PPSSPP	ext-ppsspp
PLAY	PSP	HOT SHOTS GOLF - OPEN TEE (USA)	ROMS/PSP/Hot Shots Golf - Open Tee (USA).cso	PPSSPP	ext-ppsspp
PLAY	PSP	HOT SHOTS GOLF - OPEN TEE 2 (USA)	ROMS/PSP/Hot Shots Golf - Open Tee 2 (USA).cso	PPSSPP	ext-ppsspp
PLAY	PSP	JAK AND DAXTER - THE LOST FRONTIER (USA)	ROMS/PSP/Jak and Daxter - The Lost Frontier (USA).cso	PPSSPP	ext-ppsspp
PLAY	PSP	JEANNE D'ARC (USA)	ROMS/PSP/Jeanne d'Arc (USA).cso	PPSSPP	ext-ppsspp
PLAY	PSP	KINGDOM HEARTS - BIRTH BY SLEEP (USA)	ROMS/PSP/Kingdom Hearts - Birth by Sleep (USA).cso	PPSSPP	ext-ppsspp
PLAY	PSP	LOCOROCO (USA)	ROMS/PSP/LocoRoco (USA).cso	PPSSPP	ext-ppsspp
PLAY	PSP	LOCOROCO - MIDNIGHT CARNIVAL (USA)	ROMS/PSP/LocoRoco - Midnight Carnival (USA).cso	PPSSPP	ext-ppsspp
PLAY	PSP	LOCOROCO 2 (USA)	ROMS/PSP/LocoRoco 2 (USA).cso	PPSSPP	ext-ppsspp
PLAY	PSP	LUMINES (USA)	ROMS/PSP/Lumines (USA).cso	PPSSPP	ext-ppsspp
PLAY	PSP	LUMINES II (USA)	ROMS/PSP/Lumines II (USA).cso	PPSSPP	ext-ppsspp
PLAY	PSP	ME & MY KATAMARI (USA)	ROMS/PSP/Me & My Katamari (USA).cso	PPSSPP	ext-ppsspp
PLAY	PSP	METAL GEAR ACID (USA)	ROMS/PSP/Metal Gear Acid (USA).cso	PPSSPP	ext-ppsspp
PLAY	PSP	METAL GEAR ACID 2 (USA)	ROMS/PSP/Metal Gear Acid 2 (USA).cso	PPSSPP	ext-ppsspp
PLAY	PSP	METAL GEAR SOLID - PEACE WALKER (USA)	ROMS/PSP/Metal Gear Solid - Peace Walker (USA).cso	PPSSPP	ext-ppsspp
PLAY	PSP	METAL GEAR SOLID - PORTABLE OPS (USA)	ROMS/PSP/Metal Gear Solid - Portable Ops (USA).cso	PPSSPP	ext-ppsspp
PLAY	PSP	MIDNIGHT CLUB 3 - DUB EDITION (USA)	ROMS/PSP/Midnight Club 3 - DUB Edition (USA).cso	PPSSPP	ext-ppsspp
PLAY	PSP	PATAPON (USA)	ROMS/PSP/Patapon (USA).cso	PPSSPP	ext-ppsspp
PLAY	PSP	PATAPON 2 (USA)	ROMS/PSP/Patapon 2 (USA).cso	PPSSPP	ext-ppsspp
PLAY	PSP	PATAPON 3 (USA)	ROMS/PSP/Patapon 3 (USA).cso	PPSSPP	ext-ppsspp
PLAY	PSP	PATCHWORK HEROES (USA)	ROMS/PSP/Patchwork Heroes (USA).cso	PPSSPP	ext-ppsspp
PLAY	PSP	PEGGLE (USA)	ROMS/PSP/Peggle (USA).cso	PPSSPP	ext-ppsspp
PLAY	PSP	PHANTASY STAR PORTABLE (USA)	ROMS/PSP/Phantasy Star Portable (USA).cso	PPSSPP	ext-ppsspp
PLAY	PSP	PHANTASY STAR PORTABLE 2 (USA)	ROMS/PSP/Phantasy Star Portable 2 (USA).cso	PPSSPP	ext-ppsspp
PLAY	PSP	PRINNY - CAN I REALLY BE THE HERO (USA)	ROMS/PSP/Prinny - Can I Really Be the Hero (USA).cso	PPSSPP	ext-ppsspp
PLAY	PSP	PRINNY 2 - DAWN OF OPERATION PANTIES, DOOD! (USA)	ROMS/PSP/Prinny 2 - Dawn of Operation Panties, Dood! (USA).cso	PPSSPP	ext-ppsspp
PLAY	PSP	RATCHET & CLANK - SIZE MATTERS (USA)	ROMS/PSP/Ratchet & Clank - Size Matters (USA).cso	PPSSPP	ext-ppsspp
PLAY	PSP	SHIN MEGAMI TENSEI - PERSONA (USA)	ROMS/PSP/Shin Megami Tensei - Persona (USA).cso	PPSSPP	ext-ppsspp
PLAY	PSP	SHIN MEGAMI TENSEI - PERSONA 2 - INNOCENT SIN (USA)	ROMS/PSP/Shin Megami Tensei - Persona 2 - Innocent Sin (USA).cso	PPSSPP	ext-ppsspp
PLAY	PSP	SHIN MEGAMI TENSEI - PERSONA 3 PORTABLE (USA)	ROMS/PSP/Shin Megami Tensei - Persona 3 Portable (USA).cso	PPSSPP	ext-ppsspp
PLAY	PSP	SID MEIER'S PIRATES! (EUROPE)	ROMS/PSP/Sid Meier's Pirates! (Europe).cso	PPSSPP	ext-ppsspp
PLAY	PSP	SILENT HILL - SHATTERED MEMORIES (USA)	ROMS/PSP/Silent Hill - Shattered Memories (USA).cso	PPSSPP	ext-ppsspp
PLAY	PSP	SILENT HILL ORIGINS (USA)	ROMS/PSP/Silent Hill Origins (USA).cso	PPSSPP	ext-ppsspp
PLAY	PSP	SOCOM - U.S. NAVY SEALS - FIRETEAM BRAVO 2 (USA)	ROMS/PSP/SOCOM - U.S. Navy SEALs - Fireteam Bravo 2 (USA).cso	PPSSPP	ext-ppsspp
PLAY	PSP	STAR WARS BATTLEFRONT II (USA)	ROMS/PSP/Star Wars Battlefront II (USA).cso	PPSSPP	ext-ppsspp
PLAY	PSP	THE EYE OF JUDGMENT - LEGENDS (USA)	ROMS/PSP/The Eye of Judgment - Legends (USA).cso	PPSSPP	ext-ppsspp
PLAY	PSP	UNTOLD LEGENDS - BROTHERHOOD OF THE BLADE (USA)	ROMS/PSP/Untold Legends - Brotherhood of the Blade (USA).cso	PPSSPP	ext-ppsspp
PLAY	PSP	UNTOLD LEGENDS - THE WARRIOR'S CODE (USA)	ROMS/PSP/Untold Legends - The Warrior's Code (USA).cso	PPSSPP	ext-ppsspp
PLAY	PSP	WIPEOUT PULSE (USA)	ROMS/PSP/WipEout Pulse (USA).cso	PPSSPP	ext-ppsspp
PLAY	PSP	WIPEOUT PURE (USA)	ROMS/PSP/Wipeout Pure (USA).cso	PPSSPP	ext-ppsspp
PLAY	PORTS	A META DATA GAME	ROMS/Ports/A Meta Data Game.sh	PORTMASTER	external
PLAY	PORTS	ARX	ROMS/Ports/Arx.sh	PORTMASTER	external
PLAY	PORTS	BALATRO	ROMS/Ports/Balatro.sh	PORTMASTER	external
PLAY	PORTS	BEN WAS ASSIMILATED	ROMS/Ports/Ben Was Assimilated.sh	PORTMASTER	external
PLAY	PORTS	BINDING OF ISAAC REBIRTH	ROMS/Ports/Binding Of Isaac Rebirth.sh	PORTMASTER	external
PLAY	PORTS	BOOTLEG BOX	ROMS/Ports/Bootleg Box.sh	PORTMASTER	external
PLAY	PORTS	BOWLING CROSS	ROMS/Ports/Bowling Cross.sh	PORTMASTER	external
PLAY	PORTS	CAIDEN'S QUEST	ROMS/Ports/Caiden's Quest.sh	PORTMASTER	external
PLAY	PORTS	CATTAILS	ROMS/Ports/Cattails.sh	PORTMASTER	external
PLAY	PORTS	CAVE STORY	ROMS/Ports/Cave Story.sh	PORTMASTER	external
PLAY	PORTS	CELESTE	ROMS/Ports/Celeste.sh	PORTMASTER	external
PLAY	PORTS	CELESTE CLASSIC	ROMS/Ports/Celeste Classic.sh	PORTMASTER	external
PLAY	PORTS	CHARGE KID	ROMS/Ports/Charge Kid.sh	PORTMASTER	external
PLAY	PORTS	DARKPLACES - AFTERSHOCK	ROMS/Ports/DarkPlaces - Aftershock.sh	PORTMASTER	external
PLAY	PORTS	DARKPLACES - DIMENSION OF THE PAST	ROMS/Ports/DarkPlaces - Dimension of the Past.sh	PORTMASTER	external
PLAY	PORTS	DARKPLACES - DISSOLUTION OF ETERNITY	ROMS/Ports/DarkPlaces - Dissolution of Eternity.sh	PORTMASTER	external
PLAY	PORTS	DARKPLACES - INSOMNIA	ROMS/Ports/DarkPlaces - Insomnia.sh	PORTMASTER	external
PLAY	PORTS	DARKPLACES - QUAKE	ROMS/Ports/DarkPlaces - Quake.sh	PORTMASTER	external
PLAY	PORTS	DARKPLACES - QZONE	ROMS/Ports/DarkPlaces - QZone.sh	PORTMASTER	external
PLAY	PORTS	DARKPLACES - SCOURGE OF ARMAGON	ROMS/Ports/DarkPlaces - Scourge of Armagon.sh	PORTMASTER	external
PLAY	PORTS	DEAD CELLS	ROMS/Ports/Dead Cells.sh	PORTMASTER	external
PLAY	PORTS	DEMON OF SAKURA PASS	ROMS/Ports/Demon of Sakura Pass.sh	PORTMASTER	external
PLAY	PORTS	DEVIL SPIRE	ROMS/Ports/Devil Spire.sh	PORTMASTER	external
PLAY	PORTS	DO NOT TAKE THIS CAT HOME	ROMS/Ports/Do Not Take This Cat Home.sh	PORTMASTER	external
PLAY	PORTS	DUELING DRAGONS	ROMS/Ports/Dueling Dragons.sh	PORTMASTER	external
PLAY	PORTS	FAITH DEMON SIEGE	ROMS/Ports/FAITH Demon Siege.sh	PORTMASTER	external
PLAY	PORTS	FAITH THE UNHOLY TRINITY	ROMS/Ports/FAITH The Unholy Trinity.sh	PORTMASTER	external
PLAY	PORTS	FEATHER PARK	ROMS/Ports/Feather Park.sh	PORTMASTER	external
PLAY	PORTS	FOR A VAST FUTURE	ROMS/Ports/For a Vast Future.sh	PORTMASTER	external
PLAY	PORTS	FORGODDEN	ROMS/Ports/Forgodden.sh	PORTMASTER	external
PLAY	PORTS	FRIDAY NIGHT FUNKIN	ROMS/Ports/Friday Night Funkin.sh	PORTMASTER	external
PLAY	PORTS	FULL MOON RUSH	ROMS/Ports/Full Moon Rush.sh	PORTMASTER	external
PLAY	PORTS	III	ROMS/Ports/iii.sh	PORTMASTER	external
PLAY	PORTS	ITTA	ROMS/Ports/ITTA.sh	PORTMASTER	external
PLAY	PORTS	KUDAMONO MERGE	ROMS/Ports/Kudamono Merge.sh	PORTMASTER	external
PLAY	PORTS	LOVE	ROMS/Ports/LOVE.sh	PORTMASTER	external
PLAY	PORTS	LOVE 3	ROMS/Ports/LOVE 3.sh	PORTMASTER	external
PLAY	PORTS	MAX PAYNE	ROMS/Ports/Max Payne.sh	PORTMASTER	external
PLAY	PORTS	MINIT	ROMS/Ports/Minit.sh	PORTMASTER	external
PLAY	PORTS	MOONLEAP	ROMS/Ports/Moonleap.sh	PORTMASTER	external
PLAY	PORTS	NAZI ZOMBIES	ROMS/Ports/Nazi Zombies.sh	PORTMASTER	external
PLAY	PORTS	NE TOUCHEZ PAS 5	ROMS/Ports/Ne Touchez Pas 5.sh	PORTMASTER	external
PLAY	PORTS	PATH OF ACHRA	ROMS/Ports/Path of Achra.sh	PORTMASTER	external
PLAY	PORTS	PHANTASY STAR RL	ROMS/Ports/Phantasy Star RL.sh	PORTMASTER	external
PLAY	PORTS	PINBALL CRUSH	ROMS/Ports/Pinball Crush.sh	PORTMASTER	external
PLAY	PORTS	PLANTS VS ZOMBIES NEIGHBORHOOD DEFENSE	ROMS/Ports/Plants vs Zombies Neighborhood Defense.sh	PORTMASTER	external
PLAY	PORTS	PULLYWOG	ROMS/Ports/Pullywog.sh	PORTMASTER	external
PLAY	PORTS	ROTA	ROMS/Ports/ROTA.sh	PORTMASTER	external
PLAY	PORTS	SHOVEL KNIGHT	ROMS/Ports/Shovel Knight.sh	PORTMASTER	external
PLAY	PORTS	SLAY THE SPIRE	ROMS/Ports/Slay the Spire.sh	PORTMASTER	external
PLAY	PORTS	SPELL TOWER	ROMS/Ports/Spell Tower.sh	PORTMASTER	external
PLAY	PORTS	SPELUNKY	ROMS/Ports/Spelunky.sh	PORTMASTER	external
PLAY	PORTS	SPOTIFY CONNECT	ROMS/Ports/Spotify Connect.sh	PORTMASTER	external
PLAY	PORTS	STAR WARS JEDI KNIGHT - JEDI ACADEMY	ROMS/Ports/Star Wars Jedi Knight - Jedi Academy.sh	PORTMASTER	external
PLAY	PORTS	STAR WARS JEDI KNIGHT II - JEDI OUTCAST	ROMS/Ports/Star Wars Jedi Knight II - Jedi Outcast.sh	PORTMASTER	external
PLAY	PORTS	STARDEWVALLEY	ROMS/Ports/StardewValley.sh	PORTMASTER	external
PLAY	PORTS	SUDOKUL	ROMS/Ports/SuDokuL.sh	PORTMASTER	external
PLAY	PORTS	SUPER MEAT BOY	ROMS/Ports/Super Meat Boy.sh	PORTMASTER	external
PLAY	PORTS	U R 4 GUYS	ROMS/Ports/U R 4 GUYS.sh	PORTMASTER	external
PLAY	PORTS	UNDERTALE	ROMS/Ports/Undertale.sh	PORTMASTER	external
PLAY	PORTS	VOID STRANGER	ROMS/Ports/Void Stranger.sh	PORTMASTER	external
PLAY	PORTS	VVVVVV	ROMS/Ports/VVVVVV.sh	PORTMASTER	external
PLAY	PORTS	WHICH SAUSAGE, MATE	ROMS/Ports/Which Sausage, Mate.sh	PORTMASTER	external
PLAY	SNES	'96 ZENKOKU KOUKOU SOCCER SENSHUKEN (JAPAN)	ROMS/SNES/'96 Zenkoku Koukou Soccer Senshuken (Japan).zip	RETROARCH	snes9x_libretro.so
PLAY	SNES	101 DALMATAS (USA) (PIRATE)	ROMS/SNES/101 Dalmatas (USA) (Pirate).zip	RETROARCH	snes9x_libretro.so
PLAY	SNES	16 BIT XMAS 2011 - CHRISTMAS CRAZE (WORLD) (AFTERMARKET) (UNL)	ROMS/SNES/16 BIT XMAS 2011 - Christmas Craze (World) (Aftermarket) (Unl).zip	RETROARCH	snes9x_libretro.so
PLAY	SNES	16 BIT XMAS 2012 - SNOWBALL FIGHT (WORLD) (AFTERMARKET) (UNL)	ROMS/SNES/16 BIT XMAS 2012 - Snowball Fight (World) (Aftermarket) (Unl).zip	RETROARCH	snes9x_libretro.so
PLAY	SNES	2048 (WORLD) (AFTERMARKET) (UNL)	ROMS/SNES/2048 (World) (Aftermarket) (Unl).zip	RETROARCH	snes9x_libretro.so
PLAY	SNES	3 NINJAS KICK BACK (USA)	ROMS/SNES/3 Ninjas Kick Back (USA).zip	RETROARCH	snes9x_libretro.so
PLAY	SNES	3X3 EYES - JUUMA HOUKAN (JAPAN)	ROMS/SNES/3x3 Eyes - Juuma Houkan (Japan).zip	RETROARCH	snes9x_libretro.so
PLAY	SNES	3X3 EYES - SEIMA KOURINDEN (JAPAN)	ROMS/SNES/3x3 Eyes - Seima Kourinden (Japan).zip	RETROARCH	snes9x_libretro.so
PLAY	SNES	4-NIN SHOUGI (JAPAN)	ROMS/SNES/4-nin Shougi (Japan).zip	RETROARCH	snes9x_libretro.so
PLAY	SNES	7TH SAGA, THE (USA)	ROMS/SNES/7th Saga, The (USA).zip	RETROARCH	snes9x_libretro.so
PLAY	SNES	90 MINUTES - EUROPEAN PRIME GOAL (EUROPE)	ROMS/SNES/90 Minutes - European Prime Goal (Europe).zip	RETROARCH	snes9x_libretro.so
PLAY	SNES	A.S.P. - AIR STRIKE PATROL (USA)	ROMS/SNES/A.S.P. - Air Strike Patrol (USA).zip	RETROARCH	snes9x_libretro.so
PLAY	SNES	AAAHH!!! REAL MONSTERS (USA)	ROMS/SNES/Aaahh!!! Real Monsters (USA).zip	RETROARCH	snes9x_libretro.so
PLAY	SNES	ABC MONDAY NIGHT FOOTBALL (USA)	ROMS/SNES/ABC Monday Night Football (USA).zip	RETROARCH	snes9x_libretro.so
PLAY	SNES	ACCELE BRID (JAPAN)	ROMS/SNES/Accele Brid (Japan).zip	RETROARCH	snes9x_libretro.so
PLAY	SNES	ACE O NERAE! (JAPAN)	ROMS/SNES/Ace o Nerae! (Japan).zip	RETROARCH	snes9x_libretro.so
PLAY	SNES	ACME ANIMATION FACTORY (USA)	ROMS/SNES/ACME Animation Factory (USA).zip	RETROARCH	snes9x_libretro.so
PLAY	SNES	ACROBAT MISSION (JAPAN) (EN)	ROMS/SNES/Acrobat Mission (Japan) (En).zip	RETROARCH	snes9x_libretro.so
PLAY	SNES	ACTION PACHIO (JAPAN)	ROMS/SNES/Action Pachio (Japan).zip	RETROARCH	snes9x_libretro.so
PLAY	SNES	ACTRAISER (USA)	ROMS/SNES/ActRaiser (USA).zip	RETROARCH	snes9x_libretro.so
PLAY	SNES	ACTRAISER 2 (USA)	ROMS/SNES/ActRaiser 2 (USA).zip	RETROARCH	snes9x_libretro.so
PLAY	SNES	ADDAMS FAMILY VALUES (USA) (EN,FR,DE)	ROMS/SNES/Addams Family Values (USA) (En,Fr,De).zip	RETROARCH	snes9x_libretro.so
PLAY	SNES	ADDAMS FAMILY, THE (USA)	ROMS/SNES/Addams Family, The (USA).zip	RETROARCH	snes9x_libretro.so
PLAY	SNES	ADDAMS FAMILY, THE - PUGSLEY'S SCAVENGER HUNT (USA)	ROMS/SNES/Addams Family, The - Pugsley's Scavenger Hunt (USA).zip	RETROARCH	snes9x_libretro.so
PLAY	SNES	ADVANCED DUNGEONS & DRAGONS - EYE OF THE BEHOLDER (USA)	ROMS/SNES/Advanced Dungeons & Dragons - Eye of the Beholder (USA).zip	RETROARCH	snes9x_libretro.so
PLAY	SNES	ADVENTURES OF BATMAN & ROBIN, THE (USA)	ROMS/SNES/Adventures of Batman & Robin, The (USA).zip	RETROARCH	snes9x_libretro.so
PLAY	SNES	ADVENTURES OF DR. FRANKEN, THE (USA)	ROMS/SNES/Adventures of Dr. Franken, The (USA).zip	RETROARCH	snes9x_libretro.so
PLAY	SNES	ADVENTURES OF KID KLEETS, THE (USA) (EN,FR,ES)	ROMS/SNES/Adventures of Kid Kleets, The (USA) (En,Fr,Es).zip	RETROARCH	snes9x_libretro.so
PLAY	SNES	ADVENTURES OF ROCKY AND BULLWINKLE AND FRIENDS, THE (USA)	ROMS/SNES/Adventures of Rocky and Bullwinkle and Friends, The (USA).zip	RETROARCH	snes9x_libretro.so
PLAY	SNES	ADVENTURES OF YOGI BEAR (USA)	ROMS/SNES/Adventures of Yogi Bear (USA).zip	RETROARCH	snes9x_libretro.so
PLAY	SNES	AERO FIGHTERS (USA)	ROMS/SNES/Aero Fighters (USA).zip	RETROARCH	snes9x_libretro.so
PLAY	SNES	AERO THE ACRO-BAT (USA)	ROMS/SNES/Aero the Acro-Bat (USA).zip	RETROARCH	snes9x_libretro.so
PLAY	SNES	AERO THE ACRO-BAT 2 (USA)	ROMS/SNES/Aero the Acro-Bat 2 (USA).zip	RETROARCH	snes9x_libretro.so
PLAY	SNES	AEROBIZ (USA)	ROMS/SNES/Aerobiz (USA).zip	RETROARCH	snes9x_libretro.so
PLAY	SNES	AEROBIZ SUPERSONIC (USA)	ROMS/SNES/Aerobiz Supersonic (USA).zip	RETROARCH	snes9x_libretro.so
PLAY	SNES	AIII S.V. - A RESSHA DE IKOU 3 - SUPER VERSION (JAPAN)	ROMS/SNES/AIII S.V. - A Ressha de Ikou 3 - Super Version (Japan).zip	RETROARCH	snes9x_libretro.so
PLAY	SNES	AIR CAVALRY (USA)	ROMS/SNES/Air Cavalry (USA).zip	RETROARCH	snes9x_libretro.so
PLAY	SNES	AIR MANAGEMENT - OOZORA NI KAKERU (JAPAN) (REV 1)	ROMS/SNES/Air Management - Oozora ni Kakeru (Japan) (Rev 1).zip	RETROARCH	snes9x_libretro.so
PLAY	SNES	AIR MANAGEMENT II - KOUKUU OU O MEZASE (JAPAN)	ROMS/SNES/Air Management II - Koukuu Ou o Mezase (Japan).zip	RETROARCH	snes9x_libretro.so
PLAY	SNES	AKAGAWA JIROU - MAJOTACHI NO NEMURI (JAPAN) (REV 1)	ROMS/SNES/Akagawa Jirou - Majotachi no Nemuri (Japan) (Rev 1).zip	RETROARCH	snes9x_libretro.so
PLAY	SNES	AKAZUKIN CHACHA (JAPAN)	ROMS/SNES/Akazukin Chacha (Japan).zip	RETROARCH	snes9x_libretro.so
PLAY	SNES	AL UNSER JR.'S ROAD TO THE TOP (USA)	ROMS/SNES/Al Unser Jr.'s Road to the Top (USA).zip	RETROARCH	snes9x_libretro.so
PLAY	SNES	ALADDIN (USA)	ROMS/SNES/Aladdin (USA).zip	RETROARCH	snes9x_libretro.so
PLAY	SNES	ALADDIN 2000 (USA) (PIRATE)	ROMS/SNES/Aladdin 2000 (USA) (Pirate).zip	RETROARCH	snes9x_libretro.so
PLAY	SNES	ALBERT ODYSSEY (JAPAN) (REV 1)	ROMS/SNES/Albert Odyssey (Japan) (Rev 1).zip	RETROARCH	snes9x_libretro.so
PLAY	SNES	ALBERT ODYSSEY 2 - JASHIN NO TAIDOU (JAPAN)	ROMS/SNES/Albert Odyssey 2 - Jashin no Taidou (Japan).zip	RETROARCH	snes9x_libretro.so
PLAY	SNES	ALCAHEST (JAPAN)	ROMS/SNES/Alcahest (Japan).zip	RETROARCH	snes9x_libretro.so
PLAY	SNES	ALICE NO PAINT ADVENTURE (JAPAN)	ROMS/SNES/Alice no Paint Adventure (Japan).zip	RETROARCH	snes9x_libretro.so
PLAY	SNES	ALIEN 3 (USA) (REV 1)	ROMS/SNES/Alien 3 (USA) (Rev 1).zip	RETROARCH	snes9x_libretro.so
PLAY	SNES	ALIEN VS PREDATOR (USA)	ROMS/SNES/Alien vs Predator (USA).zip	RETROARCH	snes9x_libretro.so
PLAY	SNES	AMAZING SPIDER-MAN, THE - LETHAL FOES (JAPAN)	ROMS/SNES/Amazing Spider-Man, The - Lethal Foes (Japan).zip	RETROARCH	snes9x_libretro.so
PLAY	SNES	AMERICA OUDAN ULTRA QUIZ (JAPAN)	ROMS/SNES/America Oudan Ultra Quiz (Japan).zip	RETROARCH	snes9x_libretro.so
PLAY	SNES	AMERICAN BATTLE DOME (JAPAN)	ROMS/SNES/American Battle Dome (Japan).zip	RETROARCH	snes9x_libretro.so
PLAY	SNES	AMERICAN GLADIATORS (USA)	ROMS/SNES/American Gladiators (USA).zip	RETROARCH	snes9x_libretro.so
PLAY	SNES	AMERICAN TAIL, AN - FIEVEL GOES WEST (USA)	ROMS/SNES/American Tail, An - Fievel Goes West (USA).zip	RETROARCH	snes9x_libretro.so
PLAY	SNES	ANCIENT MAGIC - BAZOE! MAHOU SEKAI (JAPAN)	ROMS/SNES/Ancient Magic - Bazoe! Mahou Sekai (Japan).zip	RETROARCH	snes9x_libretro.so
PLAY	SNES	ANDRE AGASSI TENNIS (USA)	ROMS/SNES/Andre Agassi Tennis (USA).zip	RETROARCH	snes9x_libretro.so
PLAY	SNES	ANGELIQUE (JAPAN)	ROMS/SNES/Angelique (Japan).zip	RETROARCH	snes9x_libretro.so
PLAY	SNES	ANGELIQUE - VOICE FANTASY (JAPAN)	ROMS/SNES/Angelique - Voice Fantasy (Japan).zip	RETROARCH	snes9x_libretro.so
PLAY	SNES	ANIMANIACS (USA)	ROMS/SNES/Animaniacs (USA).zip	RETROARCH	snes9x_libretro.so
PLAY	SNES	AOKI DENSETSU SHOOT! (JAPAN)	ROMS/SNES/Aoki Densetsu Shoot! (Japan).zip	RETROARCH	snes9x_libretro.so
PLAY	SNES	APPLESEED - PROMETHEUS NO SHINTAKU (JAPAN)	ROMS/SNES/Appleseed - Prometheus no Shintaku (Japan).zip	RETROARCH	snes9x_libretro.so
PLAY	SNES	AQUTALLION (JAPAN)	ROMS/SNES/Aqutallion (Japan).zip	RETROARCH	snes9x_libretro.so
PLAY	SNES	ARABIAN NIGHTS - SABAKU NO SEIREI OU (JAPAN)	ROMS/SNES/Arabian Nights - Sabaku no Seirei Ou (Japan).zip	RETROARCH	snes9x_libretro.so
PLAY	SNES	ARAIGUMA RASCAL (JAPAN)	ROMS/SNES/Araiguma Rascal (Japan).zip	RETROARCH	snes9x_libretro.so
PLAY	SNES	ARCADE'S GREATEST HITS - THE ATARI COLLECTION 1 (USA)	ROMS/SNES/Arcade's Greatest Hits - The Atari Collection 1 (USA).zip	RETROARCH	snes9x_libretro.so
PLAY	SNES	ARCANA (USA)	ROMS/SNES/Arcana (USA).zip	RETROARCH	snes9x_libretro.so
PLAY	SNES	ARCHER MACLEAN'S SUPER DROPZONE (EUROPE)	ROMS/SNES/Archer Maclean's Super Dropzone (Europe).zip	RETROARCH	snes9x_libretro.so
PLAY	SNES	ARCUS SPIRITS (JAPAN)	ROMS/SNES/Arcus Spirits (Japan).zip	RETROARCH	snes9x_libretro.so
PLAY	SNES	ARDY LIGHTFOOT (USA)	ROMS/SNES/Ardy Lightfoot (USA).zip	RETROARCH	snes9x_libretro.so
PLAY	SNES	ARETHA (JAPAN) (REV 1) (NP)	ROMS/SNES/Aretha (Japan) (Rev 1) (NP).zip	RETROARCH	snes9x_libretro.so
PLAY	SNES	ARETHA II - ARIEL NO FUSHIGI NA TABI (JAPAN)	ROMS/SNES/Aretha II - Ariel no Fushigi na Tabi (Japan).zip	RETROARCH	snes9x_libretro.so
PLAY	SNES	ARKANOID - DOH IT AGAIN (USA)	ROMS/SNES/Arkanoid - Doh It Again (USA).zip	RETROARCH	snes9x_libretro.so
PLAY	SNES	ART OF FIGHTING (USA)	ROMS/SNES/Art of Fighting (USA).zip	RETROARCH	snes9x_libretro.so
PLAY	SNES	ARYOL (JAPAN)	ROMS/SNES/Aryol (Japan).zip	RETROARCH	snes9x_libretro.so
PLAY	SNES	ASAHI SHINBUN RENSAI - KATOU HIFUMI KUDAN SHOUGI - SHINGIRYUU (JAPAN)	ROMS/SNES/Asahi Shinbun Rensai - Katou Hifumi Kudan Shougi - Shingiryuu (Japan).zip	RETROARCH	snes9x_libretro.so
PLAY	SNES	ASAMESHIMAE NYANKO (JAPAN)	ROMS/SNES/Asameshimae Nyanko (Japan).zip	RETROARCH	snes9x_libretro.so
PLAY	SNES	ASHITA NO JOE (JAPAN)	ROMS/SNES/Ashita no Joe (Japan).zip	RETROARCH	snes9x_libretro.so
PLAY	SNES	ASSAULT SUITS VALKEN (WORLD) (SWITCH)	ROMS/SNES/Assault Suits Valken (World) (Switch).zip	RETROARCH	snes9x_libretro.so
PLAY	SNES	ASTERIX & OBELIX (EUROPE) (EN,FR,DE,ES)	ROMS/SNES/Asterix & Obelix (Europe) (En,Fr,De,Es).zip	RETROARCH	snes9x_libretro.so
PLAY	SNES	ASTERIX (EUROPE) (EN,FR,DE,ES)	ROMS/SNES/Asterix (Europe) (En,Fr,De,Es).zip	RETROARCH	snes9x_libretro.so
PLAY	SNES	ASTROHAWK (WORLD) (UNL)	ROMS/SNES/Astrohawk (World) (Unl).zip	RETROARCH	snes9x_libretro.so
PLAY	SNES	ATLAS, THE - RENAISSANCE VOYAGER (JAPAN) (REV 1) (NP)	ROMS/SNES/Atlas, The - Renaissance Voyager (Japan) (Rev 1) (NP).zip	RETROARCH	snes9x_libretro.so
PLAY	SNES	AXELAY (USA)	ROMS/SNES/Axelay (USA).zip	RETROARCH	snes9x_libretro.so
PLAY	SNES	B.O.B. (USA)	ROMS/SNES/B.O.B. (USA).zip	RETROARCH	snes9x_libretro.so
PLAY	SNES	BAHAMUT LAGOON (JAPAN)	ROMS/SNES/Bahamut Lagoon (Japan).zip	RETROARCH	snes9x_libretro.so
PLAY	SNES	BAKUKYUU RENPATSU!! SUPER B-DAMAN (JAPAN)	ROMS/SNES/Bakukyuu Renpatsu!! Super B-Daman (Japan).zip	RETROARCH	snes9x_libretro.so
PLAY	SNES	BAKUMATSU KOURINDEN ONI (JAPAN)	ROMS/SNES/Bakumatsu Kourinden Oni (Japan).zip	RETROARCH	snes9x_libretro.so
PLAY	SNES	BAKUTOU DOCHERS - BUMPS-JIMA WA OOSAWAGI (JAPAN)	ROMS/SNES/Bakutou Dochers - Bumps-jima wa Oosawagi (Japan).zip	RETROARCH	snes9x_libretro.so
PLAY	SNES	BALL BULLET GUN (JAPAN)	ROMS/SNES/Ball Bullet Gun (Japan).zip	RETROARCH	snes9x_libretro.so
PLAY	SNES	BALLZ 3D - FIGHTING AT ITS BALLZIEST (USA)	ROMS/SNES/Ballz 3D - Fighting at Its Ballziest (USA).zip	RETROARCH	snes9x_libretro.so
PLAY	SNES	BANANAS DE PIJAMAS (USA) (PIRATE)	ROMS/SNES/Bananas de Pijamas (USA) (Pirate).zip	RETROARCH	snes9x_libretro.so
PLAY	SNES	BARBAROSSA (JAPAN)	ROMS/SNES/Barbarossa (Japan).zip	RETROARCH	snes9x_libretro.so
PLAY	SNES	BARBIE SUPER MODEL (USA)	ROMS/SNES/Barbie Super Model (USA).zip	RETROARCH	snes9x_libretro.so
PLAY	SNES	BARKLEY SHUT UP AND JAM! (USA)	ROMS/SNES/Barkley Shut Up and Jam! (USA).zip	RETROARCH	snes9x_libretro.so
PLAY	SNES	BASS MASTERS CLASSIC (USA)	ROMS/SNES/BASS Masters Classic (USA).zip	RETROARCH	snes9x_libretro.so
PLAY	SNES	BASS MASTERS CLASSIC - PRO EDITION (USA)	ROMS/SNES/BASS Masters Classic - Pro Edition (USA).zip	RETROARCH	snes9x_libretro.so
PLAY	SNES	BASSIN'S BLACK BASS (USA)	ROMS/SNES/Bassin's Black Bass (USA).zip	RETROARCH	snes9x_libretro.so
PLAY	SNES	BASTARD!! - ANKOKU NO HAKAISHIN (JAPAN)	ROMS/SNES/Bastard!! - Ankoku no Hakaishin (Japan).zip	RETROARCH	snes9x_libretro.so
PLAY	SNES	BATMAN FOREVER (USA) (REV 1)	ROMS/SNES/Batman Forever (USA) (Rev 1).zip	RETROARCH	snes9x_libretro.so
PLAY	SNES	BATMAN RETURNS (USA)	ROMS/SNES/Batman Returns (USA).zip	RETROARCH	snes9x_libretro.so
PLAY	SNES	BATTLE BLAZE (USA)	ROMS/SNES/Battle Blaze (USA).zip	RETROARCH	snes9x_libretro.so
PLAY	SNES	BATTLE CARS (USA)	ROMS/SNES/Battle Cars (USA).zip	RETROARCH	snes9x_libretro.so
PLAY	SNES	BATTLE CLASH (USA)	ROMS/SNES/Battle Clash (USA).zip	RETROARCH	snes9x_libretro.so
PLAY	SNES	BATTLE COMMANDER - HACHIBUSHUU, SHURA NO HEIHOU (JAPAN)	ROMS/SNES/Battle Commander - Hachibushuu, Shura no Heihou (Japan).zip	RETROARCH	snes9x_libretro.so
PLAY	SNES	BATTLE CROSS (JAPAN)	ROMS/SNES/Battle Cross (Japan).zip	RETROARCH	snes9x_libretro.so
PLAY	SNES	BATTLE DODGE BALL (JAPAN)	ROMS/SNES/Battle Dodge Ball (Japan).zip	RETROARCH	snes9x_libretro.so
PLAY	SNES	BATTLE DODGE BALL II (JAPAN)	ROMS/SNES/Battle Dodge Ball II (Japan).zip	RETROARCH	snes9x_libretro.so
PLAY	SNES	BATTLE GRAND PRIX (USA)	ROMS/SNES/Battle Grand Prix (USA).zip	RETROARCH	snes9x_libretro.so
PLAY	SNES	BATTLE JOCKEY (JAPAN)	ROMS/SNES/Battle Jockey (Japan).zip	RETROARCH	snes9x_libretro.so
PLAY	SNES	BATTLE MASTER - KYUUKYOKU NO SENSHI-TACHI (JAPAN)	ROMS/SNES/Battle Master - Kyuukyoku no Senshi-tachi (Japan).zip	RETROARCH	snes9x_libretro.so
PLAY	SNES	BATTLE PINBALL (JAPAN)	ROMS/SNES/Battle Pinball (Japan).zip	RETROARCH	snes9x_libretro.so
PLAY	SNES	BATTLE RACERS (JAPAN)	ROMS/SNES/Battle Racers (Japan).zip	RETROARCH	snes9x_libretro.so
PLAY	SNES	BATTLE ROBOT RETSUDEN (JAPAN) (REV 1)	ROMS/SNES/Battle Robot Retsuden (Japan) (Rev 1).zip	RETROARCH	snes9x_libretro.so
PLAY	SNES	BATTLE SOCCER - FIELD NO HASHA (JAPAN)	ROMS/SNES/Battle Soccer - Field no Hasha (Japan).zip	RETROARCH	snes9x_libretro.so
PLAY	SNES	BATTLE SOCCER 2 (JAPAN)	ROMS/SNES/Battle Soccer 2 (Japan).zip	RETROARCH	snes9x_libretro.so
PLAY	SNES	BATTLE SUBMARINE (JAPAN)	ROMS/SNES/Battle Submarine (Japan).zip	RETROARCH	snes9x_libretro.so
PLAY	SNES	BATTLE TYCOON - FLASH HIDERS SFX (JAPAN) (REV 1)	ROMS/SNES/Battle Tycoon - Flash Hiders SFX (Japan) (Rev 1).zip	RETROARCH	snes9x_libretro.so
PLAY	SNES	BATTLE ZEQUE DEN (JAPAN)	ROMS/SNES/Battle Zeque Den (Japan).zip	RETROARCH	snes9x_libretro.so
PLAY	SNES	BATTLETOADS IN BATTLEMANIACS (USA)	ROMS/SNES/Battletoads in Battlemaniacs (USA).zip	RETROARCH	snes9x_libretro.so
PLAY	SNES	BATTLETOADS-DOUBLE DRAGON (USA)	ROMS/SNES/Battletoads-Double Dragon (USA).zip	RETROARCH	snes9x_libretro.so
PLAY	SNES	BAZOOKA BLITZKRIEG (USA)	ROMS/SNES/Bazooka Blitzkrieg (USA).zip	RETROARCH	snes9x_libretro.so
PLAY	SNES	BEAUTY AND THE BEAST (USA)	ROMS/SNES/Beauty and the Beast (USA).zip	RETROARCH	snes9x_libretro.so
PLAY	SNES	BEAVIS AND BUTT-HEAD (USA)	ROMS/SNES/Beavis and Butt-Head (USA).zip	RETROARCH	snes9x_libretro.so
PLAY	SNES	BEBE'S KIDS (USA)	ROMS/SNES/Bebe's Kids (USA).zip	RETROARCH	snes9x_libretro.so
PLAY	SNES	BEETHOVEN - THE ULTIMATE CANINE CAPER! (USA)	ROMS/SNES/Beethoven - The Ultimate Canine Caper! (USA).zip	RETROARCH	snes9x_libretro.so
PLAY	SNES	BENKEI GAIDEN - SUNA NO SHOU (JAPAN)	ROMS/SNES/Benkei Gaiden - Suna no Shou (Japan).zip	RETROARCH	snes9x_libretro.so
PLAY	SNES	BEST OF THE BEST - CHAMPIONSHIP KARATE (USA)	ROMS/SNES/Best of the Best - Championship Karate (USA).zip	RETROARCH	snes9x_libretro.so
PLAY	SNES	BEST SHOT PRO GOLF (JAPAN)	ROMS/SNES/Best Shot Pro Golf (Japan).zip	RETROARCH	snes9x_libretro.so
PLAY	SNES	BIG ICHIGEKI! PACHI-SLOT DAIKOURYAKU (JAPAN)	ROMS/SNES/Big Ichigeki! Pachi-Slot Daikouryaku (Japan).zip	RETROARCH	snes9x_libretro.so
PLAY	SNES	BIG ICHIGEKI! PACHI-SLOT DAIKOURYAKU 2 - UNIVERSAL COLLECTION (JAPAN)	ROMS/SNES/Big Ichigeki! Pachi-Slot Daikouryaku 2 - Universal Collection (Japan).zip	RETROARCH	snes9x_libretro.so
PLAY	SNES	BIG SKY TROOPER (USA)	ROMS/SNES/Big Sky Trooper (USA).zip	RETROARCH	snes9x_libretro.so
PLAY	SNES	BIKE DAISUKI! HASHIRIYA TAMASHII (JAPAN)	ROMS/SNES/Bike Daisuki! Hashiriya Tamashii (Japan).zip	RETROARCH	snes9x_libretro.so
PLAY	SNES	BIKER MICE FROM MARS (USA)	ROMS/SNES/Biker Mice from Mars (USA).zip	RETROARCH	snes9x_libretro.so
PLAY	SNES	BILL LAIMBEER'S COMBAT BASKETBALL (USA)	ROMS/SNES/Bill Laimbeer's Combat Basketball (USA).zip	RETROARCH	snes9x_libretro.so
PLAY	SNES	BILL WALSH COLLEGE FOOTBALL (USA)	ROMS/SNES/Bill Walsh College Football (USA).zip	RETROARCH	snes9x_libretro.so
PLAY	SNES	BING BING! BINGO (JAPAN)	ROMS/SNES/Bing Bing! Bingo (Japan).zip	RETROARCH	snes9x_libretro.so
PLAY	SNES	BIOMETAL (USA)	ROMS/SNES/BioMetal (USA).zip	RETROARCH	snes9x_libretro.so
PLAY	SNES	BISHIN DENSETSU ZOKU (JAPAN)	ROMS/SNES/Bishin Densetsu Zoku (Japan).zip	RETROARCH	snes9x_libretro.so
PLAY	SNES	BISHOUJO JANSHI SUCHIE-PAI (JAPAN) (REV 1)	ROMS/SNES/Bishoujo Janshi Suchie-Pai (Japan) (Rev 1).zip	RETROARCH	snes9x_libretro.so
PLAY	SNES	BISHOUJO SENSHI SAILOR MOON (JAPAN)	ROMS/SNES/Bishoujo Senshi Sailor Moon (Japan).zip	RETROARCH	snes9x_libretro.so
PLAY	SNES	BISHOUJO SENSHI SAILOR MOON - ANOTHER STORY (JAPAN)	ROMS/SNES/Bishoujo Senshi Sailor Moon - Another Story (Japan).zip	RETROARCH	snes9x_libretro.so
PLAY	SNES	BISHOUJO SENSHI SAILOR MOON R (JAPAN)	ROMS/SNES/Bishoujo Senshi Sailor Moon R (Japan).zip	RETROARCH	snes9x_libretro.so
PLAY	SNES	BISHOUJO SENSHI SAILOR MOON S - JOUGAI RANTOU! SHUYAKU SOUDATSUSEN (JAPAN)	ROMS/SNES/Bishoujo Senshi Sailor Moon S - Jougai Rantou! Shuyaku Soudatsusen (Japan).zip	RETROARCH	snes9x_libretro.so
PLAY	SNES	BISHOUJO SENSHI SAILOR MOON S - KONDO WA PUZZLE DE OSHIOKI YO! (JAPAN)	ROMS/SNES/Bishoujo Senshi Sailor Moon S - Kondo wa Puzzle de Oshioki yo! (Japan).zip	RETROARCH	snes9x_libretro.so
PLAY	SNES	BISHOUJO SENSHI SAILOR MOON S - KURUKKURIN (JAPAN)	ROMS/SNES/Bishoujo Senshi Sailor Moon S - Kurukkurin (Japan).zip	RETROARCH	snes9x_libretro.so
PLAY	SNES	BISHOUJO SENSHI SAILOR MOON SUPERS - FUWAFUWA PANIC (JAPAN)	ROMS/SNES/Bishoujo Senshi Sailor Moon SuperS - Fuwafuwa Panic (Japan).zip	RETROARCH	snes9x_libretro.so
PLAY	SNES	BISHOUJO SENSHI SAILOR MOON SUPERS - ZENIN SANKA!! SHUYAKU SOUDATSUSEN (JAPAN)	ROMS/SNES/Bishoujo Senshi Sailor Moon SuperS - Zenin Sanka!! Shuyaku Soudatsusen (Japan).zip	RETROARCH	snes9x_libretro.so
PLAY	SNES	BISHOUJO WRESTLER RETSUDEN - BLIZZARD YUKI RANNYUU!! (JAPAN)	ROMS/SNES/Bishoujo Wrestler Retsuden - Blizzard Yuki Rannyuu!! (Japan).zip	RETROARCH	snes9x_libretro.so
PLAY	SNES	BLACKTHORNE (USA)	ROMS/SNES/Blackthorne (USA).zip	RETROARCH	snes9x_libretro.so
PLAY	SNES	BLAZEON - THE BIO-CYBORG CHALLENGE (USA)	ROMS/SNES/BlaZeon - The Bio-Cyborg Challenge (USA).zip	RETROARCH	snes9x_libretro.so
PLAY	SNES	BLAZING SKIES (EUROPE)	ROMS/SNES/Blazing Skies (Europe).zip	RETROARCH	snes9x_libretro.so
PLAY	SNES	BLOCK KUZUSHI (JAPAN)	ROMS/SNES/Block Kuzushi (Japan).zip	RETROARCH	snes9x_libretro.so
PLAY	SNES	BLT (WORLD) (AFTERMARKET) (UNL)	ROMS/SNES/BLT (World) (Aftermarket) (Unl).zip	RETROARCH	snes9x_libretro.so
PLAY	SNES	BLUE CRYSTALROD, THE (JAPAN)	ROMS/SNES/Blue Crystalrod, The (Japan).zip	RETROARCH	snes9x_libretro.so
PLAY	SNES	BLUES BROTHERS, THE (USA)	ROMS/SNES/Blues Brothers, The (USA).zip	RETROARCH	snes9x_libretro.so
PLAY	SNES	BOMBERMAN B-DAMAN (JAPAN)	ROMS/SNES/Bomberman B-Daman (Japan).zip	RETROARCH	snes9x_libretro.so
PLAY	SNES	BOMBUZAL (JAPAN)	ROMS/SNES/Bombuzal (Japan).zip	RETROARCH	snes9x_libretro.so
PLAY	SNES	BONKERS (USA)	ROMS/SNES/Bonkers (USA).zip	RETROARCH	snes9x_libretro.so
PLAY	SNES	BOOGERMAN - A PICK AND FLICK ADVENTURE (USA)	ROMS/SNES/Boogerman - A Pick and Flick Adventure (USA).zip	RETROARCH	snes9x_libretro.so
PLAY	SNES	BORDERLINE (WORLD) (AFTERMARKET) (UNL)	ROMS/SNES/Borderline (World) (Aftermarket) (Unl).zip	RETROARCH	snes9x_libretro.so
PLAY	SNES	BOUNTY SWORD (JAPAN)	ROMS/SNES/Bounty Sword (Japan).zip	RETROARCH	snes9x_libretro.so
PLAY	SNES	BOXING LEGENDS OF THE RING (USA)	ROMS/SNES/Boxing Legends of the Ring (USA).zip	RETROARCH	snes9x_libretro.so
PLAY	SNES	BRAIN LORD (USA)	ROMS/SNES/Brain Lord (USA).zip	RETROARCH	snes9x_libretro.so
PLAY	SNES	BRAINIES, THE (USA)	ROMS/SNES/Brainies, The (USA).zip	RETROARCH	snes9x_libretro.so
PLAY	SNES	BRAM STOKER'S DRACULA (USA)	ROMS/SNES/Bram Stoker's Dracula (USA).zip	RETROARCH	snes9x_libretro.so
PLAY	SNES	BRANDISH (USA)	ROMS/SNES/Brandish (USA).zip	RETROARCH	snes9x_libretro.so
PLAY	SNES	BRANDISH 2 - EXPERT (JAPAN)	ROMS/SNES/Brandish 2 - Expert (Japan).zip	RETROARCH	snes9x_libretro.so
PLAY	SNES	BRANDISH 2 - THE PLANET BUSTER (JAPAN)	ROMS/SNES/Brandish 2 - The Planet Buster (Japan).zip	RETROARCH	snes9x_libretro.so
PLAY	SNES	BRAWL BROTHERS (USA)	ROMS/SNES/Brawl Brothers (USA).zip	RETROARCH	snes9x_libretro.so
PLAY	SNES	BREAKTHRU! (USA)	ROMS/SNES/BreakThru! (USA).zip	RETROARCH	snes9x_libretro.so
PLAY	SNES	BREATH OF FIRE (USA)	ROMS/SNES/Breath of Fire (USA).zip	RETROARCH	snes9x_libretro.so
PLAY	SNES	BREATH OF FIRE II (USA)	ROMS/SNES/Breath of Fire II (USA).zip	RETROARCH	snes9x_libretro.so
PLAY	SNES	BRETT HULL HOCKEY (USA)	ROMS/SNES/Brett Hull Hockey (USA).zip	RETROARCH	snes9x_libretro.so
PLAY	SNES	BRETT HULL HOCKEY 95 (USA)	ROMS/SNES/Brett Hull Hockey 95 (USA).zip	RETROARCH	snes9x_libretro.so
PLAY	SNES	BRONKIE THE BRONCHIASAURUS (USA) (EN,ES)	ROMS/SNES/Bronkie the Bronchiasaurus (USA) (En,Es).zip	RETROARCH	snes9x_libretro.so
PLAY	SNES	BRUNSWICK WORLD TOURNAMENT OF CHAMPIONS (USA)	ROMS/SNES/Brunswick World Tournament of Champions (USA).zip	RETROARCH	snes9x_libretro.so
PLAY	SNES	BRUTAL - PAWS OF FURY (USA)	ROMS/SNES/Brutal - Paws of Fury (USA).zip	RETROARCH	snes9x_libretro.so
PLAY	SNES	BS-X - SORE WA NAMAE O NUSUMARETA MACHI NO MONOGATARI (JAPAN) (REV 1)	ROMS/SNES/BS-X - Sore wa Namae o Nusumareta Machi no Monogatari (Japan) (Rev 1).zip	RETROARCH	snes9x_libretro.so
PLAY	SNES	BUBSY II (USA)	ROMS/SNES/Bubsy II (USA).zip	RETROARCH	snes9x_libretro.so
PLAY	SNES	BUBSY IN - CLAWS ENCOUNTERS OF THE FURRED KIND (USA)	ROMS/SNES/Bubsy in - Claws Encounters of the Furred Kind (USA).zip	RETROARCH	snes9x_libretro.so
PLAY	SNES	BUCKET (WORLD) (AFTERMARKET) (UNL)	ROMS/SNES/Bucket (World) (Aftermarket) (Unl).zip	RETROARCH	snes9x_libretro.so
PLAY	SNES	BUG'S LIFE, A (USA) (PIRATE)	ROMS/SNES/Bug's Life, A (USA) (Pirate).zip	RETROARCH	snes9x_libretro.so
PLAY	SNES	BUGS BUNNY - HACHAMECHA DAIBOUKEN (JAPAN)	ROMS/SNES/Bugs Bunny - Hachamecha Daibouken (Japan).zip	RETROARCH	snes9x_libretro.so
PLAY	SNES	BUGS BUNNY - RABBIT RAMPAGE (USA)	ROMS/SNES/Bugs Bunny - Rabbit Rampage (USA).zip	RETROARCH	snes9x_libretro.so
PLAY	SNES	BULLS VS BLAZERS AND THE NBA PLAYOFFS (USA) (REV 1)	ROMS/SNES/Bulls vs Blazers and the NBA Playoffs (USA) (Rev 1).zip	RETROARCH	snes9x_libretro.so
PLAY	SNES	BURAI - HACHIGYOKU NO YUUSHI DENSETSU (JAPAN)	ROMS/SNES/Burai - Hachigyoku no Yuushi Densetsu (Japan).zip	RETROARCH	snes9x_libretro.so
PLAY	SNES	BUSHI SEIRYUUDEN - FUTARI NO YUUSHA (JAPAN)	ROMS/SNES/Bushi Seiryuuden - Futari no Yuusha (Japan).zip	RETROARCH	snes9x_libretro.so
PLAY	SNES	BUST-A-MOVE (USA)	ROMS/SNES/Bust-A-Move (USA).zip	RETROARCH	snes9x_libretro.so
PLAY	SNES	CACOMA KNIGHT IN BIZYLAND (USA)	ROMS/SNES/Cacoma Knight in Bizyland (USA).zip	RETROARCH	snes9x_libretro.so
PLAY	SNES	CAL RIPKEN JR. BASEBALL (USA)	ROMS/SNES/Cal Ripken Jr. Baseball (USA).zip	RETROARCH	snes9x_libretro.so
PLAY	SNES	CALIFORNIA GAMES II (USA)	ROMS/SNES/California Games II (USA).zip	RETROARCH	snes9x_libretro.so
PLAY	SNES	CANNON FODDER (EUROPE)	ROMS/SNES/Cannon Fodder (Europe).zip	RETROARCH	snes9x_libretro.so
PLAY	SNES	CANNONDALE CUP (USA)	ROMS/SNES/Cannondale Cup (USA).zip	RETROARCH	snes9x_libretro.so
PLAY	SNES	CAPCOM'S MVP FOOTBALL (USA)	ROMS/SNES/Capcom's MVP Football (USA).zip	RETROARCH	snes9x_libretro.so
PLAY	SNES	CAPCOM'S SOCCER SHOOTOUT (USA)	ROMS/SNES/Capcom's Soccer Shootout (USA).zip	RETROARCH	snes9x_libretro.so
PLAY	SNES	CAPTAIN AMERICA AND THE AVENGERS (USA)	ROMS/SNES/Captain America and the Avengers (USA).zip	RETROARCH	snes9x_libretro.so
PLAY	SNES	CAPTAIN COMMANDO (USA)	ROMS/SNES/Captain Commando (USA).zip	RETROARCH	snes9x_libretro.so
PLAY	SNES	CAPTAIN NOVOLIN (USA) (EN,FR,ES)	ROMS/SNES/Captain Novolin (USA) (En,Fr,Es).zip	RETROARCH	snes9x_libretro.so
PLAY	SNES	CAPTAIN TSUBASA III - KOUTEI NO CHOUSEN (JAPAN)	ROMS/SNES/Captain Tsubasa III - Koutei no Chousen (Japan).zip	RETROARCH	snes9x_libretro.so
PLAY	SNES	CAPTAIN TSUBASA IV - PRO NO RIVAL-TACHI (JAPAN)	ROMS/SNES/Captain Tsubasa IV - Pro no Rival-tachi (Japan).zip	RETROARCH	snes9x_libretro.so
PLAY	SNES	CAPTAIN TSUBASA J - THE WAY TO WORLD YOUTH (JAPAN)	ROMS/SNES/Captain Tsubasa J - The Way to World Youth (Japan).zip	RETROARCH	snes9x_libretro.so
PLAY	SNES	CAPTAIN TSUBASA V - HASHA NO SHOUGOU CAMPIONE (JAPAN)	ROMS/SNES/Captain Tsubasa V - Hasha no Shougou Campione (Japan).zip	RETROARCH	snes9x_libretro.so
PLAY	SNES	CARAVAN SHOOTING COLLECTION (JAPAN) (EN)	ROMS/SNES/Caravan Shooting Collection (Japan) (En).zip	RETROARCH	snes9x_libretro.so
PLAY	SNES	CARRIER ACES (USA)	ROMS/SNES/Carrier Aces (USA).zip	RETROARCH	snes9x_libretro.so
PLAY	SNES	CASPER (USA)	ROMS/SNES/Casper (USA).zip	RETROARCH	snes9x_libretro.so
PLAY	SNES	CASTLEVANIA - DRACULA X (USA)	ROMS/SNES/Castlevania - Dracula X (USA).zip	RETROARCH	snes9x_libretro.so
PLAY	SNES	CB CHARA WARS - USHINAWARETA GAG (JAPAN)	ROMS/SNES/CB Chara Wars - Ushinawareta Gag (Japan).zip	RETROARCH	snes9x_libretro.so
PLAY	SNES	CHAMPIONS - WORLD CLASS SOCCER (USA) (EN,FR,DE,ES)	ROMS/SNES/Champions - World Class Soccer (USA) (En,Fr,De,Es).zip	RETROARCH	snes9x_libretro.so
PLAY	SNES	CHAMPIONSHIP POOL (USA)	ROMS/SNES/Championship Pool (USA).zip	RETROARCH	snes9x_libretro.so
PLAY	SNES	CHAMPIONSHIP SOCCER '94 (USA) (EN,FR,DE,IT)	ROMS/SNES/Championship Soccer '94 (USA) (En,Fr,De,It).zip	RETROARCH	snes9x_libretro.so
PLAY	SNES	CHAOS SEED - FUUSUI KAIROUKI (JAPAN)	ROMS/SNES/Chaos Seed - Fuusui Kairouki (Japan).zip	RETROARCH	snes9x_libretro.so
PLAY	SNES	CHESSMASTER, THE (USA)	ROMS/SNES/Chessmaster, The (USA).zip	RETROARCH	snes9x_libretro.so
PLAY	SNES	CHESTER CHEETAH - TOO COOL TO FOOL (USA)	ROMS/SNES/Chester Cheetah - Too Cool to Fool (USA).zip	RETROARCH	snes9x_libretro.so
PLAY	SNES	CHESTER CHEETAH - WILD WILD QUEST (USA)	ROMS/SNES/Chester Cheetah - Wild Wild Quest (USA).zip	RETROARCH	snes9x_libretro.so
PLAY	SNES	CHIBI MARUKO-CHAN - HARIKIRI 365-NICHI NO MAKI (JAPAN)	ROMS/SNES/Chibi Maruko-chan - Harikiri 365-nichi no Maki (Japan).zip	RETROARCH	snes9x_libretro.so
PLAY	SNES	CHIBI MARUKO-CHAN - MEZASE! MINAMI NO ISLAND!! (JAPAN)	ROMS/SNES/Chibi Maruko-chan - Mezase! Minami no Island!! (Japan).zip	RETROARCH	snes9x_libretro.so
PLAY	SNES	CHINHAI (JAPAN)	ROMS/SNES/Chinhai (Japan).zip	RETROARCH	snes9x_libretro.so
PLAY	SNES	CHOPLIFTER III - RESCUE-SURVIVE (USA)	ROMS/SNES/Choplifter III - Rescue-Survive (USA).zip	RETROARCH	snes9x_libretro.so
PLAY	SNES	CHOU ANIKI - BAKURETSU RANTOU HEN (JAPAN)	ROMS/SNES/Chou Aniki - Bakuretsu Rantou Hen (Japan).zip	RETROARCH	snes9x_libretro.so
PLAY	SNES	CHOU MAHOU TAIRIKU WOZZ (JAPAN)	ROMS/SNES/Chou Mahou Tairiku WOZZ (Japan).zip	RETROARCH	snes9x_libretro.so
PLAY	SNES	CHOU MAKAI TAISEN! DORABOCCHAN (JAPAN)	ROMS/SNES/Chou Makai Taisen! Dorabocchan (Japan).zip	RETROARCH	snes9x_libretro.so
PLAY	SNES	CHOUJIKUU YOUSAI MACROSS - SCRAMBLED VALKYRIE (JAPAN) (EN)	ROMS/SNES/Choujikuu Yousai Macross - Scrambled Valkyrie (Japan) (En).zip	RETROARCH	snes9x_libretro.so
PLAY	SNES	CHRONO TRIGGER (USA)	ROMS/SNES/Chrono Trigger (USA).zip	RETROARCH	snes9x_libretro.so
PLAY	SNES	CHUCK ROCK (USA)	ROMS/SNES/Chuck Rock (USA).zip	RETROARCH	snes9x_libretro.so
PLAY	SNES	CIRCUIT USA (JAPAN) (EN)	ROMS/SNES/Circuit USA (Japan) (En).zip	RETROARCH	snes9x_libretro.so
PLAY	SNES	CLASSIC KONG COMPLETE (WORLD) (V2.01) (AFTERMARKET) (UNL)	ROMS/SNES/Classic Kong Complete (World) (v2.01) (Aftermarket) (Unl).zip	RETROARCH	snes9x_libretro.so
PLAY	SNES	CLASSIC ROAD (JAPAN)	ROMS/SNES/Classic Road (Japan).zip	RETROARCH	snes9x_libretro.so
PLAY	SNES	CLASSIC ROAD II (JAPAN)	ROMS/SNES/Classic Road II (Japan).zip	RETROARCH	snes9x_libretro.so
PLAY	SNES	CLAY FIGHTER - TOURNAMENT EDITION (USA)	ROMS/SNES/Clay Fighter - Tournament Edition (USA).zip	RETROARCH	snes9x_libretro.so
PLAY	SNES	CLAY FIGHTER 2 - JUDGMENT CLAY (USA)	ROMS/SNES/Clay Fighter 2 - Judgment Clay (USA).zip	RETROARCH	snes9x_libretro.so
PLAY	SNES	CLAYMATES (USA)	ROMS/SNES/Claymates (USA).zip	RETROARCH	snes9x_libretro.so
PLAY	SNES	CLIFFHANGER (USA)	ROMS/SNES/Cliffhanger (USA).zip	RETROARCH	snes9x_libretro.so
PLAY	SNES	CLOCK TOWER (JAPAN)	ROMS/SNES/Clock Tower (Japan).zip	RETROARCH	snes9x_libretro.so
PLAY	SNES	CLOCKWERX (JAPAN)	ROMS/SNES/Clockwerx (Japan).zip	RETROARCH	snes9x_libretro.so
PLAY	SNES	CLUE (USA)	ROMS/SNES/Clue (USA).zip	RETROARCH	snes9x_libretro.so
PLAY	SNES	COLLEGE FOOTBALL USA 97 (USA)	ROMS/SNES/College Football USA 97 (USA).zip	RETROARCH	snes9x_libretro.so
PLAY	SNES	COLLEGE SLAM (USA)	ROMS/SNES/College Slam (USA).zip	RETROARCH	snes9x_libretro.so
PLAY	SNES	COLUMNS (JAPAN) (NP)	ROMS/SNES/Columns (Japan) (NP).zip	RETROARCH	snes9x_libretro.so
PLAY	SNES	COMBATRIBES, THE (USA)	ROMS/SNES/Combatribes, The (USA).zip	RETROARCH	snes9x_libretro.so
PLAY	SNES	COMPUTER NOURYOKU KAISEKI - ULTRA BAKEN (JAPAN)	ROMS/SNES/Computer Nouryoku Kaiseki - Ultra Baken (Japan).zip	RETROARCH	snes9x_libretro.so
PLAY	SNES	CONGO'S CAPER (USA)	ROMS/SNES/Congo's Caper (USA).zip	RETROARCH	snes9x_libretro.so
PLAY	SNES	CONTRA III - THE ALIEN WARS (USA)	ROMS/SNES/Contra III - The Alien Wars (USA).zip	RETROARCH	snes9x_libretro.so
PLAY	SNES	CONVENI WARS BARCODE BATTLER SENKI - SUPER SENSHI SHUTSUGEKI SEYO! (JAPAN)	ROMS/SNES/Conveni Wars Barcode Battler Senki - Super Senshi Shutsugeki seyo! (Japan).zip	RETROARCH	snes9x_libretro.so
PLAY	SNES	COOL SPOT (USA)	ROMS/SNES/Cool Spot (USA).zip	RETROARCH	snes9x_libretro.so
PLAY	SNES	COOL WORLD (USA)	ROMS/SNES/Cool World (USA).zip	RETROARCH	snes9x_libretro.so
PLAY	SNES	COPA LIBERTADORES 3 (USA) (ES) (PIRATE)	ROMS/SNES/Copa Libertadores 3 (USA) (Es) (Pirate).zip	RETROARCH	snes9x_libretro.so
PLAY	SNES	CORON LAND (JAPAN)	ROMS/SNES/Coron Land (Japan).zip	RETROARCH	snes9x_libretro.so
PLAY	SNES	COSMO GANG - THE PUZZLE (JAPAN)	ROMS/SNES/Cosmo Gang - The Puzzle (Japan).zip	RETROARCH	snes9x_libretro.so
PLAY	SNES	COSMO GANG - THE VIDEO (JAPAN)	ROMS/SNES/Cosmo Gang - The Video (Japan).zip	RETROARCH	snes9x_libretro.so
PLAY	SNES	COSMO POLICE GALIVAN II - ARROW OF JUSTICE (JAPAN)	ROMS/SNES/Cosmo Police Galivan II - Arrow of Justice (Japan).zip	RETROARCH	snes9x_libretro.so
PLAY	SNES	CRAYON SHIN-CHAN - ARASHI O YOBU ENJI (JAPAN)	ROMS/SNES/Crayon Shin-chan - Arashi o Yobu Enji (Japan).zip	RETROARCH	snes9x_libretro.so
PLAY	SNES	CRAYON SHIN-CHAN 2 - DAIMAOU NO GYAKUSHUU (JAPAN)	ROMS/SNES/Crayon Shin-chan 2 - Daimaou no Gyakushuu (Japan).zip	RETROARCH	snes9x_libretro.so
PLAY	SNES	CREEPY BIRD (WORLD) (V1.02) (DIGITAL RELEASE) (AFTERMARKET) (UNL)	ROMS/SNES/Creepy Bird (World) (v1.02) (Digital Release) (Aftermarket) (Unl).zip	RETROARCH	snes9x_libretro.so
PLAY	SNES	CRYSTAL BEANS FROM DUNGEON EXPLORER (JAPAN)	ROMS/SNES/Crystal Beans from Dungeon Explorer (Japan).zip	RETROARCH	snes9x_libretro.so
PLAY	SNES	CU-ON-PA SFC (JAPAN)	ROMS/SNES/Cu-On-Pa SFC (Japan).zip	RETROARCH	snes9x_libretro.so
PLAY	SNES	CUTE ANGELA (WORLD) (UNL)	ROMS/SNES/Cute Angela (World) (Unl).zip	RETROARCH	snes9x_libretro.so
PLAY	SNES	CUTTHROAT ISLAND (USA)	ROMS/SNES/CutThroat Island (USA).zip	RETROARCH	snes9x_libretro.so
PLAY	SNES	CYBER KNIGHT (JAPAN)	ROMS/SNES/Cyber Knight (Japan).zip	RETROARCH	snes9x_libretro.so
PLAY	SNES	CYBER KNIGHT II - CHIKYUU TEIKOKU NO YABOU (JAPAN)	ROMS/SNES/Cyber Knight II - Chikyuu Teikoku no Yabou (Japan).zip	RETROARCH	snes9x_libretro.so
PLAY	SNES	CYBER SPIN (USA)	ROMS/SNES/Cyber Spin (USA).zip	RETROARCH	snes9x_libretro.so
PLAY	SNES	CYBORG 009 (JAPAN)	ROMS/SNES/Cyborg 009 (Japan).zip	RETROARCH	snes9x_libretro.so
PLAY	SNES	D-FORCE (USA)	ROMS/SNES/D-Force (USA).zip	RETROARCH	snes9x_libretro.so
PLAY	SNES	DAFFY DUCK - THE MARVIN MISSIONS (USA)	ROMS/SNES/Daffy Duck - The Marvin Missions (USA).zip	RETROARCH	snes9x_libretro.so
PLAY	SNES	DAI-3-JI SUPER ROBOT TAISEN (JAPAN) (REV 3)	ROMS/SNES/Dai-3-ji Super Robot Taisen (Japan) (Rev 3).zip	RETROARCH	snes9x_libretro.so
PLAY	SNES	DAI-4-JI SUPER ROBOT TAISEN (JAPAN) (REV 1)	ROMS/SNES/Dai-4-ji Super Robot Taisen (Japan) (Rev 1).zip	RETROARCH	snes9x_libretro.so
PLAY	SNES	DAIBAKUSHOU JINSEI GEKIJOU (JAPAN)	ROMS/SNES/Daibakushou Jinsei Gekijou (Japan).zip	RETROARCH	snes9x_libretro.so
PLAY	SNES	DAIBAKUSHOU JINSEI GEKIJOU - DOKIDOKI SEISHUN HEN (JAPAN)	ROMS/SNES/Daibakushou Jinsei Gekijou - Dokidoki Seishun Hen (Japan).zip	RETROARCH	snes9x_libretro.so
PLAY	SNES	DAIBAKUSHOU JINSEI GEKIJOU - OOEDO NIKKI (JAPAN)	ROMS/SNES/Daibakushou Jinsei Gekijou - Ooedo Nikki (Japan).zip	RETROARCH	snes9x_libretro.so
PLAY	SNES	DAIBAKUSHOU JINSEI GEKIJOU - ZUKKOKE SALARYMAN HEN (JAPAN) (REV 1) (NP)	ROMS/SNES/Daibakushou Jinsei Gekijou - Zukkoke Salaryman Hen (Japan) (Rev 1) (NP).zip	RETROARCH	snes9x_libretro.so
PLAY	SNES	DAIKAIJUU MONOGATARI (JAPAN) (REV 1)	ROMS/SNES/Daikaijuu Monogatari (Japan) (Rev 1).zip	RETROARCH	snes9x_libretro.so
PLAY	SNES	DAIKAIJUU MONOGATARI II (JAPAN)	ROMS/SNES/Daikaijuu Monogatari II (Japan).zip	RETROARCH	snes9x_libretro.so
PLAY	SNES	DAISENRYAKU EXPERT (JAPAN)	ROMS/SNES/Daisenryaku Expert (Japan).zip	RETROARCH	snes9x_libretro.so
PLAY	SNES	DAISENRYAKU EXPERT WWII - WAR IN EUROPE (JAPAN)	ROMS/SNES/Daisenryaku Expert WWII - War in Europe (Japan).zip	RETROARCH	snes9x_libretro.so
PLAY	SNES	DARIUS TWIN (USA)	ROMS/SNES/Darius Twin (USA).zip	RETROARCH	snes9x_libretro.so
PLAY	SNES	DARK HALF (JAPAN)	ROMS/SNES/Dark Half (Japan).zip	RETROARCH	snes9x_libretro.so
PLAY	SNES	DARK KINGDOM (JAPAN)	ROMS/SNES/Dark Kingdom (Japan).zip	RETROARCH	snes9x_libretro.so
PLAY	SNES	DARK LAW - MEANING OF DEATH (JAPAN)	ROMS/SNES/Dark Law - Meaning of Death (Japan).zip	RETROARCH	snes9x_libretro.so
PLAY	SNES	DATE KIMIKO NO VIRTUAL TENNIS (JAPAN)	ROMS/SNES/Date Kimiko no Virtual Tennis (Japan).zip	RETROARCH	snes9x_libretro.so
PLAY	SNES	DAVID CRANE'S AMAZING TENNIS (USA)	ROMS/SNES/David Crane's Amazing Tennis (USA).zip	RETROARCH	snes9x_libretro.so
PLAY	SNES	DAZE BEFORE CHRISTMAS (EUROPE)	ROMS/SNES/Daze Before Christmas (Europe).zip	RETROARCH	snes9x_libretro.so
PLAY	SNES	DEAD DANCE (JAPAN)	ROMS/SNES/Dead Dance (Japan).zip	RETROARCH	snes9x_libretro.so
PLAY	SNES	DEAE TONOSAMA APPARE ICHIBAN (JAPAN)	ROMS/SNES/Deae Tonosama Appare Ichiban (Japan).zip	RETROARCH	snes9x_libretro.so
PLAY	SNES	DEAR BOYS (JAPAN)	ROMS/SNES/Dear Boys (Japan).zip	RETROARCH	snes9x_libretro.so
PLAY	SNES	DEATH AND RETURN OF SUPERMAN, THE (USA) (REV 1)	ROMS/SNES/Death and Return of Superman, The (USA) (Rev 1).zip	RETROARCH	snes9x_libretro.so
PLAY	SNES	DEATH BRADE (JAPAN)	ROMS/SNES/Death Brade (Japan).zip	RETROARCH	snes9x_libretro.so
PLAY	SNES	DEKITATE HIGH SCHOOL (JAPAN)	ROMS/SNES/Dekitate High School (Japan).zip	RETROARCH	snes9x_libretro.so
PLAY	SNES	DEMOLITION MAN (USA)	ROMS/SNES/Demolition Man (USA).zip	RETROARCH	snes9x_libretro.so
PLAY	SNES	DEMON'S CREST (USA)	ROMS/SNES/Demon's Crest (USA).zip	RETROARCH	snes9x_libretro.so
PLAY	SNES	DENNIS THE MENACE (USA)	ROMS/SNES/Dennis the Menace (USA).zip	RETROARCH	snes9x_libretro.so
PLAY	SNES	DERBY JOCKEY - KISHU OU E NO MICHI (JAPAN) (REV 1)	ROMS/SNES/Derby Jockey - Kishu Ou e no Michi (Japan) (Rev 1).zip	RETROARCH	snes9x_libretro.so
PLAY	SNES	DERBY JOCKEY 2 (JAPAN) (REV 1)	ROMS/SNES/Derby Jockey 2 (Japan) (Rev 1).zip	RETROARCH	snes9x_libretro.so
PLAY	SNES	DERBY STALLION 96 (JAPAN)	ROMS/SNES/Derby Stallion 96 (Japan).zip	RETROARCH	snes9x_libretro.so
PLAY	SNES	DERBY STALLION 98 (JAPAN) (NP)	ROMS/SNES/Derby Stallion 98 (Japan) (NP).zip	RETROARCH	snes9x_libretro.so
PLAY	SNES	DERBY STALLION II (JAPAN) (REV 1)	ROMS/SNES/Derby Stallion II (Japan) (Rev 1).zip	RETROARCH	snes9x_libretro.so
PLAY	SNES	DERBY STALLION III (JAPAN) (REV 3)	ROMS/SNES/Derby Stallion III (Japan) (Rev 3).zip	RETROARCH	snes9x_libretro.so
PLAY	SNES	DESCENTRALIZADO 1993 (USA) (PIRATE)	ROMS/SNES/Descentralizado 1993 (USA) (Pirate).zip	RETROARCH	snes9x_libretro.so
PLAY	SNES	DESERT STRIKE - RETURN TO THE GULF (USA)	ROMS/SNES/Desert Strike - Return to the Gulf (USA).zip	RETROARCH	snes9x_libretro.so
PLAY	SNES	DESERT STRIKE - WANGAN SAKUSEN (JAPAN)	ROMS/SNES/Desert Strike - Wangan Sakusen (Japan).zip	RETROARCH	snes9x_libretro.so
PLAY	SNES	DESTRUCTIVE (JAPAN)	ROMS/SNES/Destructive (Japan).zip	RETROARCH	snes9x_libretro.so
PLAY	SNES	DHARMA DOUJOU (JAPAN)	ROMS/SNES/Dharma Doujou (Japan).zip	RETROARCH	snes9x_libretro.so
PLAY	SNES	DIG & SPIKE VOLLEYBALL (USA)	ROMS/SNES/Dig & Spike Volleyball (USA).zip	RETROARCH	snes9x_libretro.so
PLAY	SNES	DIGIMON ADVENTURE (USA) (PIRATE)	ROMS/SNES/Digimon Adventure (USA) (Pirate).zip	RETROARCH	snes9x_libretro.so
PLAY	SNES	DIMENSION-FORCE (JAPAN) (EN)	ROMS/SNES/Dimension-Force (Japan) (En).zip	RETROARCH	snes9x_libretro.so
PLAY	SNES	DINO DINI'S SOCCER! (EUROPE) (EN,FR,DE)	ROMS/SNES/Dino Dini's Soccer! (Europe) (En,Fr,De).zip	RETROARCH	snes9x_libretro.so
PLAY	SNES	DINOCITY (USA)	ROMS/SNES/DinoCity (USA).zip	RETROARCH	snes9x_libretro.so
PLAY	SNES	DIRT RACER (EUROPE) (EN,FR,DE)	ROMS/SNES/Dirt Racer (Europe) (En,Fr,De).zip	RETROARCH	snes9x_libretro.so
PLAY	SNES	DIRT TRAX FX (USA)	ROMS/SNES/Dirt Trax FX (USA).zip	RETROARCH	snes9x_libretro.so
PLAY	SNES	DOKAPON 3-2-1 - ARASHI O YOBU YUUJOU (JAPAN) (REV 1)	ROMS/SNES/Dokapon 3-2-1 - Arashi o Yobu Yuujou (Japan) (Rev 1).zip	RETROARCH	snes9x_libretro.so
PLAY	SNES	DOKAPON GAIDEN - HONOO NO AUDITION (JAPAN)	ROMS/SNES/Dokapon Gaiden - Honoo no Audition (Japan).zip	RETROARCH	snes9x_libretro.so
PLAY	SNES	DOLUCKY NO A.LEAGUE SOCCER (JAPAN)	ROMS/SNES/Dolucky no A.League Soccer (Japan).zip	RETROARCH	snes9x_libretro.so
PLAY	SNES	DOLUCKY NO KUSAYAKIU (JAPAN)	ROMS/SNES/Dolucky no Kusayakiu (Japan).zip	RETROARCH	snes9x_libretro.so
PLAY	SNES	DOLUCKY NO PUZZLE TOUR '94 (JAPAN)	ROMS/SNES/Dolucky no Puzzle Tour '94 (Japan).zip	RETROARCH	snes9x_libretro.so
PLAY	SNES	DONALD DUCK NO MAHOU NO BOUSHI (JAPAN)	ROMS/SNES/Donald Duck no Mahou no Boushi (Japan).zip	RETROARCH	snes9x_libretro.so
PLAY	SNES	DONKEY KONG COUNTRY (USA) (REV 2)	ROMS/SNES/Donkey Kong Country (USA) (Rev 2).zip	RETROARCH	snes9x_libretro.so
PLAY	SNES	DONKEY KONG COUNTRY - COMPETITION CARTRIDGE (USA) (COMPETITION CART, NINTENDO POWER MAIL-ORDER)	ROMS/SNES/Donkey Kong Country - Competition Cartridge (USA) (Competition Cart, Nintendo Power mail-order).zip	RETROARCH	snes9x_libretro.so
PLAY	SNES	DONKEY KONG COUNTRY 2 - DIDDY'S KONG QUEST (USA) (EN,FR) (REV 1)	ROMS/SNES/Donkey Kong Country 2 - Diddy's Kong Quest (USA) (En,Fr) (Rev 1).zip	RETROARCH	snes9x_libretro.so
PLAY	SNES	DONKEY KONG COUNTRY 3 - DIXIE KONG'S DOUBLE TROUBLE! (USA) (EN,FR)	ROMS/SNES/Donkey Kong Country 3 - Dixie Kong's Double Trouble! (USA) (En,Fr).zip	RETROARCH	snes9x_libretro.so
PLAY	SNES	DOOM (USA)	ROMS/SNES/Doom (USA).zip	RETROARCH	snes9x_libretro.so
PLAY	SNES	DOOM TROOPERS (USA)	ROMS/SNES/Doom Troopers (USA).zip	RETROARCH	snes9x_libretro.so
PLAY	SNES	DOOMSDAY WARRIOR (USA)	ROMS/SNES/Doomsday Warrior (USA).zip	RETROARCH	snes9x_libretro.so
PLAY	SNES	DORAEMON - NOBITA TO YOUSEI NO KUNI (JAPAN) (REV 1)	ROMS/SNES/Doraemon - Nobita to Yousei no Kuni (Japan) (Rev 1).zip	RETROARCH	snes9x_libretro.so
PLAY	SNES	DORAEMON 2 - NOBITA NO TOYS LAND DAIBOUKEN (JAPAN)	ROMS/SNES/Doraemon 2 - Nobita no Toys Land Daibouken (Japan).zip	RETROARCH	snes9x_libretro.so
PLAY	SNES	DORAEMON 3 - NOBITA TO TOKI NO HOUGYOKU (JAPAN)	ROMS/SNES/Doraemon 3 - Nobita to Toki no Hougyoku (Japan).zip	RETROARCH	snes9x_libretro.so
PLAY	SNES	DORAEMON 4 - NOBITA TO TSUKI NO OUKOKU (JAPAN)	ROMS/SNES/Doraemon 4 - Nobita to Tsuki no Oukoku (Japan).zip	RETROARCH	snes9x_libretro.so
PLAY	SNES	DOREMI FANTASY - MILON NO DOKIDOKI DAIBOUKEN (JAPAN)	ROMS/SNES/DoReMi Fantasy - Milon no Dokidoki Daibouken (Japan).zip	RETROARCH	snes9x_libretro.so
PLAY	SNES	DOSSUN! GANSEKI BATTLE (JAPAN)	ROMS/SNES/Dossun! Ganseki Battle (Japan).zip	RETROARCH	snes9x_libretro.so
PLAY	SNES	DOTTIE - DREADS NOUGHT (WORLD) (V1.1) (AFTERMARKET) (UNL)	ROMS/SNES/Dottie - Dreads Nought (World) (v1.1) (Aftermarket) (Unl).zip	RETROARCH	snes9x_libretro.so
PLAY	SNES	DOTTIE FLOWERS (JAPAN) (V1.1) (AFTERMARKET) (UNL)	ROMS/SNES/Dottie Flowers (Japan) (v1.1) (Aftermarket) (Unl).zip	RETROARCH	snes9x_libretro.so
PLAY	SNES	DOUBLE DRAGON V - THE SHADOW FALLS (USA)	ROMS/SNES/Double Dragon V - The Shadow Falls (USA).zip	RETROARCH	snes9x_libretro.so
PLAY	SNES	DOUKYUUSEI 2 (JAPAN) (NP)	ROMS/SNES/Doukyuusei 2 (Japan) (NP).zip	RETROARCH	snes9x_libretro.so
PLAY	SNES	DOWN THE WORLD - MERVIL'S AMBITION (JAPAN)	ROMS/SNES/Down the World - Mervil's Ambition (Japan).zip	RETROARCH	snes9x_libretro.so
PLAY	SNES	DOWNTOWN - NEKKETSU BASEBALL MONOGATARI - YAKYUU DE SHOUBU DA! KUNIO-KUN (JAPAN)	ROMS/SNES/Downtown - Nekketsu Baseball Monogatari - Yakyuu de Shoubu da! Kunio-kun (Japan).zip	RETROARCH	snes9x_libretro.so
PLAY	SNES	DR. MARIO (JAPAN) (EN) (NP)	ROMS/SNES/Dr. Mario (Japan) (En) (NP).zip	RETROARCH	snes9x_libretro.so
PLAY	SNES	DRAGON - THE BRUCE LEE STORY (USA)	ROMS/SNES/Dragon - The Bruce Lee Story (USA).zip	RETROARCH	snes9x_libretro.so
PLAY	SNES	DRAGON BALL Z - CHOMUTUJEON (KOREA)	ROMS/SNES/Dragon Ball Z - Chomutujeon (Korea).zip	RETROARCH	snes9x_libretro.so
PLAY	SNES	DRAGON BALL Z - FINAL BOUT (USA) (PIRATE)	ROMS/SNES/Dragon Ball Z - Final Bout (USA) (Pirate).zip	RETROARCH	snes9x_libretro.so
PLAY	SNES	DRAGON BALL Z - HYPER DIMENSION (JAPAN)	ROMS/SNES/Dragon Ball Z - Hyper Dimension (Japan).zip	RETROARCH	snes9x_libretro.so
PLAY	SNES	DRAGON BALL Z - LA LEGENDE SAIEN (FRANCE)	ROMS/SNES/Dragon Ball Z - La Legende Saien (France).zip	RETROARCH	snes9x_libretro.so
PLAY	SNES	DRAGON BALL Z - SUPER BUTOUDEN (JAPAN)	ROMS/SNES/Dragon Ball Z - Super Butouden (Japan).zip	RETROARCH	snes9x_libretro.so
PLAY	SNES	DRAGON BALL Z - SUPER BUTOUDEN 2 (JAPAN) (REV 1)	ROMS/SNES/Dragon Ball Z - Super Butouden 2 (Japan) (Rev 1).zip	RETROARCH	snes9x_libretro.so
PLAY	SNES	DRAGON BALL Z - SUPER BUTOUDEN 3 (JAPAN)	ROMS/SNES/Dragon Ball Z - Super Butouden 3 (Japan).zip	RETROARCH	snes9x_libretro.so
PLAY	SNES	DRAGON BALL Z - SUPER GOKUU DEN - KAKUSEI HEN (JAPAN)	ROMS/SNES/Dragon Ball Z - Super Gokuu Den - Kakusei Hen (Japan).zip	RETROARCH	snes9x_libretro.so
PLAY	SNES	DRAGON BALL Z - SUPER GOKUU DEN - TOTSUGEKI HEN (JAPAN)	ROMS/SNES/Dragon Ball Z - Super Gokuu Den - Totsugeki Hen (Japan).zip	RETROARCH	snes9x_libretro.so
PLAY	SNES	DRAGON BALL Z - SUPER SAIYA DENSETSU (JAPAN) (REV 1)	ROMS/SNES/Dragon Ball Z - Super Saiya Densetsu (Japan) (Rev 1).zip	RETROARCH	snes9x_libretro.so
PLAY	SNES	DRAGON KNIGHT 4 (JAPAN)	ROMS/SNES/Dragon Knight 4 (Japan).zip	RETROARCH	snes9x_libretro.so
PLAY	SNES	DRAGON QUEST I & II (JAPAN)	ROMS/SNES/Dragon Quest I & II (Japan).zip	RETROARCH	snes9x_libretro.so
PLAY	SNES	DRAGON QUEST III - SOSHITE DENSETSU E... (JAPAN)	ROMS/SNES/Dragon Quest III - Soshite Densetsu e... (Japan).zip	RETROARCH	snes9x_libretro.so
PLAY	SNES	DRAGON QUEST V - TENKUU NO HANAYOME (JAPAN)	ROMS/SNES/Dragon Quest V - Tenkuu no Hanayome (Japan).zip	RETROARCH	snes9x_libretro.so
PLAY	SNES	DRAGON QUEST VI - MABOROSHI NO DAICHI (JAPAN)	ROMS/SNES/Dragon Quest VI - Maboroshi no Daichi (Japan).zip	RETROARCH	snes9x_libretro.so
PLAY	SNES	DRAGON SLAYER - EIYUU DENSETSU (JAPAN) (REV 1) (NP)	ROMS/SNES/Dragon Slayer - Eiyuu Densetsu (Japan) (Rev 1) (NP).zip	RETROARCH	snes9x_libretro.so
PLAY	SNES	DRAGON SLAYER - EIYUU DENSETSU II (JAPAN)	ROMS/SNES/Dragon Slayer - Eiyuu Densetsu II (Japan).zip	RETROARCH	snes9x_libretro.so
PLAY	SNES	DRAGON VIEW (USA)	ROMS/SNES/Dragon View (USA).zip	RETROARCH	snes9x_libretro.so
PLAY	SNES	DRAGON'S EARTH (JAPAN)	ROMS/SNES/Dragon's Earth (Japan).zip	RETROARCH	snes9x_libretro.so
PLAY	SNES	DRAGON'S LAIR (USA)	ROMS/SNES/Dragon's Lair (USA).zip	RETROARCH	snes9x_libretro.so
PLAY	SNES	DRAGON'S MAGIC (JAPAN) (EN)	ROMS/SNES/Dragon's Magic (Japan) (En).zip	RETROARCH	snes9x_libretro.so
PLAY	SNES	DRAKKHEN (USA)	ROMS/SNES/Drakkhen (USA).zip	RETROARCH	snes9x_libretro.so
PLAY	SNES	DREAM BASKETBALL - DUNK & HOOP (JAPAN)	ROMS/SNES/Dream Basketball - Dunk & Hoop (Japan).zip	RETROARCH	snes9x_libretro.so
PLAY	SNES	DREAM MAZE - KIGURUMI DAIBOUKEN (JAPAN)	ROMS/SNES/Dream Maze - Kigurumi Daibouken (Japan).zip	RETROARCH	snes9x_libretro.so
PLAY	SNES	DREAM T.V. (USA)	ROMS/SNES/Dream T.V. (USA).zip	RETROARCH	snes9x_libretro.so
PLAY	SNES	DRIFT KING SHUTOKOU BATTLE '94 - TSUCHIYA KEIICHI & BANDOU MASAAKI (JAPAN)	ROMS/SNES/Drift King Shutokou Battle '94 - Tsuchiya Keiichi & Bandou Masaaki (Japan).zip	RETROARCH	snes9x_libretro.so
PLAY	SNES	DRIFT KING SHUTOKOU BATTLE 2 - TSUCHIYA KEIICHI & BANDOU MASAAKI (JAPAN)	ROMS/SNES/Drift King Shutokou Battle 2 - Tsuchiya Keiichi & Bandou Masaaki (Japan).zip	RETROARCH	snes9x_libretro.so
PLAY	SNES	DUAL ORB - SEIREI TAMA DENSETSU (JAPAN)	ROMS/SNES/Dual Orb - Seirei Tama Densetsu (Japan).zip	RETROARCH	snes9x_libretro.so
PLAY	SNES	DUAL ORB II (JAPAN)	ROMS/SNES/Dual Orb II (Japan).zip	RETROARCH	snes9x_libretro.so
PLAY	SNES	DUCKTALES (WORLD) (REV-F) (AFTERMARKET) (UNL)	ROMS/SNES/DuckTales (World) (REV-F) (Aftermarket) (Unl).zip	RETROARCH	snes9x_libretro.so
PLAY	SNES	DUEL, THE - TEST DRIVE II (USA)	ROMS/SNES/Duel, The - Test Drive II (USA).zip	RETROARCH	snes9x_libretro.so
PLAY	SNES	DUN QUEST - MAJIN FUUIN NO DENSETSU (JAPAN)	ROMS/SNES/Dun Quest - Majin Fuuin no Densetsu (Japan).zip	RETROARCH	snes9x_libretro.so
PLAY	SNES	DUNGEON MASTER (USA)	ROMS/SNES/Dungeon Master (USA).zip	RETROARCH	snes9x_libretro.so
PLAY	SNES	DYNAMAITE - THE LAS VEGAS (JAPAN)	ROMS/SNES/Dynamaite - The Las Vegas (Japan).zip	RETROARCH	snes9x_libretro.so
PLAY	SNES	DYNAMIC STADIUM (JAPAN)	ROMS/SNES/Dynamic Stadium (Japan).zip	RETROARCH	snes9x_libretro.so
PLAY	SNES	E.V.O. - SEARCH FOR EDEN (USA)	ROMS/SNES/E.V.O. - Search for Eden (USA).zip	RETROARCH	snes9x_libretro.so
PLAY	SNES	EARTH DEFENSE FORCE (USA)	ROMS/SNES/Earth Defense Force (USA).zip	RETROARCH	snes9x_libretro.so
PLAY	SNES	EARTH LIGHT (JAPAN)	ROMS/SNES/Earth Light (Japan).zip	RETROARCH	snes9x_libretro.so
PLAY	SNES	EARTH LIGHT - LUNA STRIKE (JAPAN)	ROMS/SNES/Earth Light - Luna Strike (Japan).zip	RETROARCH	snes9x_libretro.so
PLAY	SNES	EARTHBOUND (USA)	ROMS/SNES/EarthBound (USA).zip	RETROARCH	snes9x_libretro.so
PLAY	SNES	EARTHWORM JIM (USA)	ROMS/SNES/Earthworm Jim (USA).zip	RETROARCH	snes9x_libretro.so
PLAY	SNES	EARTHWORM JIM 2 (USA)	ROMS/SNES/Earthworm Jim 2 (USA).zip	RETROARCH	snes9x_libretro.so
PLAY	SNES	EDONO KIBA (JAPAN)	ROMS/SNES/Edono Kiba (Japan).zip	RETROARCH	snes9x_libretro.so
PLAY	SNES	EEK! THE CAT (USA)	ROMS/SNES/Eek! The Cat (USA).zip	RETROARCH	snes9x_libretro.so
PLAY	SNES	EIEN NO FILERNA (JAPAN)	ROMS/SNES/Eien no Filerna (Japan).zip	RETROARCH	snes9x_libretro.so
PLAY	SNES	ELFARIA - THE ISLE OF THE BLEST (JAPAN)	ROMS/SNES/Elfaria - The Isle of the Blest (Japan).zip	RETROARCH	snes9x_libretro.so
PLAY	SNES	ELFARIA II - THE QUEST OF THE MELD (JAPAN)	ROMS/SNES/Elfaria II - The Quest of the Meld (Japan).zip	RETROARCH	snes9x_libretro.so
PLAY	SNES	ELITE SOCCER (USA)	ROMS/SNES/Elite Soccer (USA).zip	RETROARCH	snes9x_libretro.so
PLAY	SNES	EMERALD DRAGON (JAPAN)	ROMS/SNES/Emerald Dragon (Japan).zip	RETROARCH	snes9x_libretro.so
PLAY	SNES	EMIT VOL. 1 - TOKI NO MAIGO (JAPAN)	ROMS/SNES/Emit Vol. 1 - Toki no Maigo (Japan).zip	RETROARCH	snes9x_libretro.so
PLAY	SNES	EMIT VOL. 2 - INOCHIGAKE NO TABI (JAPAN)	ROMS/SNES/Emit Vol. 2 - Inochigake no Tabi (Japan).zip	RETROARCH	snes9x_libretro.so
PLAY	SNES	EMIT VOL. 3 - WATASHI NI SAYONARA O (JAPAN)	ROMS/SNES/Emit Vol. 3 - Watashi ni Sayonara o (Japan).zip	RETROARCH	snes9x_libretro.so
PLAY	SNES	EMMITT SMITH FOOTBALL (USA)	ROMS/SNES/Emmitt Smith Football (USA).zip	RETROARCH	snes9x_libretro.so
PLAY	SNES	ENERGY BREAKER (JAPAN)	ROMS/SNES/Energy Breaker (Japan).zip	RETROARCH	snes9x_libretro.so
PLAY	SNES	EQUINOX (USA)	ROMS/SNES/Equinox (USA).zip	RETROARCH	snes9x_libretro.so
PLAY	SNES	ERIC CANTONA FOOTBALL CHALLENGE (FRANCE) (EN,FR,DE,ES,IT,NL,SV)	ROMS/SNES/Eric Cantona Football Challenge (France) (En,Fr,De,Es,It,Nl,Sv).zip	RETROARCH	snes9x_libretro.so
PLAY	SNES	ESPARKS - IJIKUU KARA NO RAIHOUSHA (JAPAN)	ROMS/SNES/Esparks - Ijikuu kara no Raihousha (Japan).zip	RETROARCH	snes9x_libretro.so
PLAY	SNES	ESPN BASEBALL TONIGHT (USA)	ROMS/SNES/ESPN Baseball Tonight (USA).zip	RETROARCH	snes9x_libretro.so
PLAY	SNES	ESPN NATIONAL HOCKEY NIGHT (USA)	ROMS/SNES/ESPN National Hockey Night (USA).zip	RETROARCH	snes9x_libretro.so
PLAY	SNES	ESPN SPEEDWORLD (USA)	ROMS/SNES/ESPN Speedworld (USA).zip	RETROARCH	snes9x_libretro.so
PLAY	SNES	ESPN SUNDAY NIGHT NFL (USA)	ROMS/SNES/ESPN Sunday Night NFL (USA).zip	RETROARCH	snes9x_libretro.so
PLAY	SNES	EURO FOOTBALL CHAMP (EUROPE)	ROMS/SNES/Euro Football Champ (Europe).zip	RETROARCH	snes9x_libretro.so
PLAY	SNES	EXERTAINMENT MOUNTAIN BIKE RALLY (USA)	ROMS/SNES/Exertainment Mountain Bike Rally (USA).zip	RETROARCH	snes9x_libretro.so
PLAY	SNES	EXERTAINMENT MOUNTAIN BIKE RALLY + SPEED RACER (USA)	ROMS/SNES/Exertainment Mountain Bike Rally + Speed Racer (USA).zip	RETROARCH	snes9x_libretro.so
PLAY	SNES	EXHAUST HEAT II - F1 DRIVER E NO MICHI (JAPAN)	ROMS/SNES/Exhaust Heat II - F1 Driver e no Michi (Japan).zip	RETROARCH	snes9x_libretro.so
PLAY	SNES	EXTRA INNINGS (USA)	ROMS/SNES/Extra Innings (USA).zip	RETROARCH	snes9x_libretro.so
PLAY	SNES	F-1 GRAND PRIX (JAPAN)	ROMS/SNES/F-1 Grand Prix (Japan).zip	RETROARCH	snes9x_libretro.so
PLAY	SNES	F-1 GRAND PRIX - PART II (JAPAN)	ROMS/SNES/F-1 Grand Prix - Part II (Japan).zip	RETROARCH	snes9x_libretro.so
PLAY	SNES	F-1 GRAND PRIX - PART III (JAPAN)	ROMS/SNES/F-1 Grand Prix - Part III (Japan).zip	RETROARCH	snes9x_libretro.so
PLAY	SNES	F-ZERO (USA)	ROMS/SNES/F-Zero (USA).zip	RETROARCH	snes9x_libretro.so
PLAY	SNES	F1 POLE POSITION (USA)	ROMS/SNES/F1 Pole Position (USA).zip	RETROARCH	snes9x_libretro.so
PLAY	SNES	F1 POLE POSITION 2 (EUROPE)	ROMS/SNES/F1 Pole Position 2 (Europe).zip	RETROARCH	snes9x_libretro.so
PLAY	SNES	F1 ROC - RACE OF CHAMPIONS (USA)	ROMS/SNES/F1 ROC - Race of Champions (USA).zip	RETROARCH	snes9x_libretro.so
PLAY	SNES	F1 WORLD CHAMPIONSHIP EDITION (EUROPE)	ROMS/SNES/F1 World Championship Edition (Europe).zip	RETROARCH	snes9x_libretro.so
PLAY	SNES	F1-ROC II - RACE OF CHAMPIONS (USA)	ROMS/SNES/F1-ROC II - Race of Champions (USA).zip	RETROARCH	snes9x_libretro.so
PLAY	SNES	FACEBALL 2000 (USA)	ROMS/SNES/Faceball 2000 (USA).zip	RETROARCH	snes9x_libretro.so
PLAY	SNES	FAMICOM BUNKO - HAJIMARI NO MORI (JAPAN) (NP)	ROMS/SNES/Famicom Bunko - Hajimari no Mori (Japan) (NP).zip	RETROARCH	snes9x_libretro.so
PLAY	SNES	FAMICOM TANTEI CLUB PART II - USHIRO NI TATSU SHOUJO (JAPAN) (REV 1) (NP)	ROMS/SNES/Famicom Tantei Club Part II - Ushiro ni Tatsu Shoujo (Japan) (Rev 1) (NP).zip	RETROARCH	snes9x_libretro.so
PLAY	SNES	FAMILY DOG (USA)	ROMS/SNES/Family Dog (USA).zip	RETROARCH	snes9x_libretro.so
PLAY	SNES	FAMILY FEUD (USA) (REV 1)	ROMS/SNES/Family Feud (USA) (Rev 1).zip	RETROARCH	snes9x_libretro.so
PLAY	SNES	FARLAND STORY (JAPAN)	ROMS/SNES/Farland Story (Japan).zip	RETROARCH	snes9x_libretro.so
PLAY	SNES	FARLAND STORY 2 (JAPAN)	ROMS/SNES/Farland Story 2 (Japan).zip	RETROARCH	snes9x_libretro.so
PLAY	SNES	FATAL FURY (USA)	ROMS/SNES/Fatal Fury (USA).zip	RETROARCH	snes9x_libretro.so
PLAY	SNES	FATAL FURY 2 (USA)	ROMS/SNES/Fatal Fury 2 (USA).zip	RETROARCH	snes9x_libretro.so
PLAY	SNES	FATAL FURY SPECIAL (USA)	ROMS/SNES/Fatal Fury Special (USA).zip	RETROARCH	snes9x_libretro.so
PLAY	SNES	FEDA - THE EMBLEM OF JUSTICE (JAPAN)	ROMS/SNES/Feda - The Emblem of Justice (Japan).zip	RETROARCH	snes9x_libretro.so
PLAY	SNES	FIFA - ROAD TO WORLD CUP 98 (EUROPE) (EN,FR,DE,ES,IT,SV) (A8FP)	ROMS/SNES/FIFA - Road to World Cup 98 (Europe) (En,Fr,De,Es,It,Sv) (A8FP).zip	RETROARCH	snes9x_libretro.so
PLAY	SNES	FIFA INTERNATIONAL SOCCER (USA)	ROMS/SNES/FIFA International Soccer (USA).zip	RETROARCH	snes9x_libretro.so
PLAY	SNES	FIFA SOCCER 96 (USA) (EN,FR,DE,ES,IT,SV)	ROMS/SNES/FIFA Soccer 96 (USA) (En,Fr,De,Es,It,Sv).zip	RETROARCH	snes9x_libretro.so
PLAY	SNES	FIFA SOCCER 97 (USA) (EN,FR,DE,ES,IT,SV)	ROMS/SNES/FIFA Soccer 97 (USA) (En,Fr,De,Es,It,Sv).zip	RETROARCH	snes9x_libretro.so
PLAY	SNES	FIGHTER'S HISTORY (USA) (REV 1)	ROMS/SNES/Fighter's History (USA) (Rev 1).zip	RETROARCH	snes9x_libretro.so
PLAY	SNES	FIGHTER'S HISTORY - MIZOGUCHI KIKIIPPATSU!! (JAPAN)	ROMS/SNES/Fighter's History - Mizoguchi Kikiippatsu!! (Japan).zip	RETROARCH	snes9x_libretro.so
PLAY	SNES	FIGHTING BASEBALL (JAPAN)	ROMS/SNES/Fighting Baseball (Japan).zip	RETROARCH	snes9x_libretro.so
PLAY	SNES	FINAL FANTASY - MYSTIC QUEST (USA) (REV 1)	ROMS/SNES/Final Fantasy - Mystic Quest (USA) (Rev 1).zip	RETROARCH	snes9x_libretro.so
PLAY	SNES	FINAL FANTASY III (USA) (REV 1)	ROMS/SNES/Final Fantasy III (USA) (Rev 1).zip	RETROARCH	snes9x_libretro.so
PLAY	SNES	FINAL FANTASY IV (JAPAN) (REV 1)	ROMS/SNES/Final Fantasy IV (Japan) (Rev 1).zip	RETROARCH	snes9x_libretro.so
PLAY	SNES	FINAL FANTASY IV - EASY TYPE (JAPAN)	ROMS/SNES/Final Fantasy IV - Easy Type (Japan).zip	RETROARCH	snes9x_libretro.so
PLAY	SNES	FINAL FANTASY V (JAPAN)	ROMS/SNES/Final Fantasy V (Japan).zip	RETROARCH	snes9x_libretro.so
PLAY	SNES	FINAL FIGHT (USA)	ROMS/SNES/Final Fight (USA).zip	RETROARCH	snes9x_libretro.so
PLAY	SNES	FINAL FIGHT 2 (USA)	ROMS/SNES/Final Fight 2 (USA).zip	RETROARCH	snes9x_libretro.so
PLAY	SNES	FINAL FIGHT 3 (USA)	ROMS/SNES/Final Fight 3 (USA).zip	RETROARCH	snes9x_libretro.so
PLAY	SNES	FINAL FIGHT GUY (USA)	ROMS/SNES/Final Fight Guy (USA).zip	RETROARCH	snes9x_libretro.so
PLAY	SNES	FINAL STRETCH (JAPAN)	ROMS/SNES/Final Stretch (Japan).zip	RETROARCH	snes9x_libretro.so
PLAY	SNES	FINALSET (JAPAN)	ROMS/SNES/Finalset (Japan).zip	RETROARCH	snes9x_libretro.so
PLAY	SNES	FIRE EMBLEM - MONSHOU NO NAZO (JAPAN) (REV 1)	ROMS/SNES/Fire Emblem - Monshou no Nazo (Japan) (Rev 1).zip	RETROARCH	snes9x_libretro.so
PLAY	SNES	FIRE EMBLEM - SEISEN NO KEIFU (JAPAN)	ROMS/SNES/Fire Emblem - Seisen no Keifu (Japan).zip	RETROARCH	snes9x_libretro.so
PLAY	SNES	FIRE EMBLEM - THRACIA 776 (JAPAN) (REV 1) (NP)	ROMS/SNES/Fire Emblem - Thracia 776 (Japan) (Rev 1) (NP).zip	RETROARCH	snes9x_libretro.so
PLAY	SNES	FIRE PRO JOSHI - ALL STAR DREAM SLAM (JAPAN)	ROMS/SNES/Fire Pro Joshi - All Star Dream Slam (Japan).zip	RETROARCH	snes9x_libretro.so
PLAY	SNES	FIREMEN, THE (EUROPE) (EN,FR,DE)	ROMS/SNES/Firemen, The (Europe) (En,Fr,De).zip	RETROARCH	snes9x_libretro.so
PLAY	SNES	FIREPOWER 2000 (USA)	ROMS/SNES/Firepower 2000 (USA).zip	RETROARCH	snes9x_libretro.so
PLAY	SNES	FIRESTRIKER (USA)	ROMS/SNES/FireStriker (USA).zip	RETROARCH	snes9x_libretro.so
PLAY	SNES	FIRST QUEEN - ORNIC SENKI (JAPAN)	ROMS/SNES/First Queen - Ornic Senki (Japan).zip	RETROARCH	snes9x_libretro.so
PLAY	SNES	FIRST SAMURAI (USA)	ROMS/SNES/First Samurai (USA).zip	RETROARCH	snes9x_libretro.so
PLAY	SNES	FISHING KOUSHIEN (JAPAN)	ROMS/SNES/Fishing Koushien (Japan).zip	RETROARCH	snes9x_libretro.so
PLAY	SNES	FLASHBACK - THE QUEST FOR IDENTITY (USA) (EN,FR,DE)	ROMS/SNES/Flashback - The Quest for Identity (USA) (En,Fr,De).zip	RETROARCH	snes9x_libretro.so
PLAY	SNES	FLINTSTONES, THE (USA) (EN,FR,DE,ES,IT)	ROMS/SNES/Flintstones, The (USA) (En,Fr,De,Es,It).zip	RETROARCH	snes9x_libretro.so
PLAY	SNES	FLINTSTONES, THE - THE TREASURE OF SIERRA MADROCK (USA)	ROMS/SNES/Flintstones, The - The Treasure of Sierra Madrock (USA).zip	RETROARCH	snes9x_libretro.so
PLAY	SNES	FLUBBER (USA) (PIRATE)	ROMS/SNES/Flubber (USA) (Pirate).zip	RETROARCH	snes9x_libretro.so
PLAY	SNES	FLYING HERO - BUGYURU NO DAIBOUKEN (JAPAN)	ROMS/SNES/Flying Hero - Bugyuru no Daibouken (Japan).zip	RETROARCH	snes9x_libretro.so
PLAY	SNES	FOOTBALL FURY (USA)	ROMS/SNES/Football Fury (USA).zip	RETROARCH	snes9x_libretro.so
PLAY	SNES	FOREMAN FOR REAL (USA)	ROMS/SNES/Foreman for Real (USA).zip	RETROARCH	snes9x_libretro.so
PLAY	SNES	FORK PARKER'S CRUNCH OUT (WORLD) (AFTERMARKET) (UNL)	ROMS/SNES/Fork Parker's Crunch Out (World) (Aftermarket) (Unl).zip	RETROARCH	snes9x_libretro.so
PLAY	SNES	FORTUNE QUEST - DICE O KOROGASE (JAPAN)	ROMS/SNES/Fortune Quest - Dice o Korogase (Japan).zip	RETROARCH	snes9x_libretro.so
PLAY	SNES	FRANK THOMAS BIG HURT BASEBALL (USA)	ROMS/SNES/Frank Thomas Big Hurt Baseball (USA).zip	RETROARCH	snes9x_libretro.so
PLAY	SNES	FRANTIC FLEA (USA)	ROMS/SNES/Frantic Flea (USA).zip	RETROARCH	snes9x_libretro.so
PLAY	SNES	FROGGER (USA)	ROMS/SNES/Frogger (USA).zip	RETROARCH	snes9x_libretro.so
PLAY	SNES	FROM TV ANIMATION SLAM DUNK - SD HEAT UP!! (JAPAN)	ROMS/SNES/From TV Animation Slam Dunk - SD Heat Up!! (Japan).zip	RETROARCH	snes9x_libretro.so
PLAY	SNES	FROM TV ANIMATION SLAM DUNK - SHUUEISHA LIMITED (JAPAN)	ROMS/SNES/From TV Animation Slam Dunk - Shuueisha Limited (Japan).zip	RETROARCH	snes9x_libretro.so
PLAY	SNES	FROM TV ANIMATION SLAM DUNK - YONKYOU GEKITOTSU!! (JAPAN) (REV 1)	ROMS/SNES/From TV Animation Slam Dunk - Yonkyou Gekitotsu!! (Japan) (Rev 1).zip	RETROARCH	snes9x_libretro.so
PLAY	SNES	FROM TV ANIMATION SLAM DUNK 2 - IH YOSEN KANZEN BAN!! (JAPAN)	ROMS/SNES/From TV Animation Slam Dunk 2 - IH Yosen Kanzen Ban!! (Japan).zip	RETROARCH	snes9x_libretro.so
PLAY	SNES	FRONT MISSION (JAPAN) (REV 1)	ROMS/SNES/Front Mission (Japan) (Rev 1).zip	RETROARCH	snes9x_libretro.so
PLAY	SNES	FRONT MISSION SERIES - GUN HAZARD (JAPAN)	ROMS/SNES/Front Mission Series - Gun Hazard (Japan).zip	RETROARCH	snes9x_libretro.so
PLAY	SNES	FULL POWER (JAPAN) (EN)	ROMS/SNES/Full Power (Japan) (En).zip	RETROARCH	snes9x_libretro.so
PLAY	SNES	FULL THROTTLE - ALL-AMERICAN RACING (USA)	ROMS/SNES/Full Throttle - All-American Racing (USA).zip	RETROARCH	snes9x_libretro.so
PLAY	SNES	FUN 'N GAMES (USA)	ROMS/SNES/Fun 'n Games (USA).zip	RETROARCH	snes9x_libretro.so
PLAY	SNES	FUNAKI MASAKATSU HYBRID WRESTLER - TOUGI DENSHOU (JAPAN)	ROMS/SNES/Funaki Masakatsu Hybrid Wrestler - Tougi Denshou (Japan).zip	RETROARCH	snes9x_libretro.so
PLAY	SNES	FUNE TAROU (JAPAN)	ROMS/SNES/Fune Tarou (Japan).zip	RETROARCH	snes9x_libretro.so
PLAY	SNES	FURUTA ATSUYA NO SIMULATION PRO YAKYUU 2 (JAPAN)	ROMS/SNES/Furuta Atsuya no Simulation Pro Yakyuu 2 (Japan).zip	RETROARCH	snes9x_libretro.so
PLAY	SNES	FUSHIGI NO DUNGEON 2 - FUURAI NO SHIREN (JAPAN) (REV 1) (NP)	ROMS/SNES/Fushigi no Dungeon 2 - Fuurai no Shiren (Japan) (Rev 1) (NP).zip	RETROARCH	snes9x_libretro.so
PLAY	SNES	FUTBOL EXCITANTE (USA) (ES) (PIRATE)	ROMS/SNES/Futbol Excitante (USA) (Es) (Pirate).zip	RETROARCH	snes9x_libretro.so
PLAY	SNES	FUTBOL PERUANO 97 (USA) (ES) (PIRATE)	ROMS/SNES/Futbol Peruano 97 (USA) (Es) (Pirate).zip	RETROARCH	snes9x_libretro.so
PLAY	SNES	FUTEBOL BRASILEIRO 96 (USA) (PT) (PIRATE)	ROMS/SNES/Futebol Brasileiro 96 (USA) (Pt) (Pirate).zip	RETROARCH	snes9x_libretro.so
PLAY	SNES	G.O.D - MEZAME YO TO YOBU KOE GA KIKOE (JAPAN)	ROMS/SNES/G.O.D - Mezame yo to Yobu Koe ga Kikoe (Japan).zip	RETROARCH	snes9x_libretro.so
PLAY	SNES	GAIA SAVER - HERO SAIDAI NO SAKUSEN (JAPAN)	ROMS/SNES/Gaia Saver - Hero Saidai no Sakusen (Japan).zip	RETROARCH	snes9x_libretro.so
PLAY	SNES	GAKKOU DE ATTA KOWAI HANASHI (JAPAN) (REV 1)	ROMS/SNES/Gakkou de Atta Kowai Hanashi (Japan) (Rev 1).zip	RETROARCH	snes9x_libretro.so
PLAY	SNES	GALAXY ROBO (JAPAN)	ROMS/SNES/Galaxy Robo (Japan).zip	RETROARCH	snes9x_libretro.so
PLAY	SNES	GALAXY WARS (JAPAN) (EN)	ROMS/SNES/Galaxy Wars (Japan) (En).zip	RETROARCH	snes9x_libretro.so
PLAY	SNES	GAMARS PUZZLE (TAIWAN) (UNL)	ROMS/SNES/Gamars Puzzle (Taiwan) (Unl).zip	RETROARCH	snes9x_libretro.so
PLAY	SNES	GAMBLER JIKO CHUUSHINHA - MAHJONG OOISEN (JAPAN)	ROMS/SNES/Gambler Jiko Chuushinha - Mahjong Ooisen (Japan).zip	RETROARCH	snes9x_libretro.so
PLAY	SNES	GAMBLER JIKO CHUUSHINHA 2 - DORAPON QUEST (JAPAN)	ROMS/SNES/Gambler Jiko Chuushinha 2 - Dorapon Quest (Japan).zip	RETROARCH	snes9x_libretro.so
PLAY	SNES	GAMBLING HOUROUKI (JAPAN)	ROMS/SNES/Gambling Hourouki (Japan).zip	RETROARCH	snes9x_libretro.so
PLAY	SNES	GAME NO TATSUJIN (JAPAN)	ROMS/SNES/Game no Tatsujin (Japan).zip	RETROARCH	snes9x_libretro.so
PLAY	SNES	GAME NO TETSUJIN - THE SHANGHAI (JAPAN)	ROMS/SNES/Game no Tetsujin - The Shanghai (Japan).zip	RETROARCH	snes9x_libretro.so
PLAY	SNES	GAMERA - GYAOS GEKIMETSU SAKUSEN (JAPAN)	ROMS/SNES/Gamera - Gyaos Gekimetsu Sakusen (Japan).zip	RETROARCH	snes9x_libretro.so
PLAY	SNES	GANBARE GOEMON 2 - KITERETSU SHOUGUN MAGGINESU (JAPAN)	ROMS/SNES/Ganbare Goemon 2 - Kiteretsu Shougun Magginesu (Japan).zip	RETROARCH	snes9x_libretro.so
PLAY	SNES	GANBARE GOEMON 3 - SHISHI JUUROKUBEE NO KARAKURI MANJIGATAME (JAPAN) (REV 2)	ROMS/SNES/Ganbare Goemon 3 - Shishi Juurokubee no Karakuri Manjigatame (Japan) (Rev 2).zip	RETROARCH	snes9x_libretro.so
PLAY	SNES	GANBARE GOEMON KIRAKIRA DOUCHUU - BOKU GA DANCER NI NATTA WAKE (JAPAN) (REV 2)	ROMS/SNES/Ganbare Goemon Kirakira Douchuu - Boku ga Dancer ni Natta Wake (Japan) (Rev 2).zip	RETROARCH	snes9x_libretro.so
PLAY	SNES	GANBARE! DAIKU NO GEN-SAN (JAPAN)	ROMS/SNES/Ganbare! Daiku no Gen-san (Japan).zip	RETROARCH	snes9x_libretro.so
PLAY	SNES	GANGAN GAN-CHAN (JAPAN)	ROMS/SNES/Gangan Gan-chan (Japan).zip	RETROARCH	snes9x_libretro.so
PLAY	SNES	GANPURU - GUNMAN'S PROOF (JAPAN)	ROMS/SNES/Ganpuru - Gunman's Proof (Japan).zip	RETROARCH	snes9x_libretro.so
PLAY	SNES	GANSO PACHI-SLOT NIHONICHI (JAPAN)	ROMS/SNES/Ganso Pachi-Slot Nihonichi (Japan).zip	RETROARCH	snes9x_libretro.so
PLAY	SNES	GANSO PACHINKO OU (JAPAN)	ROMS/SNES/Ganso Pachinko Ou (Japan).zip	RETROARCH	snes9x_libretro.so
PLAY	SNES	GARRY KITCHEN'S SUPER BATTLETANK - WAR IN THE GULF (USA) (REV 1)	ROMS/SNES/Garry Kitchen's Super Battletank - War in the Gulf (USA) (Rev 1).zip	RETROARCH	snes9x_libretro.so
PLAY	SNES	GDLEEN (JAPAN) (REV 1)	ROMS/SNES/Gdleen (Japan) (Rev 1).zip	RETROARCH	snes9x_libretro.so
PLAY	SNES	GEGEGE NO KITAROU - FUKKATSU! TENMA DAIOU (JAPAN)	ROMS/SNES/Gegege no Kitarou - Fukkatsu! Tenma Daiou (Japan).zip	RETROARCH	snes9x_libretro.so
PLAY	SNES	GEKITOU BURNING PRO WRES (JAPAN)	ROMS/SNES/Gekitou Burning Pro Wres (Japan).zip	RETROARCH	snes9x_libretro.so
PLAY	SNES	GEMFIRE (USA)	ROMS/SNES/Gemfire (USA).zip	RETROARCH	snes9x_libretro.so
PLAY	SNES	GENGHIS KHAN II - CLAN OF THE GRAY WOLF (USA)	ROMS/SNES/Genghis Khan II - Clan of the Gray Wolf (USA).zip	RETROARCH	snes9x_libretro.so
PLAY	SNES	GENJUU RYODAN (JAPAN) (NP)	ROMS/SNES/Genjuu Ryodan (Japan) (NP).zip	RETROARCH	snes9x_libretro.so
PLAY	SNES	GENOCIDE 2 (JAPAN)	ROMS/SNES/Genocide 2 (Japan).zip	RETROARCH	snes9x_libretro.so
PLAY	SNES	GEORGE FOREMAN'S KO BOXING (USA) (REV 1)	ROMS/SNES/George Foreman's KO Boxing (USA) (Rev 1).zip	RETROARCH	snes9x_libretro.so
PLAY	SNES	GERRY ANDERSON'S THUNDERBIRDS - KOKUSAI KYUUJOTAI SHUTSUDOU SEYO!! (JAPAN)	ROMS/SNES/Gerry Anderson's Thunderbirds - Kokusai Kyuujotai Shutsudou Seyo!! (Japan).zip	RETROARCH	snes9x_libretro.so
PLAY	SNES	GET IN THE HOLE (JAPAN)	ROMS/SNES/Get in the Hole (Japan).zip	RETROARCH	snes9x_libretro.so
PLAY	SNES	GETSUMEN NO ANUBIS (JAPAN)	ROMS/SNES/Getsumen no Anubis (Japan).zip	RETROARCH	snes9x_libretro.so
PLAY	SNES	GHOST CHASER DENSEI (JAPAN)	ROMS/SNES/Ghost Chaser Densei (Japan).zip	RETROARCH	snes9x_libretro.so
PLAY	SNES	GHOUL PATROL (USA)	ROMS/SNES/Ghoul Patrol (USA).zip	RETROARCH	snes9x_libretro.so
PLAY	SNES	GINDAMA OYAKATA NO PACHINKO HISSHOUHOU (JAPAN) (REV 1)	ROMS/SNES/Gindama Oyakata no Pachinko Hisshouhou (Japan) (Rev 1).zip	RETROARCH	snes9x_libretro.so
PLAY	SNES	GINGA EIYUU DENSETSU (JAPAN)	ROMS/SNES/Ginga Eiyuu Densetsu (Japan).zip	RETROARCH	snes9x_libretro.so
PLAY	SNES	GINGA SENGOKU GUNYUUDEN RAI (JAPAN)	ROMS/SNES/Ginga Sengoku Gunyuuden Rai (Japan).zip	RETROARCH	snes9x_libretro.so
PLAY	SNES	GIONBANA (JAPAN)	ROMS/SNES/Gionbana (Japan).zip	RETROARCH	snes9x_libretro.so
PLAY	SNES	GO GO ACKMAN (JAPAN)	ROMS/SNES/Go Go Ackman (Japan).zip	RETROARCH	snes9x_libretro.so
PLAY	SNES	GO GO ACKMAN 2 (JAPAN)	ROMS/SNES/Go Go Ackman 2 (Japan).zip	RETROARCH	snes9x_libretro.so
PLAY	SNES	GO GO ACKMAN 3 (JAPAN)	ROMS/SNES/Go Go Ackman 3 (Japan).zip	RETROARCH	snes9x_libretro.so
PLAY	SNES	GO! GO! DODGE LEAGUE (JAPAN) (REV 1)	ROMS/SNES/Go! Go! Dodge League (Japan) (Rev 1).zip	RETROARCH	snes9x_libretro.so
PLAY	SNES	GOAL! (USA)	ROMS/SNES/Goal! (USA).zip	RETROARCH	snes9x_libretro.so
PLAY	SNES	GODS (USA)	ROMS/SNES/Gods (USA).zip	RETROARCH	snes9x_libretro.so
PLAY	SNES	GOJIRA - KAIJUU DAIKESSEN (JAPAN) (REV 1)	ROMS/SNES/Gojira - Kaijuu Daikessen (Japan) (Rev 1).zip	RETROARCH	snes9x_libretro.so
PLAY	SNES	GOKINJO BOUKENTAI (JAPAN)	ROMS/SNES/Gokinjo Boukentai (Japan).zip	RETROARCH	snes9x_libretro.so
PLAY	SNES	GOKUJOU PARODIUS (JAPAN)	ROMS/SNES/Gokujou Parodius (Japan).zip	RETROARCH	snes9x_libretro.so
PLAY	SNES	GON (JAPAN) (EN)	ROMS/SNES/Gon (Japan) (En).zip	RETROARCH	snes9x_libretro.so
PLAY	SNES	GOOF TROOP (USA)	ROMS/SNES/Goof Troop (USA).zip	RETROARCH	snes9x_libretro.so
PLAY	SNES	GOUKETSUJI ICHIZOKU (JAPAN)	ROMS/SNES/Gouketsuji Ichizoku (Japan).zip	RETROARCH	snes9x_libretro.so
PLAY	SNES	GOURMET SENTAI BARAYAROU (JAPAN)	ROMS/SNES/Gourmet Sentai Barayarou (Japan).zip	RETROARCH	snes9x_libretro.so
PLAY	SNES	GOURMET WARRIORS (WORLD) (QUBYTE CLASSICS)	ROMS/SNES/Gourmet Warriors (World) (QUByte Classics).zip	RETROARCH	snes9x_libretro.so
PLAY	SNES	GP-1 (USA)	ROMS/SNES/GP-1 (USA).zip	RETROARCH	snes9x_libretro.so
PLAY	SNES	GP-1 - PART II (USA)	ROMS/SNES/GP-1 - Part II (USA).zip	RETROARCH	snes9x_libretro.so
PLAY	SNES	GP-1 RS - RAPID STREAM (JAPAN) (EN)	ROMS/SNES/GP-1 RS - Rapid Stream (Japan) (En).zip	RETROARCH	snes9x_libretro.so
PLAY	SNES	GRADIUS III (USA)	ROMS/SNES/Gradius III (USA).zip	RETROARCH	snes9x_libretro.so
PLAY	SNES	GRANHISTORIA - GENSHI SEKAIKI (JAPAN) (REV 1)	ROMS/SNES/Granhistoria - Genshi Sekaiki (Japan) (Rev 1).zip	RETROARCH	snes9x_libretro.so
PLAY	SNES	GREAT BATTLE GAIDEN 2, THE - MATSURI DA WASSHOI (JAPAN)	ROMS/SNES/Great Battle Gaiden 2, The - Matsuri da Wasshoi (Japan).zip	RETROARCH	snes9x_libretro.so
PLAY	SNES	GREAT BATTLE II, THE - LAST FIGHTER TWIN (JAPAN)	ROMS/SNES/Great Battle II, The - Last Fighter Twin (Japan).zip	RETROARCH	snes9x_libretro.so
PLAY	SNES	GREAT BATTLE III, THE (JAPAN)	ROMS/SNES/Great Battle III, The (Japan).zip	RETROARCH	snes9x_libretro.so
PLAY	SNES	GREAT BATTLE IV, THE (JAPAN)	ROMS/SNES/Great Battle IV, The (Japan).zip	RETROARCH	snes9x_libretro.so
PLAY	SNES	GREAT BATTLE V, THE (JAPAN)	ROMS/SNES/Great Battle V, The (Japan).zip	RETROARCH	snes9x_libretro.so
PLAY	SNES	GREAT CIRCUS MYSTERY STARRING MICKEY & MINNIE, THE (USA)	ROMS/SNES/Great Circus Mystery Starring Mickey & Minnie, The (USA).zip	RETROARCH	snes9x_libretro.so
PLAY	SNES	GREAT WALDO SEARCH, THE (USA)	ROMS/SNES/Great Waldo Search, The (USA).zip	RETROARCH	snes9x_libretro.so
PLAY	SNES	GS MIKAMI - JOREISHI WA NICE BODY (JAPAN)	ROMS/SNES/GS Mikami - Joreishi wa Nice Body (Japan).zip	RETROARCH	snes9x_libretro.so
PLAY	SNES	GT RACING (JAPAN)	ROMS/SNES/GT Racing (Japan).zip	RETROARCH	snes9x_libretro.so
PLAY	SNES	GUNFORCE (USA)	ROMS/SNES/GunForce (USA).zip	RETROARCH	snes9x_libretro.so
PLAY	SNES	HABU MEIJIN NO OMOSHIRO SHOUGI (JAPAN)	ROMS/SNES/Habu Meijin no Omoshiro Shougi (Japan).zip	RETROARCH	snes9x_libretro.so
PLAY	SNES	HAGANE - THE FINAL CONFLICT (USA)	ROMS/SNES/Hagane - The Final Conflict (USA).zip	RETROARCH	snes9x_libretro.so
PLAY	SNES	HAISEI MAHJONG - RYOUGA (JAPAN)	ROMS/SNES/Haisei Mahjong - Ryouga (Japan).zip	RETROARCH	snes9x_libretro.so
PLAY	SNES	HAKUNETSU PRO YAKYUU '93 - GANBA LEAGUE (JAPAN)	ROMS/SNES/Hakunetsu Pro Yakyuu '93 - Ganba League (Japan).zip	RETROARCH	snes9x_libretro.so
PLAY	SNES	HAKUNETSU PRO YAKYUU '94 - GANBA LEAGUE 3 (JAPAN)	ROMS/SNES/Hakunetsu Pro Yakyuu '94 - Ganba League 3 (Japan).zip	RETROARCH	snes9x_libretro.so
PLAY	SNES	HAKUNETSU PRO YAKYUU - GANBA LEAGUE (JAPAN) (REV 1)	ROMS/SNES/Hakunetsu Pro Yakyuu - Ganba League (Japan) (Rev 1).zip	RETROARCH	snes9x_libretro.so
PLAY	SNES	HAL'S HOLE IN ONE GOLF (USA)	ROMS/SNES/HAL's Hole in One Golf (USA).zip	RETROARCH	snes9x_libretro.so
PLAY	SNES	HAMELN NO VIOLIN HIKI (JAPAN)	ROMS/SNES/Hameln no Violin Hiki (Japan).zip	RETROARCH	snes9x_libretro.so
PLAY	SNES	HAMMER LOCK WRESTLING (USA)	ROMS/SNES/Hammer Lock Wrestling (USA).zip	RETROARCH	snes9x_libretro.so
PLAY	SNES	HANA NO KEIJI - KUMO NO KANATA NI (JAPAN)	ROMS/SNES/Hana no Keiji - Kumo no Kanata ni (Japan).zip	RETROARCH	snes9x_libretro.so
PLAY	SNES	HANAFUDA OU (JAPAN)	ROMS/SNES/Hanafuda Ou (Japan).zip	RETROARCH	snes9x_libretro.so
PLAY	SNES	HANGUK PRO YAGU (KOREA)	ROMS/SNES/Hanguk Pro Yagu (Korea).zip	RETROARCH	snes9x_libretro.so
PLAY	SNES	HANJUKU HERO - AH, SEKAI YO HANJUKU NARE...!! (JAPAN)	ROMS/SNES/Hanjuku Hero - Ah, Sekai yo Hanjuku Nare...!! (Japan).zip	RETROARCH	snes9x_libretro.so
PLAY	SNES	HAOU TAIKEI RYUU KNIGHT - LORD OF PALADIN (JAPAN) (REV 1)	ROMS/SNES/Haou Taikei Ryuu Knight - Lord of Paladin (Japan) (Rev 1).zip	RETROARCH	snes9x_libretro.so
PLAY	SNES	HARAPEKO BAKKA (JAPAN)	ROMS/SNES/Harapeko Bakka (Japan).zip	RETROARCH	snes9x_libretro.so
PLAY	SNES	HARDBALL III (USA)	ROMS/SNES/HardBall III (USA).zip	RETROARCH	snes9x_libretro.so
PLAY	SNES	HARLEY'S HUMONGOUS ADVENTURE (USA)	ROMS/SNES/Harley's Humongous Adventure (USA).zip	RETROARCH	snes9x_libretro.so
PLAY	SNES	HARVEST MOON (USA)	ROMS/SNES/Harvest Moon (USA).zip	RETROARCH	snes9x_libretro.so
PLAY	SNES	HASHIRE HEBEREKE (JAPAN)	ROMS/SNES/Hashire Hebereke (Japan).zip	RETROARCH	snes9x_libretro.so
PLAY	SNES	HAT TRICK HERO (JAPAN) (EN)	ROMS/SNES/Hat Trick Hero (Japan) (En).zip	RETROARCH	snes9x_libretro.so
PLAY	SNES	HAT TRICK HERO 2 (JAPAN)	ROMS/SNES/Hat Trick Hero 2 (Japan).zip	RETROARCH	snes9x_libretro.so
PLAY	SNES	HATAYAMA HATCH NO PRO YAKYUU NEWS! - JITSUMEI BAN (JAPAN)	ROMS/SNES/Hatayama Hatch no Pro Yakyuu News! - Jitsumei Ban (Japan).zip	RETROARCH	snes9x_libretro.so
PLAY	SNES	HAYAZASHI NIDAN MORITA SHOUGI (JAPAN)	ROMS/SNES/Hayazashi Nidan Morita Shougi (Japan).zip	RETROARCH	snes9x_libretro.so
PLAY	SNES	HAYAZASHI NIDAN MORITA SHOUGI 2 (JAPAN)	ROMS/SNES/Hayazashi Nidan Morita Shougi 2 (Japan).zip	RETROARCH	snes9x_libretro.so
PLAY	SNES	HEAD-ON SOCCER (USA)	ROMS/SNES/Head-On Soccer (USA).zip	RETROARCH	snes9x_libretro.so
PLAY	SNES	HEBEREKE NO OISHII PUZZLE WA IRIMASENKA (JAPAN)	ROMS/SNES/Hebereke no Oishii Puzzle wa Irimasenka (Japan).zip	RETROARCH	snes9x_libretro.so
PLAY	SNES	HEBEREKE'S POPOITTO (EUROPE)	ROMS/SNES/Hebereke's Popoitto (Europe).zip	RETROARCH	snes9x_libretro.so
PLAY	SNES	HEBEREKE'S POPOON (EUROPE)	ROMS/SNES/Hebereke's Popoon (Europe).zip	RETROARCH	snes9x_libretro.so
PLAY	SNES	HEIAN FUUUNDEN (JAPAN)	ROMS/SNES/Heian Fuuunden (Japan).zip	RETROARCH	snes9x_libretro.so
PLAY	SNES	HEISEI GUNJIN SHOUGI (JAPAN)	ROMS/SNES/Heisei Gunjin Shougi (Japan).zip	RETROARCH	snes9x_libretro.so
PLAY	SNES	HEISEI INU MONOGATARI BOW - POP'N SMASH!! (JAPAN)	ROMS/SNES/Heisei Inu Monogatari Bow - Pop'n Smash!! (Japan).zip	RETROARCH	snes9x_libretro.so
PLAY	SNES	HEISEI SHIN ONIGASHIMA - KOUHEN (JAPAN)	ROMS/SNES/Heisei Shin Onigashima - Kouhen (Japan).zip	RETROARCH	snes9x_libretro.so
PLAY	SNES	HEISEI SHIN ONIGASHIMA - ZENPEN (JAPAN)	ROMS/SNES/Heisei Shin Onigashima - Zenpen (Japan).zip	RETROARCH	snes9x_libretro.so
PLAY	SNES	HEIWA PACHINKO WORLD (JAPAN)	ROMS/SNES/Heiwa Pachinko World (Japan).zip	RETROARCH	snes9x_libretro.so
PLAY	SNES	HEIWA PACHINKO WORLD 2 (JAPAN)	ROMS/SNES/Heiwa Pachinko World 2 (Japan).zip	RETROARCH	snes9x_libretro.so
PLAY	SNES	HEIWA PACHINKO WORLD 3 (JAPAN)	ROMS/SNES/Heiwa Pachinko World 3 (Japan).zip	RETROARCH	snes9x_libretro.so
PLAY	SNES	HEIWA PARLOR! MINI 8 - PACHINKO JIKKI SIMULATION GAME (JAPAN)	ROMS/SNES/Heiwa Parlor! Mini 8 - Pachinko Jikki Simulation Game (Japan).zip	RETROARCH	snes9x_libretro.so
PLAY	SNES	HERACLES NO EIKOU III - KAMIGAMI NO CHINMOKU (JAPAN)	ROMS/SNES/Heracles no Eikou III - Kamigami no Chinmoku (Japan).zip	RETROARCH	snes9x_libretro.so
PLAY	SNES	HERACLES NO EIKOU IV - KAMIGAMI KARA NO OKURIMONO (JAPAN)	ROMS/SNES/Heracles no Eikou IV - Kamigami kara no Okurimono (Japan).zip	RETROARCH	snes9x_libretro.so
PLAY	SNES	HERCULES (USA) (PIRATE)	ROMS/SNES/Hercules (USA) (Pirate).zip	RETROARCH	snes9x_libretro.so
PLAY	SNES	HERO SENKI - PROJECT OLYMPUS (JAPAN)	ROMS/SNES/Hero Senki - Project Olympus (Japan).zip	RETROARCH	snes9x_libretro.so
PLAY	SNES	HI NO OUJI - YAMATO TAKERU (JAPAN)	ROMS/SNES/Hi no Ouji - Yamato Takeru (Japan).zip	RETROARCH	snes9x_libretro.so
PLAY	SNES	HIGASHIO OSAMU KANSHUU SUPER PRO YAKYUU STADIUM (JAPAN)	ROMS/SNES/Higashio Osamu Kanshuu Super Pro Yakyuu Stadium (Japan).zip	RETROARCH	snes9x_libretro.so
PLAY	SNES	HILDA (WORLD) (AFTERMARKET) (UNL)	ROMS/SNES/Hilda (World) (Aftermarket) (Unl).zip	RETROARCH	snes9x_libretro.so
PLAY	SNES	HIND STRIKE (USA) (AFTERMARKET) (UNL)	ROMS/SNES/Hind Strike (USA) (Aftermarket) (Unl).zip	RETROARCH	snes9x_libretro.so
PLAY	SNES	HIOUDEN - MAMONO-TACHI TO NO CHIKAI (JAPAN)	ROMS/SNES/Hiouden - Mamono-tachi to no Chikai (Japan).zip	RETROARCH	snes9x_libretro.so
PLAY	SNES	HIRYUU NO KEN S - GOLDEN FIGHTER (JAPAN)	ROMS/SNES/Hiryuu no Ken S - Golden Fighter (Japan).zip	RETROARCH	snes9x_libretro.so
PLAY	SNES	HIRYUU NO KEN S - HYPER VERSION (JAPAN)	ROMS/SNES/Hiryuu no Ken S - Hyper Version (Japan).zip	RETROARCH	snes9x_libretro.so
PLAY	SNES	HISSATSU PACHINKO COLLECTION (JAPAN)	ROMS/SNES/Hissatsu Pachinko Collection (Japan).zip	RETROARCH	snes9x_libretro.so
PLAY	SNES	HISSATSU PACHINKO COLLECTION 2 (JAPAN)	ROMS/SNES/Hissatsu Pachinko Collection 2 (Japan).zip	RETROARCH	snes9x_libretro.so
PLAY	SNES	HISSATSU PACHINKO COLLECTION 3 (JAPAN)	ROMS/SNES/Hissatsu Pachinko Collection 3 (Japan).zip	RETROARCH	snes9x_libretro.so
PLAY	SNES	HISSATSU PACHINKO COLLECTION 4 (JAPAN)	ROMS/SNES/Hissatsu Pachinko Collection 4 (Japan).zip	RETROARCH	snes9x_libretro.so
PLAY	SNES	HISSHOU 777 FIGHTER - PACHI-SLOT RYUUGUU DENSETSU (JAPAN)	ROMS/SNES/Hisshou 777 Fighter - Pachi-Slot Ryuuguu Densetsu (Japan).zip	RETROARCH	snes9x_libretro.so
PLAY	SNES	HISSHOU 777 FIGHTER II - PACHI-SLOT MARUHI JOUHOU (JAPAN)	ROMS/SNES/Hisshou 777 Fighter II - Pachi-Slot Maruhi Jouhou (Japan).zip	RETROARCH	snes9x_libretro.so
PLAY	SNES	HISSHOU 777 FIGHTER III - KOKURYUU OU NO FUKKATSU (JAPAN)	ROMS/SNES/Hisshou 777 Fighter III - Kokuryuu Ou no Fukkatsu (Japan).zip	RETROARCH	snes9x_libretro.so
PLAY	SNES	HISSHOU PACHI-SLOT FUN (JAPAN)	ROMS/SNES/Hisshou Pachi-Slot Fun (Japan).zip	RETROARCH	snes9x_libretro.so
PLAY	SNES	HIT THE ICE - VHL - THE OFFICIAL VIDEO HOCKEY LEAGUE (USA)	ROMS/SNES/Hit the Ice - VHL - The Official Video Hockey League (USA).zip	RETROARCH	snes9x_libretro.so
PLAY	SNES	HOKUTO NO KEN 5 - TENMA RYUUSEIDEN AI ZETSU SHOU (JAPAN)	ROMS/SNES/Hokuto no Ken 5 - Tenma Ryuuseiden Ai Zetsu Shou (Japan).zip	RETROARCH	snes9x_libretro.so
PLAY	SNES	HOKUTO NO KEN 6 - GEKITOU DENSHOUKEN HAOU E NO MICHI (JAPAN)	ROMS/SNES/Hokuto no Ken 6 - Gekitou Denshouken Haou e no Michi (Japan).zip	RETROARCH	snes9x_libretro.so
PLAY	SNES	HOKUTO NO KEN 7 - SEIKEN RETSUDEN DENSHOUSHA E NO MICHI (JAPAN)	ROMS/SNES/Hokuto no Ken 7 - Seiken Retsuden Denshousha e no Michi (Japan).zip	RETROARCH	snes9x_libretro.so
PLAY	SNES	HOLY STRIKER (JAPAN)	ROMS/SNES/Holy Striker (Japan).zip	RETROARCH	snes9x_libretro.so
PLAY	SNES	HOLY UMBRELLA - DONDERA NO MUBOU!! (JAPAN)	ROMS/SNES/Holy Umbrella - Dondera no Mubou!! (Japan).zip	RETROARCH	snes9x_libretro.so
PLAY	SNES	HOME ALONE (USA)	ROMS/SNES/Home Alone (USA).zip	RETROARCH	snes9x_libretro.so
PLAY	SNES	HOME ALONE 2 - LOST IN NEW YORK (USA)	ROMS/SNES/Home Alone 2 - Lost in New York (USA).zip	RETROARCH	snes9x_libretro.so
PLAY	SNES	HOME IMPROVEMENT - POWER TOOL PURSUIT! (USA)	ROMS/SNES/Home Improvement - Power Tool Pursuit! (USA).zip	RETROARCH	snes9x_libretro.so
PLAY	SNES	HONG KONG '97 (JAPAN) (EN,JA,ZH-HANT) (UNL)	ROMS/SNES/Hong Kong '97 (Japan) (En,Ja,Zh-Hant) (Unl).zip	RETROARCH	snes9x_libretro.so
PLAY	SNES	HONKAKU MAHJONG - TETSUMAN (JAPAN)	ROMS/SNES/Honkaku Mahjong - Tetsuman (Japan).zip	RETROARCH	snes9x_libretro.so
PLAY	SNES	HONKAKU MAHJONG - TETSUMAN II (JAPAN)	ROMS/SNES/Honkaku Mahjong - Tetsuman II (Japan).zip	RETROARCH	snes9x_libretro.so
PLAY	SNES	HONKAKU SHOUGI - FUUUNJI RYUUOU (JAPAN)	ROMS/SNES/Honkaku Shougi - Fuuunji Ryuuou (Japan).zip	RETROARCH	snes9x_libretro.so
PLAY	SNES	HONKAKUHA IGO - GOSEI (JAPAN)	ROMS/SNES/Honkakuha Igo - Gosei (Japan).zip	RETROARCH	snes9x_libretro.so
PLAY	SNES	HONKE HANAFUDA (JAPAN)	ROMS/SNES/Honke Hanafuda (Japan).zip	RETROARCH	snes9x_libretro.so
PLAY	SNES	HONKE SANKYO FEVER - JIKKI SIMULATION (JAPAN)	ROMS/SNES/Honke Sankyo Fever - Jikki Simulation (Japan).zip	RETROARCH	snes9x_libretro.so
PLAY	SNES	HONKE SANKYO FEVER 2 - JIKKI SIMULATION (JAPAN)	ROMS/SNES/Honke Sankyo Fever 2 - Jikki Simulation (Japan).zip	RETROARCH	snes9x_libretro.so
PLAY	SNES	HONKE SANKYO FEVER 3 - JIKKI SIMULATION (JAPAN)	ROMS/SNES/Honke Sankyo Fever 3 - Jikki Simulation (Japan).zip	RETROARCH	snes9x_libretro.so
PLAY	SNES	HONOO NO TOUKYUUJI - DODGE DANPEI (JAPAN)	ROMS/SNES/Honoo no Toukyuuji - Dodge Danpei (Japan).zip	RETROARCH	snes9x_libretro.so
PLAY	SNES	HOOK (USA)	ROMS/SNES/Hook (USA).zip	RETROARCH	snes9x_libretro.so
PLAY	SNES	HOUKAGO IN BEPPIN JOGAKUIN (JAPAN)	ROMS/SNES/Houkago in Beppin Jogakuin (Japan).zip	RETROARCH	snes9x_libretro.so
PLAY	SNES	HOURAI GAKUEN NO BOUKEN! - TENKOUSEI SCRAMBLE (JAPAN)	ROMS/SNES/Hourai Gakuen no Bouken! - Tenkousei Scramble (Japan).zip	RETROARCH	snes9x_libretro.so
PLAY	SNES	HUMAN BASEBALL (JAPAN)	ROMS/SNES/Human Baseball (Japan).zip	RETROARCH	snes9x_libretro.so
PLAY	SNES	HUMAN GRAND PRIX (JAPAN) (EN)	ROMS/SNES/Human Grand Prix (Japan) (En).zip	RETROARCH	snes9x_libretro.so
PLAY	SNES	HUMAN GRAND PRIX II (JAPAN) (EN)	ROMS/SNES/Human Grand Prix II (Japan) (En).zip	RETROARCH	snes9x_libretro.so
PLAY	SNES	HUMAN GRAND PRIX III - F1 TRIPLE BATTLE (JAPAN) (EN)	ROMS/SNES/Human Grand Prix III - F1 Triple Battle (Japan) (En).zip	RETROARCH	snes9x_libretro.so
PLAY	SNES	HUMAN GRAND PRIX IV - F1 DREAM BATTLE (JAPAN) (EN)	ROMS/SNES/Human Grand Prix IV - F1 Dream Battle (Japan) (En).zip	RETROARCH	snes9x_libretro.so
PLAY	SNES	HUMANS, THE (EUROPE)	ROMS/SNES/Humans, The (Europe).zip	RETROARCH	snes9x_libretro.so
PLAY	SNES	HUNGRY DINOSAURS (EUROPE)	ROMS/SNES/Hungry Dinosaurs (Europe).zip	RETROARCH	snes9x_libretro.so
PLAY	SNES	HUNT FOR RED OCTOBER, THE (USA)	ROMS/SNES/Hunt for Red October, The (USA).zip	RETROARCH	snes9x_libretro.so
PLAY	SNES	HURRICANES (USA)	ROMS/SNES/Hurricanes (USA).zip	RETROARCH	snes9x_libretro.so
PLAY	SNES	HYPER IRIA (JAPAN)	ROMS/SNES/Hyper Iria (Japan).zip	RETROARCH	snes9x_libretro.so
PLAY	SNES	HYPER V-BALL (USA)	ROMS/SNES/Hyper V-Ball (USA).zip	RETROARCH	snes9x_libretro.so
PLAY	SNES	HYPERZONE (USA)	ROMS/SNES/HyperZone (USA).zip	RETROARCH	snes9x_libretro.so
PLAY	SNES	IDEA NO HI (JAPAN)	ROMS/SNES/Idea no Hi (Japan).zip	RETROARCH	snes9x_libretro.so
PLAY	SNES	IGNITION FACTOR, THE (USA)	ROMS/SNES/Ignition Factor, The (USA).zip	RETROARCH	snes9x_libretro.so
PLAY	SNES	IGO CLUB (JAPAN) (REV 2)	ROMS/SNES/Igo Club (Japan) (Rev 2).zip	RETROARCH	snes9x_libretro.so
PLAY	SNES	IHATOVO MONOGATARI (JAPAN)	ROMS/SNES/Ihatovo Monogatari (Japan).zip	RETROARCH	snes9x_libretro.so
PLAY	SNES	ILLUSION OF GAIA (USA)	ROMS/SNES/Illusion of Gaia (USA).zip	RETROARCH	snes9x_libretro.so
PLAY	SNES	ILLVANIAN NO SHIRO (JAPAN)	ROMS/SNES/Illvanian no Shiro (Japan).zip	RETROARCH	snes9x_libretro.so
PLAY	SNES	IMPERIUM (USA)	ROMS/SNES/Imperium (USA).zip	RETROARCH	snes9x_libretro.so
PLAY	SNES	INAZUMA SERVE DA! SUPER BEACH VOLLEY (JAPAN) (EN)	ROMS/SNES/Inazuma Serve da! Super Beach Volley (Japan) (En).zip	RETROARCH	snes9x_libretro.so
PLAY	SNES	INCANTATION (USA)	ROMS/SNES/Incantation (USA).zip	RETROARCH	snes9x_libretro.so
PLAY	SNES	INCOGNITY - A ROVER STORY (WORLD) (V0.9.1) (AFTERMARKET) (UNL)	ROMS/SNES/Incognity - A Rover Story (World) (v0.9.1) (Aftermarket) (Unl).zip	RETROARCH	snes9x_libretro.so
PLAY	SNES	INCREDIBLE CRASH DUMMIES, THE (USA)	ROMS/SNES/Incredible Crash Dummies, The (USA).zip	RETROARCH	snes9x_libretro.so
PLAY	SNES	INCREDIBLE HULK, THE (USA)	ROMS/SNES/Incredible Hulk, The (USA).zip	RETROARCH	snes9x_libretro.so
PLAY	SNES	INDIANA JONES' GREATEST ADVENTURES (USA)	ROMS/SNES/Indiana Jones' Greatest Adventures (USA).zip	RETROARCH	snes9x_libretro.so
PLAY	SNES	ININDO - WAY OF THE NINJA (USA)	ROMS/SNES/Inindo - Way of the Ninja (USA).zip	RETROARCH	snes9x_libretro.so
PLAY	SNES	INSPECTOR GADGET (USA)	ROMS/SNES/Inspector Gadget (USA).zip	RETROARCH	snes9x_libretro.so
PLAY	SNES	INTERNATIONAL SENSIBLE SOCCER - WORLD CHAMPIONS (EUROPE) (EN,FR,DE,IT) (REV 1)	ROMS/SNES/International Sensible Soccer - World Champions (Europe) (En,Fr,De,It) (Rev 1).zip	RETROARCH	snes9x_libretro.so
PLAY	SNES	INTERNATIONAL SUPERSTAR SOCCER (USA)	ROMS/SNES/International Superstar Soccer (USA).zip	RETROARCH	snes9x_libretro.so
PLAY	SNES	INTERNATIONAL SUPERSTAR SOCCER DELUXE (USA)	ROMS/SNES/International Superstar Soccer Deluxe (USA).zip	RETROARCH	snes9x_libretro.so
PLAY	SNES	INTERNATIONAL TENNIS TOUR (USA)	ROMS/SNES/International Tennis Tour (USA).zip	RETROARCH	snes9x_libretro.so
PLAY	SNES	IPPATSU GYAKUTEN (JAPAN)	ROMS/SNES/Ippatsu Gyakuten (Japan).zip	RETROARCH	snes9x_libretro.so
PLAY	SNES	IREM SKINS GAME, THE (USA)	ROMS/SNES/Irem Skins Game, The (USA).zip	RETROARCH	snes9x_libretro.so
PLAY	SNES	IRON COMMANDO (WORLD) (2022-02-21) (STEAM) (NTSC)	ROMS/SNES/Iron Commando (World) (2022-02-21) (Steam) (NTSC).zip	RETROARCH	snes9x_libretro.so
PLAY	SNES	ISOZURI - RITOU HEN (JAPAN)	ROMS/SNES/Isozuri - Ritou Hen (Japan).zip	RETROARCH	snes9x_libretro.so
PLAY	SNES	ITADAKI STREET 2 - NEON SIGN WA BARAIRO NI (JAPAN)	ROMS/SNES/Itadaki Street 2 - Neon Sign wa Barairo ni (Japan).zip	RETROARCH	snes9x_libretro.so
PLAY	SNES	ITCHY & SCRATCHY GAME, THE (USA)	ROMS/SNES/Itchy & Scratchy Game, The (USA).zip	RETROARCH	snes9x_libretro.so
PLAY	SNES	ITOI SHIGESATO NO BASS TSURI NO. 1 (JAPAN)	ROMS/SNES/Itoi Shigesato no Bass Tsuri No. 1 (Japan).zip	RETROARCH	snes9x_libretro.so
PLAY	SNES	ITOU HATASU ROKUDAN NO SHOUGI DOUJOU (JAPAN) (REV 1)	ROMS/SNES/Itou Hatasu Rokudan no Shougi Doujou (Japan) (Rev 1).zip	RETROARCH	snes9x_libretro.so
PLAY	SNES	IZZY'S QUEST FOR THE OLYMPIC RINGS (USA)	ROMS/SNES/Izzy's Quest for the Olympic Rings (USA).zip	RETROARCH	snes9x_libretro.so
PLAY	SNES	J.LEAGUE '96 DREAM STADIUM (JAPAN)	ROMS/SNES/J.League '96 Dream Stadium (Japan).zip	RETROARCH	snes9x_libretro.so
PLAY	SNES	J.LEAGUE EXCITE STAGE '94 (JAPAN) (REV 1)	ROMS/SNES/J.League Excite Stage '94 (Japan) (Rev 1).zip	RETROARCH	snes9x_libretro.so
PLAY	SNES	J.LEAGUE EXCITE STAGE '95 (JAPAN)	ROMS/SNES/J.League Excite Stage '95 (Japan).zip	RETROARCH	snes9x_libretro.so
PLAY	SNES	J.LEAGUE EXCITE STAGE '96 (JAPAN) (REV 1)	ROMS/SNES/J.League Excite Stage '96 (Japan) (Rev 1).zip	RETROARCH	snes9x_libretro.so
PLAY	SNES	J.LEAGUE SOCCER - PRIME GOAL (JAPAN) (REV 1)	ROMS/SNES/J.League Soccer - Prime Goal (Japan) (Rev 1).zip	RETROARCH	snes9x_libretro.so
PLAY	SNES	J.LEAGUE SOCCER - PRIME GOAL 2 (JAPAN)	ROMS/SNES/J.League Soccer - Prime Goal 2 (Japan).zip	RETROARCH	snes9x_libretro.so
PLAY	SNES	J.LEAGUE SOCCER - PRIME GOAL 3 (JAPAN)	ROMS/SNES/J.League Soccer - Prime Goal 3 (Japan).zip	RETROARCH	snes9x_libretro.so
PLAY	SNES	J.LEAGUE SUPER SOCCER '95 - JIKKYOU STADIUM (JAPAN)	ROMS/SNES/J.League Super Soccer '95 - Jikkyou Stadium (Japan).zip	RETROARCH	snes9x_libretro.so
PLAY	SNES	J.LEAGUE SUPER SOCCER (JAPAN)	ROMS/SNES/J.League Super Soccer (Japan).zip	RETROARCH	snes9x_libretro.so
PLAY	SNES	J.R.R. TOLKIEN'S THE LORD OF THE RINGS - VOLUME 1 (USA)	ROMS/SNES/J.R.R. Tolkien's The Lord of the Rings - Volume 1 (USA).zip	RETROARCH	snes9x_libretro.so
PLAY	SNES	JACK NICKLAUS GOLF (USA)	ROMS/SNES/Jack Nicklaus Golf (USA).zip	RETROARCH	snes9x_libretro.so
PLAY	SNES	JALECO RALLY BIG RUN - THE SUPREME 4WD CHALLENGE (JAPAN) (EN) (REV 1)	ROMS/SNES/Jaleco Rally Big Run - The Supreme 4WD Challenge (Japan) (En) (Rev 1).zip	RETROARCH	snes9x_libretro.so
PLAY	SNES	JAMES BOND JR (USA)	ROMS/SNES/James Bond Jr (USA).zip	RETROARCH	snes9x_libretro.so
PLAY	SNES	JAMMES (JAPAN)	ROMS/SNES/Jammes (Japan).zip	RETROARCH	snes9x_libretro.so
PLAY	SNES	JANYUUKI - GOKUU RANDA (JAPAN)	ROMS/SNES/Janyuuki - Gokuu Randa (Japan).zip	RETROARCH	snes9x_libretro.so
PLAY	SNES	JB THE SUPER BASS (JAPAN)	ROMS/SNES/JB The Super Bass (Japan).zip	RETROARCH	snes9x_libretro.so
PLAY	SNES	JELLY BOY (EUROPE)	ROMS/SNES/Jelly Boy (Europe).zip	RETROARCH	snes9x_libretro.so
PLAY	SNES	JEOPARDY! (USA)	ROMS/SNES/Jeopardy! (USA).zip	RETROARCH	snes9x_libretro.so
PLAY	SNES	JEOPARDY! - DELUXE EDITION (USA)	ROMS/SNES/Jeopardy! - Deluxe Edition (USA).zip	RETROARCH	snes9x_libretro.so
PLAY	SNES	JEOPARDY! - SPORTS EDITION (USA)	ROMS/SNES/Jeopardy! - Sports Edition (USA).zip	RETROARCH	snes9x_libretro.so
PLAY	SNES	JET PILOT RISING (WORLD) (DE) (V1.1) (AFTERMARKET) (UNL)	ROMS/SNES/Jet Pilot Rising (World) (De) (v1.1) (Aftermarket) (Unl).zip	RETROARCH	snes9x_libretro.so
PLAY	SNES	JETSONS, THE - INVASION OF THE PLANET PIRATES (USA)	ROMS/SNES/Jetsons, The - Invasion of the Planet Pirates (USA).zip	RETROARCH	snes9x_libretro.so
PLAY	SNES	JIGSAW PARTY (JAPAN)	ROMS/SNES/Jigsaw Party (Japan).zip	RETROARCH	snes9x_libretro.so
PLAY	SNES	JIKKYOU OSHABERI PARODIUS (JAPAN)	ROMS/SNES/Jikkyou Oshaberi Parodius (Japan).zip	RETROARCH	snes9x_libretro.so
PLAY	SNES	JIKKYOU POWER PRO WRESTLING '96 - MAX VOLTAGE (JAPAN)	ROMS/SNES/Jikkyou Power Pro Wrestling '96 - Max Voltage (Japan).zip	RETROARCH	snes9x_libretro.so
PLAY	SNES	JIKKYOU POWERFUL PRO YAKYUU '94 (JAPAN)	ROMS/SNES/Jikkyou Powerful Pro Yakyuu '94 (Japan).zip	RETROARCH	snes9x_libretro.so
PLAY	SNES	JIKKYOU POWERFUL PRO YAKYUU '96 - KAIMAKU BAN (JAPAN) (REV 1)	ROMS/SNES/Jikkyou Powerful Pro Yakyuu '96 - Kaimaku Ban (Japan) (Rev 1).zip	RETROARCH	snes9x_libretro.so
PLAY	SNES	JIKKYOU POWERFUL PRO YAKYUU - BASIC BAN '98 (JAPAN)	ROMS/SNES/Jikkyou Powerful Pro Yakyuu - Basic Ban '98 (Japan).zip	RETROARCH	snes9x_libretro.so
PLAY	SNES	JIKKYOU POWERFUL PRO YAKYUU 2 (JAPAN) (REV 2)	ROMS/SNES/Jikkyou Powerful Pro Yakyuu 2 (Japan) (Rev 2).zip	RETROARCH	snes9x_libretro.so
PLAY	SNES	JIKKYOU POWERFUL PRO YAKYUU 3 (JAPAN) (REV 1)	ROMS/SNES/Jikkyou Powerful Pro Yakyuu 3 (Japan) (Rev 1).zip	RETROARCH	snes9x_libretro.so
PLAY	SNES	JIKKYOU POWERFUL PRO YAKYUU 3 - '97 HARU (JAPAN) (REV 1)	ROMS/SNES/Jikkyou Powerful Pro Yakyuu 3 - '97 Haru (Japan) (Rev 1).zip	RETROARCH	snes9x_libretro.so
PLAY	SNES	JIKKYOU WORLD SOCCER 2 - FIGHTING ELEVEN (JAPAN) (REV 1) (NP)	ROMS/SNES/Jikkyou World Soccer 2 - Fighting Eleven (Japan) (Rev 1) (NP).zip	RETROARCH	snes9x_libretro.so
PLAY	SNES	JIM LEE'S WILDC.A.T.S - COVERT-ACTION-TEAMS (USA)	ROMS/SNES/Jim Lee's WildC.A.T.S - Covert-Action-Teams (USA).zip	RETROARCH	snes9x_libretro.so
PLAY	SNES	JIM POWER - THE LOST DIMENSION IN 3D (USA)	ROMS/SNES/Jim Power - The Lost Dimension in 3D (USA).zip	RETROARCH	snes9x_libretro.so
PLAY	SNES	JIMMY CONNORS PRO TENNIS TOUR (USA)	ROMS/SNES/Jimmy Connors Pro Tennis Tour (USA).zip	RETROARCH	snes9x_libretro.so
PLAY	SNES	JIMMY HOUSTON'S BASS TOURNAMENT U.S.A. (USA)	ROMS/SNES/Jimmy Houston's Bass Tournament U.S.A. (USA).zip	RETROARCH	snes9x_libretro.so
PLAY	SNES	JISSEN BASS FISHING HISSHOUHOU IN USA (JAPAN)	ROMS/SNES/Jissen Bass Fishing Hisshouhou in USA (Japan).zip	RETROARCH	snes9x_libretro.so
PLAY	SNES	JISSEN KYOUTEI (JAPAN)	ROMS/SNES/Jissen Kyoutei (Japan).zip	RETROARCH	snes9x_libretro.so
PLAY	SNES	JISSEN PACHI-SLOT HISSHOUHOU! TWIN (JAPAN)	ROMS/SNES/Jissen Pachi-Slot Hisshouhou! Twin (Japan).zip	RETROARCH	snes9x_libretro.so
PLAY	SNES	JISSEN PACHI-SLOT HISSHOUHOU! TWIN VOL. 2 (JAPAN)	ROMS/SNES/Jissen Pachi-Slot Hisshouhou! Twin Vol. 2 (Japan).zip	RETROARCH	snes9x_libretro.so
PLAY	SNES	JISSEN PACHINKO HISSHOUHOU! 2 (JAPAN)	ROMS/SNES/Jissen Pachinko Hisshouhou! 2 (Japan).zip	RETROARCH	snes9x_libretro.so
PLAY	SNES	JISSEN! MAHJONG SHINAN (JAPAN)	ROMS/SNES/Jissen! Mahjong Shinan (Japan).zip	RETROARCH	snes9x_libretro.so
PLAY	SNES	JISSEN! PACHI-SLOT HISSHOUHOU! (JAPAN)	ROMS/SNES/Jissen! Pachi-Slot Hisshouhou! (Japan).zip	RETROARCH	snes9x_libretro.so
PLAY	SNES	JISSEN! PACHI-SLOT HISSHOUHOU! 2 (JAPAN) (REV 1)	ROMS/SNES/Jissen! Pachi-Slot Hisshouhou! 2 (Japan) (Rev 1).zip	RETROARCH	snes9x_libretro.so
PLAY	SNES	JISSEN! PACHI-SLOT HISSHOUHOU! CLASSIC (JAPAN)	ROMS/SNES/Jissen! Pachi-Slot Hisshouhou! Classic (Japan).zip	RETROARCH	snes9x_libretro.so
PLAY	SNES	JISSEN! PACHI-SLOT HISSHOUHOU! YAMASA DENSETSU (JAPAN)	ROMS/SNES/Jissen! Pachi-Slot Hisshouhou! Yamasa Densetsu (Japan).zip	RETROARCH	snes9x_libretro.so
PLAY	SNES	JOE & MAC (USA)	ROMS/SNES/Joe & Mac (USA).zip	RETROARCH	snes9x_libretro.so
PLAY	SNES	JOE & MAC - ULTIMATE CAVEMAN COLLECTION (EUROPE) (RETRO-BIT)	ROMS/SNES/Joe & Mac - Ultimate Caveman Collection (Europe) (Retro-Bit).zip	RETROARCH	snes9x_libretro.so
PLAY	SNES	JOE & MAC 2 - LOST IN THE TROPICS (USA)	ROMS/SNES/Joe & Mac 2 - Lost in the Tropics (USA).zip	RETROARCH	snes9x_libretro.so
PLAY	SNES	JOHN MADDEN FOOTBALL '93 (USA) (REV 1)	ROMS/SNES/John Madden Football '93 (USA) (Rev 1).zip	RETROARCH	snes9x_libretro.so
PLAY	SNES	JOHN MADDEN FOOTBALL (USA)	ROMS/SNES/John Madden Football (USA).zip	RETROARCH	snes9x_libretro.so
PLAY	SNES	JOJO NO KIMYOU NA BOUKEN (JAPAN)	ROMS/SNES/JoJo no Kimyou na Bouken (Japan).zip	RETROARCH	snes9x_libretro.so
PLAY	SNES	JOUSHOU MAHJONG TENPAI (JAPAN)	ROMS/SNES/Joushou Mahjong Tenpai (Japan).zip	RETROARCH	snes9x_libretro.so
PLAY	SNES	JUDGE DREDD (USA)	ROMS/SNES/Judge Dredd (USA).zip	RETROARCH	snes9x_libretro.so
PLAY	SNES	JUMPIN' DERBY (JAPAN)	ROMS/SNES/Jumpin' Derby (Japan).zip	RETROARCH	snes9x_libretro.so
PLAY	SNES	JUNGLE BOOK, THE (USA)	ROMS/SNES/Jungle Book, The (USA).zip	RETROARCH	snes9x_libretro.so
PLAY	SNES	JUNGLE NO OUJA TAR-CHAN - SEKAIMANYUU DAIKAKUTOU NO MAKI (JAPAN)	ROMS/SNES/Jungle no Ouja Tar-chan - Sekaimanyuu Daikakutou no Maki (Japan).zip	RETROARCH	snes9x_libretro.so
PLAY	SNES	JUNGLE STRIKE (USA)	ROMS/SNES/Jungle Strike (USA).zip	RETROARCH	snes9x_libretro.so
PLAY	SNES	JUNGLE WARS 2 - KODAI MAHOU ATIMOS NO NAZO (JAPAN)	ROMS/SNES/Jungle Wars 2 - Kodai Mahou Atimos no Nazo (Japan).zip	RETROARCH	snes9x_libretro.so
PLAY	SNES	JURASSIC PARK (USA) (REV 1)	ROMS/SNES/Jurassic Park (USA) (Rev 1).zip	RETROARCH	snes9x_libretro.so
PLAY	SNES	JURASSIC PARK PART 2 - THE CHAOS CONTINUES (USA) (EN,FR,DE,IT)	ROMS/SNES/Jurassic Park Part 2 - The Chaos Continues (USA) (En,Fr,De,It).zip	RETROARCH	snes9x_libretro.so
PLAY	SNES	JUSTICE LEAGUE TASK FORCE (USA)	ROMS/SNES/Justice League Task Force (USA).zip	RETROARCH	snes9x_libretro.so
PLAY	SNES	JUTEI SENKI (JAPAN)	ROMS/SNES/Jutei Senki (Japan).zip	RETROARCH	snes9x_libretro.so
PLAY	SNES	JWP JOSHI PRO WRES - PURE WRESTLE QUEENS (JAPAN)	ROMS/SNES/JWP Joshi Pro Wres - Pure Wrestle Queens (Japan).zip	RETROARCH	snes9x_libretro.so
PLAY	SNES	KA-BLOOEY (USA)	ROMS/SNES/Ka-blooey (USA).zip	RETROARCH	snes9x_libretro.so
PLAY	SNES	KABUKI CHOU REACH MAHJONG TONPUUSEN (JAPAN)	ROMS/SNES/Kabuki Chou Reach Mahjong Tonpuusen (Japan).zip	RETROARCH	snes9x_libretro.so
PLAY	SNES	KABUKI ROCKS (JAPAN)	ROMS/SNES/Kabuki Rocks (Japan).zip	RETROARCH	snes9x_libretro.so
PLAY	SNES	KACHIUMA YOSOU SOFT - BAKEN RENKINJUTSU (JAPAN)	ROMS/SNES/Kachiuma Yosou Soft - Baken Renkinjutsu (Japan).zip	RETROARCH	snes9x_libretro.so
PLAY	SNES	KACHOU SHIMA KOUSAKU (JAPAN)	ROMS/SNES/Kachou Shima Kousaku (Japan).zip	RETROARCH	snes9x_libretro.so
PLAY	SNES	KAGAKUSHA HARLEY NO HARAN BANJOU (JAPAN) (EN)	ROMS/SNES/Kagakusha Harley no Haran Banjou (Japan) (En).zip	RETROARCH	snes9x_libretro.so
PLAY	SNES	KAITE TSUKUTTE ASOBERU DEZAEMON (JAPAN)	ROMS/SNES/Kaite Tsukutte Asoberu Dezaemon (Japan).zip	RETROARCH	snes9x_libretro.so
PLAY	SNES	KAIZOU CHOUJIN SHUBIBINMAN ZERO (JAPAN)	ROMS/SNES/Kaizou Choujin Shubibinman Zero (Japan).zip	RETROARCH	snes9x_libretro.so
PLAY	SNES	KAKINOKI SHOUGI (JAPAN)	ROMS/SNES/Kakinoki Shougi (Japan).zip	RETROARCH	snes9x_libretro.so
PLAY	SNES	KAMAITACHI NO YORU (JAPAN)	ROMS/SNES/Kamaitachi no Yoru (Japan).zip	RETROARCH	snes9x_libretro.so
PLAY	SNES	KAMEN RIDER (JAPAN) (REV 1)	ROMS/SNES/Kamen Rider (Japan) (Rev 1).zip	RETROARCH	snes9x_libretro.so
PLAY	SNES	KAMEN RIDER SD - SHUTSUGEKI!! RIDER MACHINE (JAPAN)	ROMS/SNES/Kamen Rider SD - Shutsugeki!! Rider Machine (Japan).zip	RETROARCH	snes9x_libretro.so
PLAY	SNES	KASHIWAGI SHIGETAKA NO TOP WATER BASSING (JAPAN)	ROMS/SNES/Kashiwagi Shigetaka no Top Water Bassing (Japan).zip	RETROARCH	snes9x_libretro.so
PLAY	SNES	KAT'S RUN - ZEN-NIHON K-CAR SENSHUKEN (JAPAN)	ROMS/SNES/Kat's Run - Zen-Nihon K-Car Senshuken (Japan).zip	RETROARCH	snes9x_libretro.so
PLAY	SNES	KATOU HIFUMI KUDAN - SHOUGI CLUB (JAPAN)	ROMS/SNES/Katou Hifumi Kudan - Shougi Club (Japan).zip	RETROARCH	snes9x_libretro.so
PLAY	SNES	KAWA NO NUSHI TSURI 2 (JAPAN)	ROMS/SNES/Kawa no Nushi Tsuri 2 (Japan).zip	RETROARCH	snes9x_libretro.so
PLAY	SNES	KAWASAKI CARIBBEAN CHALLENGE (USA)	ROMS/SNES/Kawasaki Caribbean Challenge (USA).zip	RETROARCH	snes9x_libretro.so
PLAY	SNES	KAWASAKI SUPERBIKE CHALLENGE (USA)	ROMS/SNES/Kawasaki Superbike Challenge (USA).zip	RETROARCH	snes9x_libretro.so
PLAY	SNES	KEEPER (JAPAN)	ROMS/SNES/Keeper (Japan).zip	RETROARCH	snes9x_libretro.so
PLAY	SNES	KEEPING SNES ALIVE (WORLD) (AFTERMARKET) (UNL)	ROMS/SNES/Keeping SNES Alive (World) (Aftermarket) (Unl).zip	RETROARCH	snes9x_libretro.so
PLAY	SNES	KEIBA EIGHT SPECIAL (JAPAN) (REV 1)	ROMS/SNES/Keiba Eight Special (Japan) (Rev 1).zip	RETROARCH	snes9x_libretro.so
PLAY	SNES	KEIBA EIGHT SPECIAL 2 (JAPAN)	ROMS/SNES/Keiba Eight Special 2 (Japan).zip	RETROARCH	snes9x_libretro.so
PLAY	SNES	KEN GRIFFEY JR. PRESENTS MAJOR LEAGUE BASEBALL (USA) (REV 1)	ROMS/SNES/Ken Griffey Jr. Presents Major League Baseball (USA) (Rev 1).zip	RETROARCH	snes9x_libretro.so
PLAY	SNES	KEN GRIFFEY JR.'S WINNING RUN (USA)	ROMS/SNES/Ken Griffey Jr.'s Winning Run (USA).zip	RETROARCH	snes9x_libretro.so
PLAY	SNES	KENDO RAGE (USA)	ROMS/SNES/Kendo Rage (USA).zip	RETROARCH	snes9x_libretro.so
PLAY	SNES	KENTOU OU WORLD CHAMPION (JAPAN)	ROMS/SNES/Kentou Ou World Champion (Japan).zip	RETROARCH	snes9x_libretro.so
PLAY	SNES	KENYUU DENSETSU YAIBA (JAPAN)	ROMS/SNES/Kenyuu Densetsu Yaiba (Japan).zip	RETROARCH	snes9x_libretro.so
PLAY	SNES	KERO KERO KEROPPI NO BOUKEN NIKKI - NEMURERU MORI NO KEROLEEN (JAPAN)	ROMS/SNES/Kero Kero Keroppi no Bouken Nikki - Nemureru Mori no Keroleen (Japan).zip	RETROARCH	snes9x_libretro.so
PLAY	SNES	KESSEN! DOKAPON OUKOKU IV - DENSETSU NO YUUSHA-TACHI (JAPAN)	ROMS/SNES/Kessen! Dokapon Oukoku IV - Densetsu no Yuusha-tachi (Japan).zip	RETROARCH	snes9x_libretro.so
PLAY	SNES	KEVIN KEEGAN'S PLAYER MANAGER (EUROPE)	ROMS/SNES/Kevin Keegan's Player Manager (Europe).zip	RETROARCH	snes9x_libretro.so
PLAY	SNES	KICK OFF (EUROPE)	ROMS/SNES/Kick Off (Europe).zip	RETROARCH	snes9x_libretro.so
PLAY	SNES	KICK OFF 3 - EUROPEAN CHALLENGE (EUROPE) (EN,FR,DE,ES,IT)	ROMS/SNES/Kick Off 3 - European Challenge (Europe) (En,Fr,De,Es,It).zip	RETROARCH	snes9x_libretro.so
PLAY	SNES	KID KLOWN IN CRAZY CHASE (USA)	ROMS/SNES/Kid Klown in Crazy Chase (USA).zip	RETROARCH	snes9x_libretro.so
PLAY	SNES	KIDOU BUTOUDEN G GUNDAM (JAPAN)	ROMS/SNES/Kidou Butouden G Gundam (Japan).zip	RETROARCH	snes9x_libretro.so
PLAY	SNES	KIDOU KEISATSU PATLABOR (JAPAN)	ROMS/SNES/Kidou Keisatsu Patlabor (Japan).zip	RETROARCH	snes9x_libretro.so
PLAY	SNES	KIDOU SENSHI GUNDAM - CROSS DIMENSION 0079 (JAPAN)	ROMS/SNES/Kidou Senshi Gundam - Cross Dimension 0079 (Japan).zip	RETROARCH	snes9x_libretro.so
PLAY	SNES	KIDOU SENSHI GUNDAM F91 - FORMULA SENKI 0122 (JAPAN)	ROMS/SNES/Kidou Senshi Gundam F91 - Formula Senki 0122 (Japan).zip	RETROARCH	snes9x_libretro.so
PLAY	SNES	KIDOU SENSHI V GUNDAM (JAPAN)	ROMS/SNES/Kidou Senshi V Gundam (Japan).zip	RETROARCH	snes9x_libretro.so
PLAY	SNES	KIDOU SENSHI Z GUNDAM - AWAY TO THE NEWTYPE (JAPAN)	ROMS/SNES/Kidou Senshi Z Gundam - Away to the Newtype (Japan).zip	RETROARCH	snes9x_libretro.so
PLAY	SNES	KIDOU SOUKOU DION (JAPAN) (EN)	ROMS/SNES/Kidou Soukou Dion (Japan) (En).zip	RETROARCH	snes9x_libretro.so
PLAY	SNES	KIJIN KOURINDEN ONI (JAPAN)	ROMS/SNES/Kijin Kourinden Oni (Japan).zip	RETROARCH	snes9x_libretro.so
PLAY	SNES	KIKOU KEISATSU METAL JACK (JAPAN)	ROMS/SNES/Kikou Keisatsu Metal Jack (Japan).zip	RETROARCH	snes9x_libretro.so
PLAY	SNES	KIKUNI MASAHIKO NO JANTOUSHI DORAOU (JAPAN)	ROMS/SNES/Kikuni Masahiko no Jantoushi Doraou (Japan).zip	RETROARCH	snes9x_libretro.so
PLAY	SNES	KIKUNI MASAHIKO NO JANTOUSHI DORAOU 2 (JAPAN)	ROMS/SNES/Kikuni Masahiko no Jantoushi Doraou 2 (Japan).zip	RETROARCH	snes9x_libretro.so
PLAY	SNES	KILLER INSTINCT (USA) (REV 1)	ROMS/SNES/Killer Instinct (USA) (Rev 1).zip	RETROARCH	snes9x_libretro.so
PLAY	SNES	KINDAI MAHJONG SPECIAL (JAPAN)	ROMS/SNES/Kindai Mahjong Special (Japan).zip	RETROARCH	snes9x_libretro.so
PLAY	SNES	KING ARTHUR & THE KNIGHTS OF JUSTICE (USA)	ROMS/SNES/King Arthur & The Knights of Justice (USA).zip	RETROARCH	snes9x_libretro.so
PLAY	SNES	KING ARTHUR'S WORLD (USA)	ROMS/SNES/King Arthur's World (USA).zip	RETROARCH	snes9x_libretro.so
PLAY	SNES	KING OF DRAGONS (USA)	ROMS/SNES/King of Dragons (USA).zip	RETROARCH	snes9x_libretro.so
PLAY	SNES	KING OF FIGHTERS '98, THE (USA) (PIRATE)	ROMS/SNES/King of Fighters '98, The (USA) (Pirate).zip	RETROARCH	snes9x_libretro.so
PLAY	SNES	KING OF FIGHTERS 2000, THE (USA) (PIRATE)	ROMS/SNES/King of Fighters 2000, The (USA) (Pirate).zip	RETROARCH	snes9x_libretro.so
PLAY	SNES	KING OF RALLY, THE - PARIS-MOSCOW-BEIJING (JAPAN)	ROMS/SNES/King of Rally, The - Paris-Moscow-Beijing (Japan).zip	RETROARCH	snes9x_libretro.so
PLAY	SNES	KING OF THE MONSTERS (USA)	ROMS/SNES/King of the Monsters (USA).zip	RETROARCH	snes9x_libretro.so
PLAY	SNES	KING OF THE MONSTERS 2 (USA)	ROMS/SNES/King of the Monsters 2 (USA).zip	RETROARCH	snes9x_libretro.so
PLAY	SNES	KINGYO CHUUIHOU! - TOBIDASE! GAME GAKUEN (JAPAN)	ROMS/SNES/Kingyo Chuuihou! - Tobidase! Game Gakuen (Japan).zip	RETROARCH	snes9x_libretro.so
PLAY	SNES	KINNIKUMAN - DIRTY CHALLENGER (JAPAN)	ROMS/SNES/Kinnikuman - Dirty Challenger (Japan).zip	RETROARCH	snes9x_libretro.so
PLAY	SNES	KIRBY NO KIRAKIRA KIDS (JAPAN)	ROMS/SNES/Kirby no Kirakira Kids (Japan).zip	RETROARCH	snes9x_libretro.so
PLAY	SNES	KIRBY SUPER STAR (USA)	ROMS/SNES/Kirby Super Star (USA).zip	RETROARCH	snes9x_libretro.so
PLAY	SNES	KIRBY'S AVALANCHE (USA)	ROMS/SNES/Kirby's Avalanche (USA).zip	RETROARCH	snes9x_libretro.so
PLAY	SNES	KIRBY'S DREAM COURSE (USA)	ROMS/SNES/Kirby's Dream Course (USA).zip	RETROARCH	snes9x_libretro.so
PLAY	SNES	KIRBY'S DREAM LAND 3 (USA)	ROMS/SNES/Kirby's Dream Land 3 (USA).zip	RETROARCH	snes9x_libretro.so
PLAY	SNES	KISHIN DOUJI ZENKI - BATTLE RAIDEN (JAPAN)	ROMS/SNES/Kishin Douji Zenki - Battle Raiden (Japan).zip	RETROARCH	snes9x_libretro.so
PLAY	SNES	KISHIN DOUJI ZENKI - DENEI RAIBU (JAPAN)	ROMS/SNES/Kishin Douji Zenki - Denei Raibu (Japan).zip	RETROARCH	snes9x_libretro.so
PLAY	SNES	KISHIN DOUJI ZENKI - TENCHI MEIDOU (JAPAN)	ROMS/SNES/Kishin Douji Zenki - Tenchi Meidou (Japan).zip	RETROARCH	snes9x_libretro.so
PLAY	SNES	KITERETSU DAIHYAKKA - CHOUJIKUU SUGOROKU (JAPAN)	ROMS/SNES/Kiteretsu Daihyakka - Choujikuu Sugoroku (Japan).zip	RETROARCH	snes9x_libretro.so
PLAY	SNES	KNIGHTS OF THE ROUND (USA)	ROMS/SNES/Knights of the Round (USA).zip	RETROARCH	snes9x_libretro.so
PLAY	SNES	KONPEKI NO KANTAI (JAPAN)	ROMS/SNES/Konpeki no Kantai (Japan).zip	RETROARCH	snes9x_libretro.so
PLAY	SNES	KOURYAKU CASINO BAR (JAPAN)	ROMS/SNES/Kouryaku Casino Bar (Japan).zip	RETROARCH	snes9x_libretro.so
PLAY	SNES	KOURYUU DENSETSU VILLGUST - KIETA SHOUJO (JAPAN) (REV 1)	ROMS/SNES/Kouryuu Densetsu Villgust - Kieta Shoujo (Japan) (Rev 1).zip	RETROARCH	snes9x_libretro.so
PLAY	SNES	KOURYUU NO MIMI (JAPAN)	ROMS/SNES/Kouryuu no Mimi (Japan).zip	RETROARCH	snes9x_libretro.so
PLAY	SNES	KOUSHIEN 2 (JAPAN)	ROMS/SNES/Koushien 2 (Japan).zip	RETROARCH	snes9x_libretro.so
PLAY	SNES	KOUSHIEN 3 (JAPAN)	ROMS/SNES/Koushien 3 (Japan).zip	RETROARCH	snes9x_libretro.so
PLAY	SNES	KOUSHIEN 4 (JAPAN)	ROMS/SNES/Koushien 4 (Japan).zip	RETROARCH	snes9x_libretro.so
PLAY	SNES	KOUSOKU SHIKOU SHOUGI OU (JAPAN)	ROMS/SNES/Kousoku Shikou Shougi Ou (Japan).zip	RETROARCH	snes9x_libretro.so
PLAY	SNES	KOUTETSU NO KISHI (JAPAN)	ROMS/SNES/Koutetsu no Kishi (Japan).zip	RETROARCH	snes9x_libretro.so
PLAY	SNES	KOUTETSU NO KISHI 2 - SABAKU NO ROMMEL GUNDAN (JAPAN)	ROMS/SNES/Koutetsu no Kishi 2 - Sabaku no Rommel Gundan (Japan).zip	RETROARCH	snes9x_libretro.so
PLAY	SNES	KOUTETSU NO KISHI 3 - GEKITOTSU EUROPE SENSEN (JAPAN) (REV 1)	ROMS/SNES/Koutetsu no Kishi 3 - Gekitotsu Europe Sensen (Japan) (Rev 1).zip	RETROARCH	snes9x_libretro.so
PLAY	SNES	KRUSTY'S SUPER FUN HOUSE (USA) (REV 1)	ROMS/SNES/Krusty's Super Fun House (USA) (Rev 1).zip	RETROARCH	snes9x_libretro.so
PLAY	SNES	KUNIO NO ODEN (JAPAN)	ROMS/SNES/Kunio no Oden (Japan).zip	RETROARCH	snes9x_libretro.so
PLAY	SNES	KUNIO-KUN NO DODGE BALL DA YO ZENIN SHUUGOU! (JAPAN)	ROMS/SNES/Kunio-kun no Dodge Ball Da yo Zenin Shuugou! (Japan).zip	RETROARCH	snes9x_libretro.so
PLAY	SNES	KUNIO-KUN NO DODGE BALL DA YO ZENIN SHUUGOU! - TOURNAMENT SPECIAL (JAPAN)	ROMS/SNES/Kunio-kun no Dodge Ball Da yo Zenin Shuugou! - Tournament Special (Japan).zip	RETROARCH	snes9x_libretro.so
PLAY	SNES	KUUSOU KAGAKU SEKAI GULLIVER BOY (JAPAN)	ROMS/SNES/Kuusou Kagaku Sekai Gulliver Boy (Japan).zip	RETROARCH	snes9x_libretro.so
PLAY	SNES	KYLE PETTY'S NO FEAR RACING (USA)	ROMS/SNES/Kyle Petty's No Fear Racing (USA).zip	RETROARCH	snes9x_libretro.so
PLAY	SNES	KYUUYAKU MEGAMI TENSEI (JAPAN) (REV 1)	ROMS/SNES/Kyuuyaku Megami Tensei (Japan) (Rev 1).zip	RETROARCH	snes9x_libretro.so
PLAY	SNES	LA WARES (JAPAN)	ROMS/SNES/La Wares (Japan).zip	RETROARCH	snes9x_libretro.so
PLAY	SNES	LADY STALKER - KAKO KARA NO CHOUSEN (JAPAN)	ROMS/SNES/Lady Stalker - Kako kara no Chousen (Japan).zip	RETROARCH	snes9x_libretro.so
PLAY	SNES	LAGOON (USA)	ROMS/SNES/Lagoon (USA).zip	RETROARCH	snes9x_libretro.so
PLAY	SNES	LAMBORGHINI AMERICAN CHALLENGE (USA)	ROMS/SNES/Lamborghini American Challenge (USA).zip	RETROARCH	snes9x_libretro.so
PLAY	SNES	LANGRISSER, DER (JAPAN) (REV 1)	ROMS/SNES/Langrisser, Der (Japan) (Rev 1).zip	RETROARCH	snes9x_libretro.so
PLAY	SNES	LAPLACE NO MA (JAPAN)	ROMS/SNES/Laplace no Ma (Japan).zip	RETROARCH	snes9x_libretro.so
PLAY	SNES	LARRY NIXON'S SUPER BASS FISHING (JAPAN) (REV 1)	ROMS/SNES/Larry Nixon's Super Bass Fishing (Japan) (Rev 1).zip	RETROARCH	snes9x_libretro.so
PLAY	SNES	LAST ACTION HERO (USA)	ROMS/SNES/Last Action Hero (USA).zip	RETROARCH	snes9x_libretro.so
PLAY	SNES	LAST BATTLE, THE (JAPAN)	ROMS/SNES/Last Battle, The (Japan).zip	RETROARCH	snes9x_libretro.so
PLAY	SNES	LAST BIBLE III (JAPAN)	ROMS/SNES/Last Bible III (Japan).zip	RETROARCH	snes9x_libretro.so
PLAY	SNES	LAST SUPER, THE (WORLD) (AFTERMARKET) (UNL)	ROMS/SNES/Last Super, The (World) (Aftermarket) (Unl).zip	RETROARCH	snes9x_libretro.so
PLAY	SNES	LAWNMOWER MAN, THE (USA)	ROMS/SNES/Lawnmower Man, The (USA).zip	RETROARCH	snes9x_libretro.so
PLAY	SNES	LEADING COMPANY (JAPAN)	ROMS/SNES/Leading Company (Japan).zip	RETROARCH	snes9x_libretro.so
PLAY	SNES	LEADING JOCKEY (JAPAN)	ROMS/SNES/Leading Jockey (Japan).zip	RETROARCH	snes9x_libretro.so
PLAY	SNES	LEADING JOCKEY 2 (JAPAN)	ROMS/SNES/Leading Jockey 2 (Japan).zip	RETROARCH	snes9x_libretro.so
PLAY	SNES	LEGEND (USA)	ROMS/SNES/Legend (USA).zip	RETROARCH	snes9x_libretro.so
PLAY	SNES	LEGEND OF THE MYSTICAL NINJA, THE (USA)	ROMS/SNES/Legend of the Mystical Ninja, The (USA).zip	RETROARCH	snes9x_libretro.so
PLAY	SNES	LEGEND OF ZELDA, THE (WORLD) (DIGITAL) (REV-G) (AFTERMARKET) (PIRATE)	ROMS/SNES/Legend of Zelda, The (World) (Digital) (REV-G) (Aftermarket) (Pirate).zip	RETROARCH	snes9x_libretro.so
PLAY	SNES	LEGEND OF ZELDA, THE - A LINK TO THE PAST (USA)	ROMS/SNES/Legend of Zelda, The - A Link to the Past (USA).zip	RETROARCH	snes9x_libretro.so
PLAY	SNES	LEMMINGS (USA) (REV 1)	ROMS/SNES/Lemmings (USA) (Rev 1).zip	RETROARCH	snes9x_libretro.so
PLAY	SNES	LEMMINGS 2 - THE TRIBES (USA)	ROMS/SNES/Lemmings 2 - The Tribes (USA).zip	RETROARCH	snes9x_libretro.so
PLAY	SNES	LENNUS II - FUUIN NO SHITO (JAPAN)	ROMS/SNES/Lennus II - Fuuin no Shito (Japan).zip	RETROARCH	snes9x_libretro.so
PLAY	SNES	LESTER THE UNLIKELY (USA)	ROMS/SNES/Lester the Unlikely (USA).zip	RETROARCH	snes9x_libretro.so
PLAY	SNES	LETHAL ENFORCERS (USA)	ROMS/SNES/Lethal Enforcers (USA).zip	RETROARCH	snes9x_libretro.so
PLAY	SNES	LETHAL WEAPON (USA)	ROMS/SNES/Lethal Weapon (USA).zip	RETROARCH	snes9x_libretro.so
PLAY	SNES	LIBBLE RABBLE (JAPAN)	ROMS/SNES/Libble Rabble (Japan).zip	RETROARCH	snes9x_libretro.so
PLAY	SNES	LIBERTY OR DEATH (USA)	ROMS/SNES/Liberty or Death (USA).zip	RETROARCH	snes9x_libretro.so
PLAY	SNES	LIGHT FANTASY (JAPAN)	ROMS/SNES/Light Fantasy (Japan).zip	RETROARCH	snes9x_libretro.so
PLAY	SNES	LIGHT FANTASY II (JAPAN)	ROMS/SNES/Light Fantasy II (Japan).zip	RETROARCH	snes9x_libretro.so
PLAY	SNES	LION KING, THE (USA)	ROMS/SNES/Lion King, The (USA).zip	RETROARCH	snes9x_libretro.so
PLAY	SNES	LITTLE MAGIC (JAPAN)	ROMS/SNES/Little Magic (Japan).zip	RETROARCH	snes9x_libretro.so
PLAY	SNES	LITTLE MASTER - NIJIIRO NO MASEKI (JAPAN)	ROMS/SNES/Little Master - Nijiiro no Maseki (Japan).zip	RETROARCH	snes9x_libretro.so
PLAY	SNES	LITTLE MEDUSA (USA) (AFTERMARKET) (UNL)	ROMS/SNES/Little Medusa (USA) (Aftermarket) (Unl).zip	RETROARCH	snes9x_libretro.so
PLAY	SNES	LIVE A LIVE (JAPAN)	ROMS/SNES/Live A Live (Japan).zip	RETROARCH	snes9x_libretro.so
PLAY	SNES	LIZARD (WORLD) (AFTERMARKET) (UNL)	ROMS/SNES/Lizard (World) (Aftermarket) (Unl).zip	RETROARCH	snes9x_libretro.so
PLAY	SNES	LOCK ON (USA)	ROMS/SNES/Lock On (USA).zip	RETROARCH	snes9x_libretro.so
PLAY	SNES	LODE RUNNER TWIN - JUSTY TO LIBERTY NO DAIBOUKEN (JAPAN)	ROMS/SNES/Lode Runner Twin - Justy to Liberty no Daibouken (Japan).zip	RETROARCH	snes9x_libretro.so
PLAY	SNES	LODOSS-TOU SENKI (JAPAN)	ROMS/SNES/Lodoss-tou Senki (Japan).zip	RETROARCH	snes9x_libretro.so
PLAY	SNES	LOGOS PANIC GOAISATSU (JAPAN)	ROMS/SNES/Logos Panic Goaisatsu (Japan).zip	RETROARCH	snes9x_libretro.so
PLAY	SNES	LOONEY TUNES B-BALL (USA)	ROMS/SNES/Looney Tunes B-Ball (USA).zip	RETROARCH	snes9x_libretro.so
PLAY	SNES	LORD MONARCH (JAPAN) (REV 1) (NP)	ROMS/SNES/Lord Monarch (Japan) (Rev 1) (NP).zip	RETROARCH	snes9x_libretro.so
PLAY	SNES	LORD OF DARKNESS (USA)	ROMS/SNES/Lord of Darkness (USA).zip	RETROARCH	snes9x_libretro.so
PLAY	SNES	LOST VIKINGS 2 (USA)	ROMS/SNES/Lost Vikings 2 (USA).zip	RETROARCH	snes9x_libretro.so
PLAY	SNES	LOST VIKINGS, THE (USA)	ROMS/SNES/Lost Vikings, The (USA).zip	RETROARCH	snes9x_libretro.so
PLAY	SNES	LOTHAR MATTHAEUS SUPER SOCCER (GERMANY)	ROMS/SNES/Lothar Matthaeus Super Soccer (Germany).zip	RETROARCH	snes9x_libretro.so
PLAY	SNES	LOVE QUEST (JAPAN)	ROMS/SNES/Love Quest (Japan).zip	RETROARCH	snes9x_libretro.so
PLAY	SNES	LUCKY LUKE (EUROPE) (EN,FR,DE,ES)	ROMS/SNES/Lucky Luke (Europe) (En,Fr,De,Es).zip	RETROARCH	snes9x_libretro.so
PLAY	SNES	LUFIA & THE FORTRESS OF DOOM (USA)	ROMS/SNES/Lufia & the Fortress of Doom (USA).zip	RETROARCH	snes9x_libretro.so
PLAY	SNES	LUFIA II - RISE OF THE SINISTRALS (USA)	ROMS/SNES/Lufia II - Rise of the Sinistrals (USA).zip	RETROARCH	snes9x_libretro.so
PLAY	SNES	LUPIN SANSEI - DENSETSU NO HIHOU O OE! (JAPAN)	ROMS/SNES/Lupin Sansei - Densetsu no Hihou o Oe! (Japan).zip	RETROARCH	snes9x_libretro.so
PLAY	SNES	MADDEN NFL '94 (USA)	ROMS/SNES/Madden NFL '94 (USA).zip	RETROARCH	snes9x_libretro.so
PLAY	SNES	MADDEN NFL 95 (USA)	ROMS/SNES/Madden NFL 95 (USA).zip	RETROARCH	snes9x_libretro.so
PLAY	SNES	MADDEN NFL 96 (USA)	ROMS/SNES/Madden NFL 96 (USA).zip	RETROARCH	snes9x_libretro.so
PLAY	SNES	MADDEN NFL 97 (USA)	ROMS/SNES/Madden NFL 97 (USA).zip	RETROARCH	snes9x_libretro.so
PLAY	SNES	MADDEN NFL 98 (USA)	ROMS/SNES/Madden NFL 98 (USA).zip	RETROARCH	snes9x_libretro.so
PLAY	SNES	MADOU MONOGATARI - HANAMARU DAIYOUCHIENJI (JAPAN)	ROMS/SNES/Madou Monogatari - Hanamaru Daiyouchienji (Japan).zip	RETROARCH	snes9x_libretro.so
PLAY	SNES	MAERCHEN ADVENTURE COTTON 100% (USA) (STRICTLY LIMITED GAMES)	ROMS/SNES/Maerchen Adventure Cotton 100% (USA) (Strictly Limited Games).zip	RETROARCH	snes9x_libretro.so
PLAY	SNES	MAGIC BOY (USA)	ROMS/SNES/Magic Boy (USA).zip	RETROARCH	snes9x_libretro.so
PLAY	SNES	MAGIC KNIGHT RAYEARTH (JAPAN)	ROMS/SNES/Magic Knight Rayearth (Japan).zip	RETROARCH	snes9x_libretro.so
PLAY	SNES	MAGIC SWORD (USA)	ROMS/SNES/Magic Sword (USA).zip	RETROARCH	snes9x_libretro.so
PLAY	SNES	MAGICAL DROP (JAPAN)	ROMS/SNES/Magical Drop (Japan).zip	RETROARCH	snes9x_libretro.so
PLAY	SNES	MAGICAL DROP II (USA, EUROPE) (SWITCH ONLINE)	ROMS/SNES/Magical Drop II (USA, Europe) (Switch Online).zip	RETROARCH	snes9x_libretro.so
PLAY	SNES	MAGICAL POP'N (JAPAN)	ROMS/SNES/Magical Pop'n (Japan).zip	RETROARCH	snes9x_libretro.so
PLAY	SNES	MAGICAL QUEST STARRING MICKEY MOUSE, THE (USA) (REV 1)	ROMS/SNES/Magical Quest Starring Mickey Mouse, The (USA) (Rev 1).zip	RETROARCH	snes9x_libretro.so
PLAY	SNES	MAGICAL TARURUUTO-KUN - MAGIC ADVENTURE (JAPAN)	ROMS/SNES/Magical Taruruuto-kun - Magic Adventure (Japan).zip	RETROARCH	snes9x_libretro.so
PLAY	SNES	MAGNA BRABAN - HENREKI NO YUUSHA (JAPAN)	ROMS/SNES/Magna Braban - Henreki no Yuusha (Japan).zip	RETROARCH	snes9x_libretro.so
PLAY	SNES	MAHJONG CLUB (JAPAN)	ROMS/SNES/Mahjong Club (Japan).zip	RETROARCH	snes9x_libretro.so
PLAY	SNES	MAHJONG GOKUU TENJIKU (JAPAN)	ROMS/SNES/Mahjong Gokuu Tenjiku (Japan).zip	RETROARCH	snes9x_libretro.so
PLAY	SNES	MAHJONG HANJOUKI (JAPAN)	ROMS/SNES/Mahjong Hanjouki (Japan).zip	RETROARCH	snes9x_libretro.so
PLAY	SNES	MAHJONG HISHOUDEN - SHIN NAKI NO RYUU (JAPAN)	ROMS/SNES/Mahjong Hishouden - Shin Naki no Ryuu (Japan).zip	RETROARCH	snes9x_libretro.so
PLAY	SNES	MAHJONG SENGOKU MONOGATARI (JAPAN)	ROMS/SNES/Mahjong Sengoku Monogatari (Japan).zip	RETROARCH	snes9x_libretro.so
PLAY	SNES	MAHJONG TAIKAI II (JAPAN) (REV 1)	ROMS/SNES/Mahjong Taikai II (Japan) (Rev 1).zip	RETROARCH	snes9x_libretro.so
PLAY	SNES	MAHJONG TOUHAIDEN, THE (JAPAN)	ROMS/SNES/Mahjong Touhaiden, The (Japan).zip	RETROARCH	snes9x_libretro.so
PLAY	SNES	MAHOU POI POI POITTO! (JAPAN)	ROMS/SNES/Mahou Poi Poi Poitto! (Japan).zip	RETROARCH	snes9x_libretro.so
PLAY	SNES	MAHOUJIN GURUGURU (JAPAN)	ROMS/SNES/Mahoujin Guruguru (Japan).zip	RETROARCH	snes9x_libretro.so
PLAY	SNES	MAHOUJIN GURUGURU 2 (JAPAN)	ROMS/SNES/Mahoujin Guruguru 2 (Japan).zip	RETROARCH	snes9x_libretro.so
PLAY	SNES	MAJIN TENSEI (JAPAN) (REV 2)	ROMS/SNES/Majin Tensei (Japan) (Rev 2).zip	RETROARCH	snes9x_libretro.so
PLAY	SNES	MAJIN TENSEI II - SPIRAL NEMESIS (JAPAN)	ROMS/SNES/Majin Tensei II - Spiral Nemesis (Japan).zip	RETROARCH	snes9x_libretro.so
PLAY	SNES	MAJUU OU (JAPAN)	ROMS/SNES/Majuu Ou (Japan).zip	RETROARCH	snes9x_libretro.so
PLAY	SNES	MAKA MAKA (JAPAN)	ROMS/SNES/Maka Maka (Japan).zip	RETROARCH	snes9x_libretro.so
PLAY	SNES	MAKERUNA! MAKENDOU 2 - KIMERO! YOUKAI SOURIDAIJIN (JAPAN)	ROMS/SNES/Makeruna! Makendou 2 - Kimero! Youkai Souridaijin (Japan).zip	RETROARCH	snes9x_libretro.so
PLAY	SNES	MANCHESTER UNITED CHAMPIONSHIP SOCCER (EUROPE)	ROMS/SNES/Manchester United Championship Soccer (Europe).zip	RETROARCH	snes9x_libretro.so
PLAY	SNES	MARIO IS MISSING! (USA)	ROMS/SNES/Mario Is Missing! (USA).zip	RETROARCH	snes9x_libretro.so
PLAY	SNES	MARIO NO SUPER PICROSS (JAPAN)	ROMS/SNES/Mario no Super Picross (Japan).zip	RETROARCH	snes9x_libretro.so
PLAY	SNES	MARIO PAINT (JAPAN, USA) (EN)	ROMS/SNES/Mario Paint (Japan, USA) (En).zip	RETROARCH	snes9x_libretro.so
PLAY	SNES	MARIO TO WARIO (JAPAN) (EN)	ROMS/SNES/Mario to Wario (Japan) (En).zip	RETROARCH	snes9x_libretro.so
PLAY	SNES	MARIO'S EARLY YEARS - FUN WITH LETTERS (USA)	ROMS/SNES/Mario's Early Years - Fun with Letters (USA).zip	RETROARCH	snes9x_libretro.so
PLAY	SNES	MARIO'S EARLY YEARS - FUN WITH NUMBERS (USA)	ROMS/SNES/Mario's Early Years - Fun with Numbers (USA).zip	RETROARCH	snes9x_libretro.so
PLAY	SNES	MARIO'S EARLY YEARS - PRESCHOOL FUN (USA)	ROMS/SNES/Mario's Early Years - Preschool Fun (USA).zip	RETROARCH	snes9x_libretro.so
PLAY	SNES	MARIO'S TIME MACHINE (USA)	ROMS/SNES/Mario's Time Machine (USA).zip	RETROARCH	snes9x_libretro.so
PLAY	SNES	MARK DAVIS' THE FISHING MASTER (USA)	ROMS/SNES/Mark Davis' The Fishing Master (USA).zip	RETROARCH	snes9x_libretro.so
PLAY	SNES	MARKO'S MAGIC FOOTBALL (EUROPE) (EN,FR,DE,ES)	ROMS/SNES/Marko's Magic Football (Europe) (En,Fr,De,Es).zip	RETROARCH	snes9x_libretro.so
PLAY	SNES	MARMALADE BOY (JAPAN)	ROMS/SNES/Marmalade Boy (Japan).zip	RETROARCH	snes9x_libretro.so
PLAY	SNES	MARVEL SUPER HEROES IN WAR OF THE GEMS (USA)	ROMS/SNES/Marvel Super Heroes in War of the Gems (USA).zip	RETROARCH	snes9x_libretro.so
PLAY	SNES	MARVEL SUPER HEROES VS. STREET FIGHTER (USA) (PIRATE)	ROMS/SNES/Marvel Super Heroes vs. Street Fighter (USA) (Pirate).zip	RETROARCH	snes9x_libretro.so
PLAY	SNES	MARVELOUS - MOUHITOTSU NO TAKARA-JIMA (JAPAN)	ROMS/SNES/Marvelous - Mouhitotsu no Takara-jima (Japan).zip	RETROARCH	snes9x_libretro.so
PLAY	SNES	MARY SHELLEY'S FRANKENSTEIN (USA)	ROMS/SNES/Mary Shelley's Frankenstein (USA).zip	RETROARCH	snes9x_libretro.so
PLAY	SNES	MASK, THE (USA)	ROMS/SNES/Mask, The (USA).zip	RETROARCH	snes9x_libretro.so
PLAY	SNES	MASTERS - HARUKANARU AUGUSTA 2 (JAPAN)	ROMS/SNES/Masters - Harukanaru Augusta 2 (Japan).zip	RETROARCH	snes9x_libretro.so
PLAY	SNES	MASTERS NEW - HARUKANARU AUGUSTA 3 (JAPAN) (REV 1)	ROMS/SNES/Masters New - Harukanaru Augusta 3 (Japan) (Rev 1).zip	RETROARCH	snes9x_libretro.so
PLAY	SNES	MATEN DENSETSU - SENRITSU NO OOPARTS (JAPAN)	ROMS/SNES/Maten Densetsu - Senritsu no Ooparts (Japan).zip	RETROARCH	snes9x_libretro.so
PLAY	SNES	MATH BLASTER - EPISODE 1 (USA)	ROMS/SNES/Math Blaster - Episode 1 (USA).zip	RETROARCH	snes9x_libretro.so
PLAY	SNES	MATSUKATA HIROKI NO SUPER TROLLING (JAPAN)	ROMS/SNES/Matsukata Hiroki no Super Trolling (Japan).zip	RETROARCH	snes9x_libretro.so
PLAY	SNES	MATSUMURA KUNIHIRO DEN - SAIKYOU NO REKISHI O NURIKAERO! (JAPAN)	ROMS/SNES/Matsumura Kunihiro Den - Saikyou no Rekishi o Nurikaero! (Japan).zip	RETROARCH	snes9x_libretro.so
PLAY	SNES	MAUI MALLARD IN COLD SHADOW (USA)	ROMS/SNES/Maui Mallard in Cold Shadow (USA).zip	RETROARCH	snes9x_libretro.so
PLAY	SNES	MAZEZAM CHALLENGE (WORLD) (EN,FR) (V1.2) (AFTERMARKET) (UNL)	ROMS/SNES/MazezaM Challenge (World) (En,Fr) (v1.2) (Aftermarket) (Unl).zip	RETROARCH	snes9x_libretro.so
PLAY	SNES	MAZEZAM CHALLENGE DX (WORLD) (EN,FR) (V2.1) (NTSC) (AFTERMARKET) (UNL)	ROMS/SNES/MazezaM Challenge DX (World) (En,Fr) (v2.1) (NTSC) (Aftermarket) (Unl).zip	RETROARCH	snes9x_libretro.so
PLAY	SNES	MAZINGER Z (JAPAN)	ROMS/SNES/Mazinger Z (Japan).zip	RETROARCH	snes9x_libretro.so
PLAY	SNES	MECAROBOT GOLF (USA)	ROMS/SNES/Mecarobot Golf (USA).zip	RETROARCH	snes9x_libretro.so
PLAY	SNES	MECHWARRIOR (USA)	ROMS/SNES/MechWarrior (USA).zip	RETROARCH	snes9x_libretro.so
PLAY	SNES	MECHWARRIOR 3050 (USA)	ROMS/SNES/MechWarrior 3050 (USA).zip	RETROARCH	snes9x_libretro.so
PLAY	SNES	MEGA FAMILY BROS (WORLD) (AFTERMARKET) (UNL)	ROMS/SNES/Mega Family Bros (World) (Aftermarket) (Unl).zip	RETROARCH	snes9x_libretro.so
PLAY	SNES	MEGA MAN 7 (USA)	ROMS/SNES/Mega Man 7 (USA).zip	RETROARCH	snes9x_libretro.so
PLAY	SNES	MEGA MAN II (WORLD) (REV-C) (AFTERMARKET) (PIRATE)	ROMS/SNES/Mega Man II (World) (REV-C) (Aftermarket) (Pirate).zip	RETROARCH	snes9x_libretro.so
PLAY	SNES	MEGA MAN IV (WORLD) (REV-E) (AFTERMARKET) (PIRATE)	ROMS/SNES/Mega Man IV (World) (REV-E) (Aftermarket) (Pirate).zip	RETROARCH	snes9x_libretro.so
PLAY	SNES	MEGA MAN SOCCER (USA)	ROMS/SNES/Mega Man Soccer (USA).zip	RETROARCH	snes9x_libretro.so
PLAY	SNES	MEGA MAN X (USA) (REV 1)	ROMS/SNES/Mega Man X (USA) (Rev 1).zip	RETROARCH	snes9x_libretro.so
PLAY	SNES	MEGA MAN X2 (USA)	ROMS/SNES/Mega Man X2 (USA).zip	RETROARCH	snes9x_libretro.so
PLAY	SNES	MEGA MAN X3 (USA)	ROMS/SNES/Mega Man X3 (USA).zip	RETROARCH	snes9x_libretro.so
PLAY	SNES	MEGA-LO-MANIA (EUROPE) (EN,FR,DE)	ROMS/SNES/Mega-lo-Mania (Europe) (En,Fr,De).zip	RETROARCH	snes9x_libretro.so
PLAY	SNES	MELFAND STORIES (JAPAN)	ROMS/SNES/Melfand Stories (Japan).zip	RETROARCH	snes9x_libretro.so
PLAY	SNES	MEN IN BLACK (USA) (PIRATE)	ROMS/SNES/Men in Black (USA) (Pirate).zip	RETROARCH	snes9x_libretro.so
PLAY	SNES	METAL COMBAT - FALCON'S REVENGE (USA)	ROMS/SNES/Metal Combat - Falcon's Revenge (USA).zip	RETROARCH	snes9x_libretro.so
PLAY	SNES	METAL MARINES (USA)	ROMS/SNES/Metal Marines (USA).zip	RETROARCH	snes9x_libretro.so
PLAY	SNES	METAL MAX 2 (JAPAN)	ROMS/SNES/Metal Max 2 (Japan).zip	RETROARCH	snes9x_libretro.so
PLAY	SNES	METAL MAX RETURNS (JAPAN)	ROMS/SNES/Metal Max Returns (Japan).zip	RETROARCH	snes9x_libretro.so
PLAY	SNES	METAL MORPH (USA)	ROMS/SNES/Metal Morph (USA).zip	RETROARCH	snes9x_libretro.so
PLAY	SNES	METAL SLADER GLORY - DIRECTOR'S CUT (JAPAN) (NP)	ROMS/SNES/Metal Slader Glory - Director's Cut (Japan) (NP).zip	RETROARCH	snes9x_libretro.so
PLAY	SNES	METAL WARRIORS (USA)	ROMS/SNES/Metal Warriors (USA).zip	RETROARCH	snes9x_libretro.so
PLAY	SNES	METROID (WORLD) (REV-E) (AFTERMARKET) (PIRATE)	ROMS/SNES/Metroid (World) (REV-E) (Aftermarket) (Pirate).zip	RETROARCH	snes9x_libretro.so
PLAY	SNES	MICHAEL ANDRETTI'S INDY CAR CHALLENGE (USA)	ROMS/SNES/Michael Andretti's Indy Car Challenge (USA).zip	RETROARCH	snes9x_libretro.so
PLAY	SNES	MICHAEL JORDAN - CHAOS IN THE WINDY CITY (USA)	ROMS/SNES/Michael Jordan - Chaos in the Windy City (USA).zip	RETROARCH	snes9x_libretro.so
PLAY	SNES	MICKEY MANIA - THE TIMELESS ADVENTURES OF MICKEY MOUSE (USA)	ROMS/SNES/Mickey Mania - The Timeless Adventures of Mickey Mouse (USA).zip	RETROARCH	snes9x_libretro.so
PLAY	SNES	MICKEY NO TOKYO DISNEYLAND DAIBOUKEN (JAPAN)	ROMS/SNES/Mickey no Tokyo Disneyland Daibouken (Japan).zip	RETROARCH	snes9x_libretro.so
PLAY	SNES	MICKEY TO DONALD - MAGICAL ADVENTURE 3 (JAPAN)	ROMS/SNES/Mickey to Donald - Magical Adventure 3 (Japan).zip	RETROARCH	snes9x_libretro.so
PLAY	SNES	MICKEY'S ULTIMATE CHALLENGE (USA)	ROMS/SNES/Mickey's Ultimate Challenge (USA).zip	RETROARCH	snes9x_libretro.so
PLAY	SNES	MICRO MACHINES (USA)	ROMS/SNES/Micro Machines (USA).zip	RETROARCH	snes9x_libretro.so
PLAY	SNES	MICRO MACHINES 2 - TURBO TOURNAMENT (EUROPE)	ROMS/SNES/Micro Machines 2 - Turbo Tournament (Europe).zip	RETROARCH	snes9x_libretro.so
PLAY	SNES	MIGHT AND MAGIC II (EUROPE)	ROMS/SNES/Might and Magic II (Europe).zip	RETROARCH	snes9x_libretro.so
PLAY	SNES	MIGHT AND MAGIC III - ISLES OF TERRA (USA)	ROMS/SNES/Might and Magic III - Isles of Terra (USA).zip	RETROARCH	snes9x_libretro.so
PLAY	SNES	MIGHTY MAX (USA)	ROMS/SNES/Mighty Max (USA).zip	RETROARCH	snes9x_libretro.so
PLAY	SNES	MIGHTY MORPHIN POWER RANGERS (USA)	ROMS/SNES/Mighty Morphin Power Rangers (USA).zip	RETROARCH	snes9x_libretro.so
PLAY	SNES	MIGHTY MORPHIN POWER RANGERS - THE FIGHTING EDITION (USA)	ROMS/SNES/Mighty Morphin Power Rangers - The Fighting Edition (USA).zip	RETROARCH	snes9x_libretro.so
PLAY	SNES	MIGHTY MORPHIN POWER RANGERS - THE MOVIE (USA)	ROMS/SNES/Mighty Morphin Power Rangers - The Movie (USA).zip	RETROARCH	snes9x_libretro.so
PLAY	SNES	MILANDRA (JAPAN)	ROMS/SNES/Milandra (Japan).zip	RETROARCH	snes9x_libretro.so
PLAY	SNES	MINI YONKU LET'S & GO!! - POWER WGP 2 (JAPAN)	ROMS/SNES/Mini Yonku Let's & Go!! - Power WGP 2 (Japan).zip	RETROARCH	snes9x_libretro.so
PLAY	SNES	MINI YONKU SHINING SCORPION - LET'S & GO!! (JAPAN)	ROMS/SNES/Mini Yonku Shining Scorpion - Let's & Go!! (Japan).zip	RETROARCH	snes9x_libretro.so
PLAY	SNES	MIRACLE CASINO PARADISE (JAPAN)	ROMS/SNES/Miracle Casino Paradise (Japan).zip	RETROARCH	snes9x_libretro.so
PLAY	SNES	MIRACLE GIRLS (JAPAN)	ROMS/SNES/Miracle Girls (Japan).zip	RETROARCH	snes9x_libretro.so
PLAY	SNES	MIRACLE PIANO TEACHING SYSTEM, THE (USA)	ROMS/SNES/Miracle Piano Teaching System, The (USA).zip	RETROARCH	snes9x_libretro.so
PLAY	SNES	MIYAJI SHACHOU NO PACHINKO FAN - SHOURI SENGEN 2 (JAPAN)	ROMS/SNES/Miyaji Shachou no Pachinko Fan - Shouri Sengen 2 (Japan).zip	RETROARCH	snes9x_libretro.so
PLAY	SNES	MIZUKI SHIGERU NO YOUKAI HYAKKIYAKOU (JAPAN)	ROMS/SNES/Mizuki Shigeru no Youkai Hyakkiyakou (Japan).zip	RETROARCH	snes9x_libretro.so
PLAY	SNES	MLBPA BASEBALL (USA)	ROMS/SNES/MLBPA Baseball (USA).zip	RETROARCH	snes9x_libretro.so
PLAY	SNES	MOHAWK & HEADPHONE JACK (USA)	ROMS/SNES/Mohawk & Headphone Jack (USA).zip	RETROARCH	snes9x_libretro.so
PLAY	SNES	MOMOTAROU DENTETSU HAPPY (JAPAN)	ROMS/SNES/Momotarou Dentetsu Happy (Japan).zip	RETROARCH	snes9x_libretro.so
PLAY	SNES	MONOPOLY (USA) (REV 1)	ROMS/SNES/Monopoly (USA) (Rev 1).zip	RETROARCH	snes9x_libretro.so
PLAY	SNES	MONOPOLY GAME 2, THE (JAPAN) (REV 1)	ROMS/SNES/Monopoly Game 2, The (Japan) (Rev 1).zip	RETROARCH	snes9x_libretro.so
PLAY	SNES	MONSTANIA (JAPAN)	ROMS/SNES/Monstania (Japan).zip	RETROARCH	snes9x_libretro.so
PLAY	SNES	MONSTER MAKER III - HIKARI NO MAJUTSUSHI (JAPAN)	ROMS/SNES/Monster Maker III - Hikari no Majutsushi (Japan).zip	RETROARCH	snes9x_libretro.so
PLAY	SNES	MONSTER MAKER KIDS - OUSAMA NI NARITAI (JAPAN)	ROMS/SNES/Monster Maker Kids - Ousama ni Naritai (Japan).zip	RETROARCH	snes9x_libretro.so
PLAY	SNES	MORTAL KOMBAT (USA) (REV 1)	ROMS/SNES/Mortal Kombat (USA) (Rev 1).zip	RETROARCH	snes9x_libretro.so
PLAY	SNES	MORTAL KOMBAT 3 (USA)	ROMS/SNES/Mortal Kombat 3 (USA).zip	RETROARCH	snes9x_libretro.so
PLAY	SNES	MORTAL KOMBAT II (USA) (REV 1)	ROMS/SNES/Mortal Kombat II (USA) (Rev 1).zip	RETROARCH	snes9x_libretro.so
PLAY	SNES	MORTAL KOMBAT MYTHOLOGIES - GOLD 2000 (USA) (PIRATE)	ROMS/SNES/Mortal Kombat Mythologies - Gold 2000 (USA) (Pirate).zip	RETROARCH	snes9x_libretro.so
PLAY	SNES	MOTO-X (WORLD) (AFTERMARKET) (UNL)	ROMS/SNES/Moto-X (World) (Aftermarket) (Unl).zip	RETROARCH	snes9x_libretro.so
PLAY	SNES	MOTOKO-CHAN NO WONDER KITCHEN (JAPAN)	ROMS/SNES/Motoko-chan no Wonder Kitchen (Japan).zip	RETROARCH	snes9x_libretro.so
PLAY	SNES	MOTTEKE OH! DOROBOU (JAPAN)	ROMS/SNES/Motteke Oh! Dorobou (Japan).zip	RETROARCH	snes9x_libretro.so
PLAY	SNES	MOURYOU SENKI MADARA 2 (JAPAN)	ROMS/SNES/Mouryou Senki Madara 2 (Japan).zip	RETROARCH	snes9x_libretro.so
PLAY	SNES	MR. BLOPPY SAVES THE WORLD (WORLD) (AFTERMARKET) (UNL)	ROMS/SNES/Mr. Bloppy Saves the World (World) (Aftermarket) (Unl).zip	RETROARCH	snes9x_libretro.so
PLAY	SNES	MR. DO! (USA)	ROMS/SNES/Mr. Do! (USA).zip	RETROARCH	snes9x_libretro.so
PLAY	SNES	MR. NUTZ (USA) (EN,FR)	ROMS/SNES/Mr. Nutz (USA) (En,Fr).zip	RETROARCH	snes9x_libretro.so
PLAY	SNES	MS. PAC-MAN (USA)	ROMS/SNES/Ms. Pac-Man (USA).zip	RETROARCH	snes9x_libretro.so
PLAY	SNES	MUJINTOU MONOGATARI (JAPAN)	ROMS/SNES/Mujintou Monogatari (Japan).zip	RETROARCH	snes9x_libretro.so
PLAY	SNES	MULTI PLAY VOLLEYBALL (JAPAN)	ROMS/SNES/Multi Play Volleyball (Japan).zip	RETROARCH	snes9x_libretro.so
PLAY	SNES	MUSYA - THE CLASSIC JAPANESE TALE OF HORROR (USA)	ROMS/SNES/Musya - The Classic Japanese Tale of Horror (USA).zip	RETROARCH	snes9x_libretro.so
PLAY	SNES	MYSTERY CIRCLE (JAPAN)	ROMS/SNES/Mystery Circle (Japan).zip	RETROARCH	snes9x_libretro.so
PLAY	SNES	MYSTIC ARK (JAPAN)	ROMS/SNES/Mystic Ark (Japan).zip	RETROARCH	snes9x_libretro.so
PLAY	SNES	N-WARP DAISAKUSEN (WORLD) (V1.1) (AFTERMARKET) (UNL)	ROMS/SNES/N-Warp Daisakusen (World) (v1.1) (Aftermarket) (Unl).zip	RETROARCH	snes9x_libretro.so
PLAY	SNES	NAGE LIBRE - SEIJAKU NO SUISHIN (JAPAN)	ROMS/SNES/Nage Libre - Seijaku no Suishin (Japan).zip	RETROARCH	snes9x_libretro.so
PLAY	SNES	NAKAJIMA SATORU KANSHUU - F-1 HERO '94 (JAPAN)	ROMS/SNES/Nakajima Satoru Kanshuu - F-1 Hero '94 (Japan).zip	RETROARCH	snes9x_libretro.so
PLAY	SNES	NAKAJIMA SATORU KANSHUU - SUPER F-1 HERO (JAPAN)	ROMS/SNES/Nakajima Satoru Kanshuu - Super F-1 Hero (Japan).zip	RETROARCH	snes9x_libretro.so
PLAY	SNES	NAKANO KOUICHI KANSHUU KEIRIN OU (JAPAN)	ROMS/SNES/Nakano Kouichi Kanshuu Keirin Ou (Japan).zip	RETROARCH	snes9x_libretro.so
PLAY	SNES	NAKI NO RYUU - MAHJONG HISHOUDEN (JAPAN)	ROMS/SNES/Naki no Ryuu - Mahjong Hishouden (Japan).zip	RETROARCH	snes9x_libretro.so
PLAY	SNES	NAMCOT OPEN (JAPAN)	ROMS/SNES/Namcot Open (Japan).zip	RETROARCH	snes9x_libretro.so
PLAY	SNES	NANGOKU SHOUNEN PAPUWA-KUN (JAPAN)	ROMS/SNES/Nangoku Shounen Papuwa-kun (Japan).zip	RETROARCH	snes9x_libretro.so
PLAY	SNES	NARUHODO! THE WORLD (JAPAN)	ROMS/SNES/Naruhodo! The World (Japan).zip	RETROARCH	snes9x_libretro.so
PLAY	SNES	NATSUKI CRISIS BATTLE (JAPAN)	ROMS/SNES/Natsuki Crisis Battle (Japan).zip	RETROARCH	snes9x_libretro.so
PLAY	SNES	NATSUME CHAMPIONSHIP WRESTLING (USA)	ROMS/SNES/Natsume Championship Wrestling (USA).zip	RETROARCH	snes9x_libretro.so
PLAY	SNES	NAXAT SUPER PINBALL - JAKI CRUSH (JAPAN)	ROMS/SNES/Naxat Super Pinball - Jaki Crush (Japan).zip	RETROARCH	snes9x_libretro.so
PLAY	SNES	NBA ALL-STAR CHALLENGE (USA)	ROMS/SNES/NBA All-Star Challenge (USA).zip	RETROARCH	snes9x_libretro.so
PLAY	SNES	NBA GIVE 'N GO (USA)	ROMS/SNES/NBA Give 'n Go (USA).zip	RETROARCH	snes9x_libretro.so
PLAY	SNES	NBA HANG TIME (USA)	ROMS/SNES/NBA Hang Time (USA).zip	RETROARCH	snes9x_libretro.so
PLAY	SNES	NBA JAM (USA) (REV 1)	ROMS/SNES/NBA Jam (USA) (Rev 1).zip	RETROARCH	snes9x_libretro.so
PLAY	SNES	NBA JAM - TOURNAMENT EDITION (USA)	ROMS/SNES/NBA Jam - Tournament Edition (USA).zip	RETROARCH	snes9x_libretro.so
PLAY	SNES	NBA JIKKYOU BASKET - WINNING DUNK (JAPAN)	ROMS/SNES/NBA Jikkyou Basket - Winning Dunk (Japan).zip	RETROARCH	snes9x_libretro.so
PLAY	SNES	NBA LIVE 95 (USA)	ROMS/SNES/NBA Live 95 (USA).zip	RETROARCH	snes9x_libretro.so
PLAY	SNES	NBA LIVE 96 (USA)	ROMS/SNES/NBA Live 96 (USA).zip	RETROARCH	snes9x_libretro.so
PLAY	SNES	NBA LIVE 97 (USA)	ROMS/SNES/NBA Live 97 (USA).zip	RETROARCH	snes9x_libretro.so
PLAY	SNES	NBA LIVE 98 (USA)	ROMS/SNES/NBA Live 98 (USA).zip	RETROARCH	snes9x_libretro.so
PLAY	SNES	NBA SHOWDOWN (USA)	ROMS/SNES/NBA Showdown (USA).zip	RETROARCH	snes9x_libretro.so
PLAY	SNES	NCAA BASKETBALL (USA) (REV 1)	ROMS/SNES/NCAA Basketball (USA) (Rev 1).zip	RETROARCH	snes9x_libretro.so
PLAY	SNES	NCAA FINAL FOUR BASKETBALL (USA)	ROMS/SNES/NCAA Final Four Basketball (USA).zip	RETROARCH	snes9x_libretro.so
PLAY	SNES	NCAA FOOTBALL (USA)	ROMS/SNES/NCAA Football (USA).zip	RETROARCH	snes9x_libretro.so
PLAY	SNES	NEKKETSU TAIRIKU - BURNING HEROES (JAPAN)	ROMS/SNES/Nekketsu Tairiku - Burning Heroes (Japan).zip	RETROARCH	snes9x_libretro.so
PLAY	SNES	NEUGIER - UMI TO KAZE NO KODOU (JAPAN)	ROMS/SNES/Neugier - Umi to Kaze no Kodou (Japan).zip	RETROARCH	snes9x_libretro.so
PLAY	SNES	NEW 3D GOLF SIMULATION - DEVIL'S COURSE (JAPAN)	ROMS/SNES/New 3D Golf Simulation - Devil's Course (Japan).zip	RETROARCH	snes9x_libretro.so
PLAY	SNES	NEW 3D GOLF SIMULATION - HARUKANARU AUGUSTA (JAPAN) (REV 1)	ROMS/SNES/New 3D Golf Simulation - Harukanaru Augusta (Japan) (Rev 1).zip	RETROARCH	snes9x_libretro.so
PLAY	SNES	NEW 3D GOLF SIMULATION - PEBBLE BEACH NO HATOU (JAPAN)	ROMS/SNES/New 3D Golf Simulation - Pebble Beach no Hatou (Japan).zip	RETROARCH	snes9x_libretro.so
PLAY	SNES	NEW 3D GOLF SIMULATION - WAIALAE NO KISEKI (JAPAN)	ROMS/SNES/New 3D Golf Simulation - Waialae no Kiseki (Japan).zip	RETROARCH	snes9x_libretro.so
PLAY	SNES	NEW HORIZONS (USA)	ROMS/SNES/New Horizons (USA).zip	RETROARCH	snes9x_libretro.so
PLAY	SNES	NEW SUPER MARIO LAND (WORLD) (V1.5) (AFTERMARKET) (UNL)	ROMS/SNES/New Super Mario Land (World) (v1.5) (Aftermarket) (Unl).zip	RETROARCH	snes9x_libretro.so
PLAY	SNES	NEW YATTERMAN - NANDAI KANDAI YAJIROBEE (JAPAN)	ROMS/SNES/New Yatterman - Nandai Kandai Yajirobee (Japan).zip	RETROARCH	snes9x_libretro.so
PLAY	SNES	NEWMAN HAAS INDYCAR FEATURING NIGEL MANSELL (USA)	ROMS/SNES/Newman Haas IndyCar featuring Nigel Mansell (USA).zip	RETROARCH	snes9x_libretro.so
PLAY	SNES	NFL FOOTBALL (USA)	ROMS/SNES/NFL Football (USA).zip	RETROARCH	snes9x_libretro.so
PLAY	SNES	NFL PRO FOOTBALL '94 (JAPAN)	ROMS/SNES/NFL Pro Football '94 (Japan).zip	RETROARCH	snes9x_libretro.so
PLAY	SNES	NFL QUARTERBACK CLUB (USA)	ROMS/SNES/NFL Quarterback Club (USA).zip	RETROARCH	snes9x_libretro.so
PLAY	SNES	NFL QUARTERBACK CLUB 96 (USA)	ROMS/SNES/NFL Quarterback Club 96 (USA).zip	RETROARCH	snes9x_libretro.so
PLAY	SNES	NHL '94 (USA)	ROMS/SNES/NHL '94 (USA).zip	RETROARCH	snes9x_libretro.so
PLAY	SNES	NHL 95 (USA)	ROMS/SNES/NHL 95 (USA).zip	RETROARCH	snes9x_libretro.so
PLAY	SNES	NHL 96 (USA)	ROMS/SNES/NHL 96 (USA).zip	RETROARCH	snes9x_libretro.so
PLAY	SNES	NHL 97 (USA) (REV 1)	ROMS/SNES/NHL 97 (USA) (Rev 1).zip	RETROARCH	snes9x_libretro.so
PLAY	SNES	NHL 98 (USA)	ROMS/SNES/NHL 98 (USA).zip	RETROARCH	snes9x_libretro.so
PLAY	SNES	NHL STANLEY CUP (USA) (EN,FR)	ROMS/SNES/NHL Stanley Cup (USA) (En,Fr).zip	RETROARCH	snes9x_libretro.so
PLAY	SNES	NHLPA HOCKEY 93 (USA) (REV 1)	ROMS/SNES/NHLPA Hockey 93 (USA) (Rev 1).zip	RETROARCH	snes9x_libretro.so
PLAY	SNES	NICE DE SHOT (JAPAN)	ROMS/SNES/Nice de Shot (Japan).zip	RETROARCH	snes9x_libretro.so
PLAY	SNES	NICHIBUTSU ARCADE CLASSICS (JAPAN)	ROMS/SNES/Nichibutsu Arcade Classics (Japan).zip	RETROARCH	snes9x_libretro.so
PLAY	SNES	NICHIBUTSU ARCADE CLASSICS 2 - HEIANKYOU ALIEN (JAPAN)	ROMS/SNES/Nichibutsu Arcade Classics 2 - Heiankyou Alien (Japan).zip	RETROARCH	snes9x_libretro.so
PLAY	SNES	NICHIBUTSU COLLECTION 1 (JAPAN)	ROMS/SNES/Nichibutsu Collection 1 (Japan).zip	RETROARCH	snes9x_libretro.so
PLAY	SNES	NICHIBUTSU COLLECTION 2 (JAPAN)	ROMS/SNES/Nichibutsu Collection 2 (Japan).zip	RETROARCH	snes9x_libretro.so
PLAY	SNES	NICKELODEON GUTS (USA)	ROMS/SNES/Nickelodeon GUTS (USA).zip	RETROARCH	snes9x_libretro.so
PLAY	SNES	NIGEL MANSELL'S WORLD CHAMPIONSHIP RACING (USA)	ROMS/SNES/Nigel Mansell's World Championship Racing (USA).zip	RETROARCH	snes9x_libretro.so
PLAY	SNES	NIGHTMARE BUSTERS (WORLD) (UNL)	ROMS/SNES/Nightmare Busters (World) (Unl).zip	RETROARCH	snes9x_libretro.so
PLAY	SNES	NINJA GAIDEN TRILOGY (USA)	ROMS/SNES/Ninja Gaiden Trilogy (USA).zip	RETROARCH	snes9x_libretro.so
PLAY	SNES	NINJAWARRIORS (USA)	ROMS/SNES/Ninjawarriors (USA).zip	RETROARCH	snes9x_libretro.so
PLAY	SNES	NINTAMA RANTAROU (JAPAN)	ROMS/SNES/Nintama Rantarou (Japan).zip	RETROARCH	snes9x_libretro.so
PLAY	SNES	NINTAMA RANTAROU 2 (JAPAN)	ROMS/SNES/Nintama Rantarou 2 (Japan).zip	RETROARCH	snes9x_libretro.so
PLAY	SNES	NINTAMA RANTAROU 3 (JAPAN)	ROMS/SNES/Nintama Rantarou 3 (Japan).zip	RETROARCH	snes9x_libretro.so
PLAY	SNES	NINTAMA RANTAROU SPECIAL (JAPAN)	ROMS/SNES/Nintama Rantarou Special (Japan).zip	RETROARCH	snes9x_libretro.so
PLAY	SNES	NISHIJIN PACHINKO 3 (JAPAN)	ROMS/SNES/Nishijin Pachinko 3 (Japan).zip	RETROARCH	snes9x_libretro.so
PLAY	SNES	NISHIJIN PACHINKO MONOGATARI (JAPAN)	ROMS/SNES/Nishijin Pachinko Monogatari (Japan).zip	RETROARCH	snes9x_libretro.so
PLAY	SNES	NISHIJIN PACHINKO MONOGATARI 2 (JAPAN)	ROMS/SNES/Nishijin Pachinko Monogatari 2 (Japan).zip	RETROARCH	snes9x_libretro.so
PLAY	SNES	NITROPUNKS - MIGHT HEADS (JAPAN)	ROMS/SNES/Nitropunks - Might Heads (Japan).zip	RETROARCH	snes9x_libretro.so
PLAY	SNES	NO ESCAPE (USA)	ROMS/SNES/No Escape (USA).zip	RETROARCH	snes9x_libretro.so
PLAY	SNES	NOBUNAGA NO YABOU - HAOUDEN (JAPAN) (REV 1)	ROMS/SNES/Nobunaga no Yabou - Haouden (Japan) (Rev 1).zip	RETROARCH	snes9x_libretro.so
PLAY	SNES	NOBUNAGA NO YABOU - TENSHOUKI (JAPAN) (REV 1)	ROMS/SNES/Nobunaga no Yabou - Tenshouki (Japan) (Rev 1).zip	RETROARCH	snes9x_libretro.so
PLAY	SNES	NOBUNAGA'S AMBITION (USA)	ROMS/SNES/Nobunaga's Ambition (USA).zip	RETROARCH	snes9x_libretro.so
PLAY	SNES	NOLAN RYAN'S BASEBALL (USA)	ROMS/SNES/Nolan Ryan's Baseball (USA).zip	RETROARCH	snes9x_libretro.so
PLAY	SNES	NOMARK BAKU HAITOU - SHIJOU SAIKYOU NO JANSHI-TACHI (JAPAN)	ROMS/SNES/Nomark Baku Haitou - Shijou Saikyou no Janshi-tachi (Japan).zip	RETROARCH	snes9x_libretro.so
PLAY	SNES	NONTAN TO ISSHO - KURUKURU PUZZLE (JAPAN)	ROMS/SNES/Nontan to Issho - Kurukuru Puzzle (Japan).zip	RETROARCH	snes9x_libretro.so
PLAY	SNES	NOSFERATU (USA)	ROMS/SNES/Nosferatu (USA).zip	RETROARCH	snes9x_libretro.so
PLAY	SNES	NOUGHTS & CROSSES (USA) (POSSIBLE PROTO) (NINTENDO GATEWAY SYSTEM)	ROMS/SNES/Noughts & Crosses (USA) (Possible Proto) (Nintendo Gateway System).zip	RETROARCH	snes9x_libretro.so
PLAY	SNES	NUKE YOUR MUM! (WORLD) (UNL)	ROMS/SNES/Nuke Your Mum! (World) (Unl).zip	RETROARCH	snes9x_libretro.so
PLAY	SNES	NUMBERS PARADISE (JAPAN) (REV 1)	ROMS/SNES/Numbers Paradise (Japan) (Rev 1).zip	RETROARCH	snes9x_libretro.so
PLAY	SNES	OBITUS (USA)	ROMS/SNES/Obitus (USA).zip	RETROARCH	snes9x_libretro.so
PLAY	SNES	ODA NOBUNAGA - HAOU NO GUNDAN (JAPAN)	ROMS/SNES/Oda Nobunaga - Haou no Gundan (Japan).zip	RETROARCH	snes9x_libretro.so
PLAY	SNES	OEKAKI LOGIC (JAPAN) (NP)	ROMS/SNES/Oekaki Logic (Japan) (NP).zip	RETROARCH	snes9x_libretro.so
PLAY	SNES	OEKAKI LOGIC 2 (JAPAN) (NP)	ROMS/SNES/Oekaki Logic 2 (Japan) (NP).zip	RETROARCH	snes9x_libretro.so
PLAY	SNES	OGRE BATTLE - THE MARCH OF THE BLACK QUEEN (USA)	ROMS/SNES/Ogre Battle - The March of the Black Queen (USA).zip	RETROARCH	snes9x_libretro.so
PLAY	SNES	OKAMOTO AYAKO TO MATCH PLAY GOLF - KO OLINA GOLF CLUB IN HAWAII (JAPAN)	ROMS/SNES/Okamoto Ayako to Match Play Golf - Ko Olina Golf Club in Hawaii (Japan).zip	RETROARCH	snes9x_libretro.so
PLAY	SNES	OLD TOWERS (USA) (AFTERMARKET) (UNL)	ROMS/SNES/Old Towers (USA) (Aftermarket) (Unl).zip	RETROARCH	snes9x_libretro.so
PLAY	SNES	OLIVIA NO MYSTERY (JAPAN)	ROMS/SNES/Olivia no Mystery (Japan).zip	RETROARCH	snes9x_libretro.so
PLAY	SNES	OLYMPIC SUMMER GAMES (USA)	ROMS/SNES/Olympic Summer Games (USA).zip	RETROARCH	snes9x_libretro.so
PLAY	SNES	ON THE BALL (USA)	ROMS/SNES/On the Ball (USA).zip	RETROARCH	snes9x_libretro.so
PLAY	SNES	ONGAKU TSUKURU KANADEERU (JAPAN)	ROMS/SNES/Ongaku Tsukuru Kanadeeru (Japan).zip	RETROARCH	snes9x_libretro.so
PLAY	SNES	ONIZUKA KATSUYA SUPER VIRTUAL BOXING - SHIN KENTOU OU DENSETSU (JAPAN)	ROMS/SNES/Onizuka Katsuya Super Virtual Boxing - Shin Kentou Ou Densetsu (Japan).zip	RETROARCH	snes9x_libretro.so
PLAY	SNES	OOMONO BLACK BASS FISHING - JINZOUKO HEN (JAPAN)	ROMS/SNES/Oomono Black Bass Fishing - Jinzouko Hen (Japan).zip	RETROARCH	snes9x_libretro.so
PLAY	SNES	OONITA ATSUSHI FMW (JAPAN)	ROMS/SNES/Oonita Atsushi FMW (Japan).zip	RETROARCH	snes9x_libretro.so
PLAY	SNES	OOZUMOU SPIRITS (JAPAN)	ROMS/SNES/Oozumou Spirits (Japan).zip	RETROARCH	snes9x_libretro.so
PLAY	SNES	OPERATION EUROPE - PATH TO VICTORY 1939-45 (USA)	ROMS/SNES/Operation Europe - Path to Victory 1939-45 (USA).zip	RETROARCH	snes9x_libretro.so
PLAY	SNES	OPERATION LOGIC BOMB - THE ULTIMATE SEARCH & DESTROY (USA)	ROMS/SNES/Operation Logic Bomb - The Ultimate Search & Destroy (USA).zip	RETROARCH	snes9x_libretro.so
PLAY	SNES	OPERATION STARFI5H (EUROPE)	ROMS/SNES/Operation Starfi5h (Europe).zip	RETROARCH	snes9x_libretro.so
PLAY	SNES	OPERATION THUNDERBOLT (USA)	ROMS/SNES/Operation Thunderbolt (USA).zip	RETROARCH	snes9x_libretro.so
PLAY	SNES	ORAGA LAND SHUSAI - BEST FARMER SHUUKAKUSAI (JAPAN)	ROMS/SNES/Oraga Land Shusai - Best Farmer Shuukakusai (Japan).zip	RETROARCH	snes9x_libretro.so
PLAY	SNES	OSCAR (USA)	ROMS/SNES/Oscar (USA).zip	RETROARCH	snes9x_libretro.so
PLAY	SNES	OSSU!! KARATE-BU (JAPAN)	ROMS/SNES/Ossu!! Karate-bu (Japan).zip	RETROARCH	snes9x_libretro.so
PLAY	SNES	OTHELLO WORLD (JAPAN)	ROMS/SNES/Othello World (Japan).zip	RETROARCH	snes9x_libretro.so
PLAY	SNES	OTOBOKE NINJA COLOSSEUM (JAPAN)	ROMS/SNES/Otoboke Ninja Colosseum (Japan).zip	RETROARCH	snes9x_libretro.so
PLAY	SNES	OTOGIRISOU (JAPAN)	ROMS/SNES/Otogirisou (Japan).zip	RETROARCH	snes9x_libretro.so
PLAY	SNES	OU-CHAN NO OEKAKI LOGIC (JAPAN)	ROMS/SNES/Ou-chan no Oekaki Logic (Japan).zip	RETROARCH	snes9x_libretro.so
PLAY	SNES	OUT OF THIS WORLD (USA)	ROMS/SNES/Out of This World (USA).zip	RETROARCH	snes9x_libretro.so
PLAY	SNES	OUT TO LUNCH (USA)	ROMS/SNES/Out to Lunch (USA).zip	RETROARCH	snes9x_libretro.so
PLAY	SNES	OUTLANDER (USA)	ROMS/SNES/Outlander (USA).zip	RETROARCH	snes9x_libretro.so
PLAY	SNES	P.T.O. - PACIFIC THEATER OF OPERATIONS (USA)	ROMS/SNES/P.T.O. - Pacific Theater of Operations (USA).zip	RETROARCH	snes9x_libretro.so
PLAY	SNES	P.T.O. II - PACIFIC THEATER OF OPERATIONS (USA)	ROMS/SNES/P.T.O. II - Pacific Theater of Operations (USA).zip	RETROARCH	snes9x_libretro.so
PLAY	SNES	PAC-ATTACK (USA)	ROMS/SNES/Pac-Attack (USA).zip	RETROARCH	snes9x_libretro.so
PLAY	SNES	PAC-IN-TIME (USA)	ROMS/SNES/Pac-In-Time (USA).zip	RETROARCH	snes9x_libretro.so
PLAY	SNES	PAC-MAN 2 - THE NEW ADVENTURES (USA)	ROMS/SNES/Pac-Man 2 - The New Adventures (USA).zip	RETROARCH	snes9x_libretro.so
PLAY	SNES	PACHI-SLOT GAMBLER (JAPAN)	ROMS/SNES/Pachi-Slot Gambler (Japan).zip	RETROARCH	snes9x_libretro.so
PLAY	SNES	PACHI-SLOT KANZEN KOURYAKU - UNIVERSAL SHINDAI NYUUKA VOLUME 1 (JAPAN)	ROMS/SNES/Pachi-Slot Kanzen Kouryaku - Universal Shindai Nyuuka Volume 1 (Japan).zip	RETROARCH	snes9x_libretro.so
PLAY	SNES	PACHI-SLOT KENKYUU (JAPAN)	ROMS/SNES/Pachi-Slot Kenkyuu (Japan).zip	RETROARCH	snes9x_libretro.so
PLAY	SNES	PACHI-SLOT LAND - PACHIPACHI COIN NO DENSETSU (JAPAN)	ROMS/SNES/Pachi-Slot Land - Pachipachi Coin no Densetsu (Japan).zip	RETROARCH	snes9x_libretro.so
PLAY	SNES	PACHI-SLOT LOVE STORY (JAPAN)	ROMS/SNES/Pachi-Slot Love Story (Japan).zip	RETROARCH	snes9x_libretro.so
PLAY	SNES	PACHI-SLOT MONOGATARI - PAL KOUGYOU SPECIAL (JAPAN)	ROMS/SNES/Pachi-Slot Monogatari - PAL Kougyou Special (Japan).zip	RETROARCH	snes9x_libretro.so
PLAY	SNES	PACHI-SLOT MONOGATARI - UNIVERSAL SPECIAL (JAPAN)	ROMS/SNES/Pachi-Slot Monogatari - Universal Special (Japan).zip	RETROARCH	snes9x_libretro.so
PLAY	SNES	PACHINKO CHALLENGER (JAPAN)	ROMS/SNES/Pachinko Challenger (Japan).zip	RETROARCH	snes9x_libretro.so
PLAY	SNES	PACHINKO FAN - SHOURI SENGEN (JAPAN) (REV 1)	ROMS/SNES/Pachinko Fan - Shouri Sengen (Japan) (Rev 1).zip	RETROARCH	snes9x_libretro.so
PLAY	SNES	PACHINKO MARUHI HISSHOUHOU (JAPAN)	ROMS/SNES/Pachinko Maruhi Hisshouhou (Japan).zip	RETROARCH	snes9x_libretro.so
PLAY	SNES	PACHINKO MONOGATARI - PACHI-SLOT MO ARU DEYO!! (JAPAN)	ROMS/SNES/Pachinko Monogatari - Pachi-Slot mo Aru deyo!! (Japan).zip	RETROARCH	snes9x_libretro.so
PLAY	SNES	PACHINKO MONOGATARI 2 - NAGOYA SHACHIHOKO NO TEIOU (JAPAN)	ROMS/SNES/Pachinko Monogatari 2 - Nagoya Shachihoko no Teiou (Japan).zip	RETROARCH	snes9x_libretro.so
PLAY	SNES	PACHINKO REN-CHAN TENGOKU - SUPER CR SPECIAL (JAPAN)	ROMS/SNES/Pachinko Ren-chan Tengoku - Super CR Special (Japan).zip	RETROARCH	snes9x_libretro.so
PLAY	SNES	PACHINKO TETSUJIN - NANABAN SHOUBU (JAPAN)	ROMS/SNES/Pachinko Tetsujin - Nanaban Shoubu (Japan).zip	RETROARCH	snes9x_libretro.so
PLAY	SNES	PACHINKO WARS (JAPAN)	ROMS/SNES/Pachinko Wars (Japan).zip	RETROARCH	snes9x_libretro.so
PLAY	SNES	PACHINKO WARS II (JAPAN)	ROMS/SNES/Pachinko Wars II (Japan).zip	RETROARCH	snes9x_libretro.so
PLAY	SNES	PACHIO-KUN SPECIAL (JAPAN)	ROMS/SNES/Pachio-kun Special (Japan).zip	RETROARCH	snes9x_libretro.so
PLAY	SNES	PACHIO-KUN SPECIAL 2 (JAPAN)	ROMS/SNES/Pachio-kun Special 2 (Japan).zip	RETROARCH	snes9x_libretro.so
PLAY	SNES	PACHIO-KUN SPECIAL 3 (JAPAN)	ROMS/SNES/Pachio-kun Special 3 (Japan).zip	RETROARCH	snes9x_libretro.so
PLAY	SNES	PACKY & MARLON (USA) (EN,FR,ES)	ROMS/SNES/Packy & Marlon (USA) (En,Fr,Es).zip	RETROARCH	snes9x_libretro.so
PLAY	SNES	PAGEMASTER, THE (USA)	ROMS/SNES/Pagemaster, The (USA).zip	RETROARCH	snes9x_libretro.so
PLAY	SNES	PALADIN'S QUEST (USA)	ROMS/SNES/Paladin's Quest (USA).zip	RETROARCH	snes9x_libretro.so
PLAY	SNES	PANIC IN NAKAYOSHI WORLD (JAPAN)	ROMS/SNES/Panic in Nakayoshi World (Japan).zip	RETROARCH	snes9x_libretro.so
PLAY	SNES	PAPERBOY 2 (USA)	ROMS/SNES/Paperboy 2 (USA).zip	RETROARCH	snes9x_libretro.so
PLAY	SNES	PARLOR! MINI - PACHINKO JIKKI SIMULATION GAME (JAPAN) (REV 1)	ROMS/SNES/Parlor! Mini - Pachinko Jikki Simulation Game (Japan) (Rev 1).zip	RETROARCH	snes9x_libretro.so
PLAY	SNES	PARLOR! MINI 2 - PACHINKO JIKKI SIMULATION GAME (JAPAN)	ROMS/SNES/Parlor! Mini 2 - Pachinko Jikki Simulation Game (Japan).zip	RETROARCH	snes9x_libretro.so
PLAY	SNES	PARLOR! MINI 3 - PACHINKO JIKKI SIMULATION GAME (JAPAN)	ROMS/SNES/Parlor! Mini 3 - Pachinko Jikki Simulation Game (Japan).zip	RETROARCH	snes9x_libretro.so
PLAY	SNES	PARLOR! MINI 4 - PACHINKO JIKKI SIMULATION GAME (JAPAN)	ROMS/SNES/Parlor! Mini 4 - Pachinko Jikki Simulation Game (Japan).zip	RETROARCH	snes9x_libretro.so
PLAY	SNES	PARLOR! MINI 5 - PACHINKO JIKKI SIMULATION GAME (JAPAN)	ROMS/SNES/Parlor! Mini 5 - Pachinko Jikki Simulation Game (Japan).zip	RETROARCH	snes9x_libretro.so
PLAY	SNES	PARLOR! MINI 6 - PACHINKO JIKKI SIMULATION GAME (JAPAN)	ROMS/SNES/Parlor! Mini 6 - Pachinko Jikki Simulation Game (Japan).zip	RETROARCH	snes9x_libretro.so
PLAY	SNES	PARLOR! MINI 7 - PACHINKO JIKKI SIMULATION GAME (JAPAN)	ROMS/SNES/Parlor! Mini 7 - Pachinko Jikki Simulation Game (Japan).zip	RETROARCH	snes9x_libretro.so
PLAY	SNES	PARLOR! PARLOR! (JAPAN)	ROMS/SNES/Parlor! Parlor! (Japan).zip	RETROARCH	snes9x_libretro.so
PLAY	SNES	PARLOR! PARLOR! 2 (JAPAN)	ROMS/SNES/Parlor! Parlor! 2 (Japan).zip	RETROARCH	snes9x_libretro.so
PLAY	SNES	PARLOR! PARLOR! 3 (JAPAN)	ROMS/SNES/Parlor! Parlor! 3 (Japan).zip	RETROARCH	snes9x_libretro.so
PLAY	SNES	PARLOR! PARLOR! 5 (JAPAN)	ROMS/SNES/Parlor! Parlor! 5 (Japan).zip	RETROARCH	snes9x_libretro.so
PLAY	SNES	PARLOR! PARLOR! IV CR (JAPAN)	ROMS/SNES/Parlor! Parlor! IV CR (Japan).zip	RETROARCH	snes9x_libretro.so
PLAY	SNES	PARODIUS (EUROPE)	ROMS/SNES/Parodius (Europe).zip	RETROARCH	snes9x_libretro.so
PLAY	SNES	PEACE KEEPERS, THE (USA)	ROMS/SNES/Peace Keepers, The (USA).zip	RETROARCH	snes9x_libretro.so
PLAY	SNES	PEBBLE BEACH NO HATOU NEW - TOURNAMENT EDITION (JAPAN)	ROMS/SNES/Pebble Beach no Hatou New - Tournament Edition (Japan).zip	RETROARCH	snes9x_libretro.so
PLAY	SNES	PGA EUROPEAN TOUR (USA)	ROMS/SNES/PGA European Tour (USA).zip	RETROARCH	snes9x_libretro.so
PLAY	SNES	PGA TOUR 96 (USA) (REV 1)	ROMS/SNES/PGA Tour 96 (USA) (Rev 1).zip	RETROARCH	snes9x_libretro.so
PLAY	SNES	PGA TOUR GOLF (USA) (REV 1)	ROMS/SNES/PGA Tour Golf (USA) (Rev 1).zip	RETROARCH	snes9x_libretro.so
PLAY	SNES	PHALANX (USA)	ROMS/SNES/Phalanx (USA).zip	RETROARCH	snes9x_libretro.so
PLAY	SNES	PHANTOM 2040 (USA)	ROMS/SNES/Phantom 2040 (USA).zip	RETROARCH	snes9x_libretro.so
PLAY	SNES	PICACHU - POCKET MONSTERS (USA) (PIRATE)	ROMS/SNES/Picachu - Pocket Monsters (USA) (Pirate).zip	RETROARCH	snes9x_libretro.so
PLAY	SNES	PICROSS NP VOL. 1 (JAPAN) (REV 1) (NP)	ROMS/SNES/Picross NP Vol. 1 (Japan) (Rev 1) (NP).zip	RETROARCH	snes9x_libretro.so
PLAY	SNES	PICROSS NP VOL. 2 (JAPAN) (REV 1) (NP)	ROMS/SNES/Picross NP Vol. 2 (Japan) (Rev 1) (NP).zip	RETROARCH	snes9x_libretro.so
PLAY	SNES	PICROSS NP VOL. 3 (JAPAN) (REV 1) (NP)	ROMS/SNES/Picross NP Vol. 3 (Japan) (Rev 1) (NP).zip	RETROARCH	snes9x_libretro.so
PLAY	SNES	PICROSS NP VOL. 4 (JAPAN) (REV 1) (NP)	ROMS/SNES/Picross NP Vol. 4 (Japan) (Rev 1) (NP).zip	RETROARCH	snes9x_libretro.so
PLAY	SNES	PICROSS NP VOL. 5 (JAPAN) (REV 1) (NP)	ROMS/SNES/Picross NP Vol. 5 (Japan) (Rev 1) (NP).zip	RETROARCH	snes9x_libretro.so
PLAY	SNES	PICROSS NP VOL. 6 (JAPAN) (REV 1) (NP)	ROMS/SNES/Picross NP Vol. 6 (Japan) (Rev 1) (NP).zip	RETROARCH	snes9x_libretro.so
PLAY	SNES	PICROSS NP VOL. 7 (JAPAN) (REV 1) (NP)	ROMS/SNES/Picross NP Vol. 7 (Japan) (Rev 1) (NP).zip	RETROARCH	snes9x_libretro.so
PLAY	SNES	PICROSS NP VOL. 8 (JAPAN) (REV 1) (NP)	ROMS/SNES/Picross NP Vol. 8 (Japan) (Rev 1) (NP).zip	RETROARCH	snes9x_libretro.so
PLAY	SNES	PIECES (USA)	ROMS/SNES/Pieces (USA).zip	RETROARCH	snes9x_libretro.so
PLAY	SNES	PIKIINYA! (JAPAN)	ROMS/SNES/Pikiinya! (Japan).zip	RETROARCH	snes9x_libretro.so
PLAY	SNES	PILOTWINGS (USA)	ROMS/SNES/Pilotwings (USA).zip	RETROARCH	snes9x_libretro.so
PLAY	SNES	PINBALL DREAMS (USA)	ROMS/SNES/Pinball Dreams (USA).zip	RETROARCH	snes9x_libretro.so
PLAY	SNES	PINBALL FANTASIES (USA)	ROMS/SNES/Pinball Fantasies (USA).zip	RETROARCH	snes9x_libretro.so
PLAY	SNES	PINBALL PINBALL (JAPAN)	ROMS/SNES/Pinball Pinball (Japan).zip	RETROARCH	snes9x_libretro.so
PLAY	SNES	PINK GOES TO HOLLYWOOD (USA)	ROMS/SNES/Pink Goes to Hollywood (USA).zip	RETROARCH	snes9x_libretro.so
PLAY	SNES	PINKIE (WORLD) (AFTERMARKET) (UNL)	ROMS/SNES/Pinkie (World) (Aftermarket) (Unl).zip	RETROARCH	snes9x_libretro.so
PLAY	SNES	PINOCCHIO (USA)	ROMS/SNES/Pinocchio (USA).zip	RETROARCH	snes9x_libretro.so
PLAY	SNES	PIPE DREAM (JAPAN)	ROMS/SNES/Pipe Dream (Japan).zip	RETROARCH	snes9x_libretro.so
PLAY	SNES	PIRATES OF DARK WATER, THE (USA)	ROMS/SNES/Pirates of Dark Water, The (USA).zip	RETROARCH	snes9x_libretro.so
PLAY	SNES	PIT-FIGHTER (USA)	ROMS/SNES/Pit-Fighter (USA).zip	RETROARCH	snes9x_libretro.so
PLAY	SNES	PITFALL - THE MAYAN ADVENTURE (USA)	ROMS/SNES/Pitfall - The Mayan Adventure (USA).zip	RETROARCH	snes9x_libretro.so
PLAY	SNES	PLANET'S CHAMP TG 3000, THE (JAPAN)	ROMS/SNES/Planet's Champ TG 3000, The (Japan).zip	RETROARCH	snes9x_libretro.so
PLAY	SNES	PLOK (USA)	ROMS/SNES/Plok (USA).zip	RETROARCH	snes9x_libretro.so
PLAY	SNES	POCKY & ROCKY (USA)	ROMS/SNES/Pocky & Rocky (USA).zip	RETROARCH	snes9x_libretro.so
PLAY	SNES	POCKY & ROCKY 2 (USA)	ROMS/SNES/Pocky & Rocky 2 (USA).zip	RETROARCH	snes9x_libretro.so
PLAY	SNES	POKEMON GOLD & SILVER (USA) (PIRATE)	ROMS/SNES/Pokemon Gold & Silver (USA) (Pirate).zip	RETROARCH	snes9x_libretro.so
PLAY	SNES	POKEMON STADIUM (USA) (PIRATE)	ROMS/SNES/Pokemon Stadium (USA) (Pirate).zip	RETROARCH	snes9x_libretro.so
PLAY	SNES	POKONYAN! - HENPOKORIN ADVENTURE (JAPAN)	ROMS/SNES/Pokonyan! - Henpokorin Adventure (Japan).zip	RETROARCH	snes9x_libretro.so
PLAY	SNES	POP'N TWINBEE (USA, EUROPE) (SWITCH ONLINE)	ROMS/SNES/Pop'n TwinBee (USA, Europe) (Switch Online).zip	RETROARCH	snes9x_libretro.so
PLAY	SNES	POP'N TWINBEE - RAINBOW BELL ADVENTURES (EUROPE)	ROMS/SNES/Pop'n TwinBee - Rainbow Bell Adventures (Europe).zip	RETROARCH	snes9x_libretro.so
PLAY	SNES	POPEYE - IJIWARU MAJO SEA HAG NO MAKI (JAPAN)	ROMS/SNES/Popeye - Ijiwaru Majo Sea Hag no Maki (Japan).zip	RETROARCH	snes9x_libretro.so
PLAY	SNES	POPFUL MAIL (JAPAN)	ROMS/SNES/Popful Mail (Japan).zip	RETROARCH	snes9x_libretro.so
PLAY	SNES	POPULOUS (USA)	ROMS/SNES/Populous (USA).zip	RETROARCH	snes9x_libretro.so
PLAY	SNES	POPULOUS II - TRIALS OF THE OLYMPIAN GODS (EUROPE)	ROMS/SNES/Populous II - Trials of the Olympian Gods (Europe).zip	RETROARCH	snes9x_libretro.so
PLAY	SNES	PORKY PIG'S HAUNTED HOLIDAY (USA)	ROMS/SNES/Porky Pig's Haunted Holiday (USA).zip	RETROARCH	snes9x_libretro.so
PLAY	SNES	POWER DRIVE (EUROPE) (EN,FR,DE,ES,PT)	ROMS/SNES/Power Drive (Europe) (En,Fr,De,Es,Pt).zip	RETROARCH	snes9x_libretro.so
PLAY	SNES	POWER INSTINCT (USA)	ROMS/SNES/Power Instinct (USA).zip	RETROARCH	snes9x_libretro.so
PLAY	SNES	POWER LODE RUNNER (JAPAN) (NP)	ROMS/SNES/Power Lode Runner (Japan) (NP).zip	RETROARCH	snes9x_libretro.so
PLAY	SNES	POWER MOVES (USA)	ROMS/SNES/Power Moves (USA).zip	RETROARCH	snes9x_libretro.so
PLAY	SNES	POWER OF THE HIRED (JAPAN)	ROMS/SNES/Power of the Hired (Japan).zip	RETROARCH	snes9x_libretro.so
PLAY	SNES	POWER PIGGS OF THE DARK AGE (USA)	ROMS/SNES/Power Piggs of the Dark Age (USA).zip	RETROARCH	snes9x_libretro.so
PLAY	SNES	POWER RANGERS (EUROPE)	ROMS/SNES/Power Rangers (Europe).zip	RETROARCH	snes9x_libretro.so
PLAY	SNES	POWER RANGERS ZEO - BATTLE RACERS (USA)	ROMS/SNES/Power Rangers Zeo - Battle Racers (USA).zip	RETROARCH	snes9x_libretro.so
PLAY	SNES	POWER SOUKOBAN (JAPAN)	ROMS/SNES/Power Soukoban (Japan).zip	RETROARCH	snes9x_libretro.so
PLAY	SNES	POWERFEST 94 (USA) (COMPETITION CART)	ROMS/SNES/PowerFest 94 (USA) (Competition Cart).zip	RETROARCH	snes9x_libretro.so
PLAY	SNES	POWERMONGER (EUROPE)	ROMS/SNES/PowerMonger (Europe).zip	RETROARCH	snes9x_libretro.so
PLAY	SNES	PREHISTORIK MAN (USA) (EN,FR,ES)	ROMS/SNES/Prehistorik Man (USA) (En,Fr,Es).zip	RETROARCH	snes9x_libretro.so
PLAY	SNES	PRIMAL RAGE (USA)	ROMS/SNES/Primal Rage (USA).zip	RETROARCH	snes9x_libretro.so
PLAY	SNES	PRINCE OF PERSIA (USA)	ROMS/SNES/Prince of Persia (USA).zip	RETROARCH	snes9x_libretro.so
PLAY	SNES	PRINCE OF PERSIA 2 (USA)	ROMS/SNES/Prince of Persia 2 (USA).zip	RETROARCH	snes9x_libretro.so
PLAY	SNES	PRINCESS MAKER - LEGEND OF ANOTHER WORLD (JAPAN)	ROMS/SNES/Princess Maker - Legend of Another World (Japan).zip	RETROARCH	snes9x_libretro.so
PLAY	SNES	PRINCESS MINERVA (JAPAN)	ROMS/SNES/Princess Minerva (Japan).zip	RETROARCH	snes9x_libretro.so
PLAY	SNES	PRO FOOTBALL '93 (JAPAN)	ROMS/SNES/Pro Football '93 (Japan).zip	RETROARCH	snes9x_libretro.so
PLAY	SNES	PRO FOOTBALL (JAPAN) (EN)	ROMS/SNES/Pro Football (Japan) (En).zip	RETROARCH	snes9x_libretro.so
PLAY	SNES	PRO KISHI JINSEI SIMULATION - SHOUGI NO HANAMICHI (JAPAN)	ROMS/SNES/Pro Kishi Jinsei Simulation - Shougi no Hanamichi (Japan).zip	RETROARCH	snes9x_libretro.so
PLAY	SNES	PRO MAHJONG KIWAME (JAPAN) (REV 1)	ROMS/SNES/Pro Mahjong Kiwame (Japan) (Rev 1).zip	RETROARCH	snes9x_libretro.so
PLAY	SNES	PRO MAHJONG KIWAME II (JAPAN) (REV 1)	ROMS/SNES/Pro Mahjong Kiwame II (Japan) (Rev 1).zip	RETROARCH	snes9x_libretro.so
PLAY	SNES	PRO MAHJONG KIWAME III (JAPAN)	ROMS/SNES/Pro Mahjong Kiwame III (Japan).zip	RETROARCH	snes9x_libretro.so
PLAY	SNES	PRO MAHJONG TSUWAMONO (JAPAN)	ROMS/SNES/Pro Mahjong Tsuwamono (Japan).zip	RETROARCH	snes9x_libretro.so
PLAY	SNES	PRO QUARTERBACK (USA)	ROMS/SNES/Pro Quarterback (USA).zip	RETROARCH	snes9x_libretro.so
PLAY	SNES	PRO SOCCER (JAPAN)	ROMS/SNES/Pro Soccer (Japan).zip	RETROARCH	snes9x_libretro.so
PLAY	SNES	PRO SPORT HOCKEY (USA)	ROMS/SNES/Pro Sport Hockey (USA).zip	RETROARCH	snes9x_libretro.so
PLAY	SNES	PRO YAKYUU NETTOU - PUZZLE STADIUM (JAPAN)	ROMS/SNES/Pro Yakyuu Nettou - Puzzle Stadium (Japan).zip	RETROARCH	snes9x_libretro.so
PLAY	SNES	PRO YAKYUU STAR (JAPAN)	ROMS/SNES/Pro Yakyuu Star (Japan).zip	RETROARCH	snes9x_libretro.so
PLAY	SNES	PSYCHO DREAM (JAPAN)	ROMS/SNES/Psycho Dream (Japan).zip	RETROARCH	snes9x_libretro.so
PLAY	SNES	PUSH-OVER (USA)	ROMS/SNES/Push-Over (USA).zip	RETROARCH	snes9x_libretro.so
PLAY	SNES	PUTTY SQUAD (EUROPE)	ROMS/SNES/Putty Squad (Europe).zip	RETROARCH	snes9x_libretro.so
PLAY	SNES	PUZZLE NINTAMA RANTAROU - NINJUTSU GAKUEN PUZZLE TAIKAI NO DAN (JAPAN)	ROMS/SNES/Puzzle Nintama Rantarou - Ninjutsu Gakuen Puzzle Taikai no Dan (Japan).zip	RETROARCH	snes9x_libretro.so
PLAY	SNES	PUZZLE'N DESU! (JAPAN)	ROMS/SNES/Puzzle'n Desu! (Japan).zip	RETROARCH	snes9x_libretro.so
PLAY	SNES	Q-BERT 3 (USA)	ROMS/SNES/Q-bert 3 (USA).zip	RETROARCH	snes9x_libretro.so
PLAY	SNES	QWAK (WORLD) (AFTERMARKET) (UNL)	ROMS/SNES/Qwak (World) (Aftermarket) (Unl).zip	RETROARCH	snes9x_libretro.so
PLAY	SNES	R-TYPE III (USA)	ROMS/SNES/R-Type III (USA).zip	RETROARCH	snes9x_libretro.so
PLAY	SNES	RACE DRIVIN' (USA)	ROMS/SNES/Race Drivin' (USA).zip	RETROARCH	snes9x_libretro.so
PLAY	SNES	RADICAL PSYCHO MACHINE RACING (USA)	ROMS/SNES/Radical Psycho Machine Racing (USA).zip	RETROARCH	snes9x_libretro.so
PLAY	SNES	RADICAL REX (USA)	ROMS/SNES/Radical Rex (USA).zip	RETROARCH	snes9x_libretro.so
PLAY	SNES	RAIDEN TRAD (USA)	ROMS/SNES/Raiden Trad (USA).zip	RETROARCH	snes9x_libretro.so
PLAY	SNES	RAMOS RUY NO WORLD WIDE SOCCER (JAPAN) (EN)	ROMS/SNES/Ramos Ruy no World Wide Soccer (Japan) (En).zip	RETROARCH	snes9x_libretro.so
PLAY	SNES	RAMPART (USA)	ROMS/SNES/Rampart (USA).zip	RETROARCH	snes9x_libretro.so
PLAY	SNES	RANMA 1-2 - AKANEKODAN TEKI HIHOU (JAPAN)	ROMS/SNES/Ranma 1-2 - Akanekodan Teki Hihou (Japan).zip	RETROARCH	snes9x_libretro.so
PLAY	SNES	RANMA 1-2 - CHOUGI RANBU HEN (JAPAN)	ROMS/SNES/Ranma 1-2 - Chougi Ranbu Hen (Japan).zip	RETROARCH	snes9x_libretro.so
PLAY	SNES	RANMA 1-2 - CHOUNAI GEKITOU HEN (JAPAN)	ROMS/SNES/Ranma 1-2 - Chounai Gekitou Hen (Japan).zip	RETROARCH	snes9x_libretro.so
PLAY	SNES	RANMA 1-2 - HARD BATTLE (USA)	ROMS/SNES/Ranma 1-2 - Hard Battle (USA).zip	RETROARCH	snes9x_libretro.so
PLAY	SNES	RANMA 1-2 - OUGI JAANKEN (JAPAN)	ROMS/SNES/Ranma 1-2 - Ougi Jaanken (Japan).zip	RETROARCH	snes9x_libretro.so
PLAY	SNES	RAP JAM - VOLUME ONE (USA) (EN,FR,ES)	ROMS/SNES/Rap Jam - Volume One (USA) (En,Fr,Es).zip	RETROARCH	snes9x_libretro.so
PLAY	SNES	REALM (USA)	ROMS/SNES/Realm (USA).zip	RETROARCH	snes9x_libretro.so
PLAY	SNES	REDLINE F-1 RACER (USA)	ROMS/SNES/Redline F-1 Racer (USA).zip	RETROARCH	snes9x_libretro.so
PLAY	SNES	REJOICE - ARETHA OUKOKU NO KANATA (JAPAN)	ROMS/SNES/Rejoice - Aretha Oukoku no Kanata (Japan).zip	RETROARCH	snes9x_libretro.so
PLAY	SNES	RELIEF PITCHER (USA)	ROMS/SNES/Relief Pitcher (USA).zip	RETROARCH	snes9x_libretro.so
PLAY	SNES	REN & STIMPY SHOW, THE - BUCKEROO$! (USA)	ROMS/SNES/Ren & Stimpy Show, The - Buckeroo$! (USA).zip	RETROARCH	snes9x_libretro.so
PLAY	SNES	REN & STIMPY SHOW, THE - FIRE DOGS (USA)	ROMS/SNES/Ren & Stimpy Show, The - Fire Dogs (USA).zip	RETROARCH	snes9x_libretro.so
PLAY	SNES	REN & STIMPY SHOW, THE - TIME WARP (USA)	ROMS/SNES/Ren & Stimpy Show, The - Time Warp (USA).zip	RETROARCH	snes9x_libretro.so
PLAY	SNES	REN & STIMPY SHOW, THE - VEEDIOTS! (USA)	ROMS/SNES/Ren & Stimpy Show, The - Veediots! (USA).zip	RETROARCH	snes9x_libretro.so
PLAY	SNES	RENDERING RANGER R2 (USA) (LIMITED RUN GAMES)	ROMS/SNES/Rendering Ranger R2 (USA) (Limited Run Games).zip	RETROARCH	snes9x_libretro.so
PLAY	SNES	RES ARCANA - DIANA RAY - URANAI NO MEIKYUU (JAPAN)	ROMS/SNES/Res Arcana - Diana Ray - Uranai no Meikyuu (Japan).zip	RETROARCH	snes9x_libretro.so
PLAY	SNES	RETURN OF DOUBLE DRAGON (JAPAN) (EN)	ROMS/SNES/Return of Double Dragon (Japan) (En).zip	RETROARCH	snes9x_libretro.so
PLAY	SNES	REVERSE KIDS (JAPAN) (UNL)	ROMS/SNES/Reverse Kids (Japan) (Unl).zip	RETROARCH	snes9x_libretro.so
PLAY	SNES	REVOLUTION X (USA)	ROMS/SNES/Revolution X (USA).zip	RETROARCH	snes9x_libretro.so
PLAY	SNES	REX RONAN - EXPERIMENTAL SURGEON (USA) (EN,ES)	ROMS/SNES/Rex Ronan - Experimental Surgeon (USA) (En,Es).zip	RETROARCH	snes9x_libretro.so
PLAY	SNES	RIDDICK BOWE BOXING (USA)	ROMS/SNES/Riddick Bowe Boxing (USA).zip	RETROARCH	snes9x_libretro.so
PLAY	SNES	RIN KAIHOU KUDAN NO IGO TAIDOU (JAPAN)	ROMS/SNES/Rin Kaihou Kudan no Igo Taidou (Japan).zip	RETROARCH	snes9x_libretro.so
PLAY	SNES	RING NI KAKERO (JAPAN) (NP)	ROMS/SNES/Ring ni Kakero (Japan) (NP).zip	RETROARCH	snes9x_libretro.so
PLAY	SNES	RISE OF THE PHOENIX (USA)	ROMS/SNES/Rise of the Phoenix (USA).zip	RETROARCH	snes9x_libretro.so
PLAY	SNES	RISE OF THE ROBOTS (USA)	ROMS/SNES/Rise of the Robots (USA).zip	RETROARCH	snes9x_libretro.so
PLAY	SNES	RIVAL TURF! (USA)	ROMS/SNES/Rival Turf! (USA).zip	RETROARCH	snes9x_libretro.so
PLAY	SNES	RIVER CITY GIRLS ZERO (USA) (RCG TRANSLATION, SWITCH)	ROMS/SNES/River City Girls Zero (USA) (RCG Translation, Switch).zip	RETROARCH	snes9x_libretro.so
PLAY	SNES	ROAD RIOT 4WD (USA)	ROMS/SNES/Road Riot 4WD (USA).zip	RETROARCH	snes9x_libretro.so
PLAY	SNES	ROAD RUNNER'S DEATH VALLEY RALLY (USA)	ROMS/SNES/Road Runner's Death Valley Rally (USA).zip	RETROARCH	snes9x_libretro.so
PLAY	SNES	ROBOCOP 3 (USA)	ROMS/SNES/RoboCop 3 (USA).zip	RETROARCH	snes9x_libretro.so
PLAY	SNES	ROBOCOP VERSUS THE TERMINATOR (USA)	ROMS/SNES/RoboCop versus The Terminator (USA).zip	RETROARCH	snes9x_libretro.so
PLAY	SNES	ROBOTREK (USA)	ROMS/SNES/Robotrek (USA).zip	RETROARCH	snes9x_libretro.so
PLAY	SNES	ROCK N' ROLL RACING (USA)	ROMS/SNES/Rock N' Roll Racing (USA).zip	RETROARCH	snes9x_libretro.so
PLAY	SNES	ROCKETEER, THE (USA)	ROMS/SNES/Rocketeer, The (USA).zip	RETROARCH	snes9x_libretro.so
PLAY	SNES	ROCKFALL (WORLD) (UNL)	ROMS/SNES/Rockfall (World) (Unl).zip	RETROARCH	snes9x_libretro.so
PLAY	SNES	ROCKMAN & FORTE (JAPAN)	ROMS/SNES/Rockman & Forte (Japan).zip	RETROARCH	snes9x_libretro.so
PLAY	SNES	ROCKO'S MODERN LIFE - SPUNKY'S DANGEROUS DAY (USA)	ROMS/SNES/Rocko's Modern Life - Spunky's Dangerous Day (USA).zip	RETROARCH	snes9x_libretro.so
PLAY	SNES	ROCKY RODENT (USA)	ROMS/SNES/Rocky Rodent (USA).zip	RETROARCH	snes9x_libretro.so
PLAY	SNES	ROGER CLEMENS' MVP BASEBALL (USA) (REV 1)	ROMS/SNES/Roger Clemens' MVP Baseball (USA) (Rev 1).zip	RETROARCH	snes9x_libretro.so
PLAY	SNES	ROKUDENASHI BLUES - TAIKETSU! TOKYO SHITENNOU (JAPAN)	ROMS/SNES/Rokudenashi Blues - Taiketsu! Tokyo Shitennou (Japan).zip	RETROARCH	snes9x_libretro.so
PLAY	SNES	ROMANCE OF THE THREE KINGDOMS II (USA)	ROMS/SNES/Romance of the Three Kingdoms II (USA).zip	RETROARCH	snes9x_libretro.so
PLAY	SNES	ROMANCE OF THE THREE KINGDOMS III - DRAGON OF DESTINY (USA)	ROMS/SNES/Romance of the Three Kingdoms III - Dragon of Destiny (USA).zip	RETROARCH	snes9x_libretro.so
PLAY	SNES	ROMANCE OF THE THREE KINGDOMS IV - WALL OF FIRE (USA)	ROMS/SNES/Romance of the Three Kingdoms IV - Wall of Fire (USA).zip	RETROARCH	snes9x_libretro.so
PLAY	SNES	ROMANCING SA-GA (JAPAN) (REV 1)	ROMS/SNES/Romancing Sa-Ga (Japan) (Rev 1).zip	RETROARCH	snes9x_libretro.so
PLAY	SNES	ROMANCING SA-GA 2 (JAPAN)	ROMS/SNES/Romancing Sa-Ga 2 (Japan).zip	RETROARCH	snes9x_libretro.so
PLAY	SNES	ROMANCING SA-GA 3 (JAPAN) (REV 1)	ROMS/SNES/Romancing Sa-Ga 3 (Japan) (Rev 1).zip	RETROARCH	snes9x_libretro.so
PLAY	SNES	ROMANCING SA-GA 3 (JAPAN) (TAIKENBAN SAMPLE ROM)	ROMS/SNES/Romancing Sa-Ga 3 (Japan) (Taikenban Sample ROM).zip	RETROARCH	snes9x_libretro.so
PLAY	SNES	RONALDINHO SOCCER 97 (USA) (PT) (PIRATE)	ROMS/SNES/Ronaldinho Soccer 97 (USA) (Pt) (Pirate).zip	RETROARCH	snes9x_libretro.so
PLAY	SNES	ROYAL CONQUEST (JAPAN) (EN)	ROMS/SNES/Royal Conquest (Japan) (En).zip	RETROARCH	snes9x_libretro.so
PLAY	SNES	RPG TSUKURU - SUPER DANTE (JAPAN)	ROMS/SNES/RPG Tsukuru - Super Dante (Japan).zip	RETROARCH	snes9x_libretro.so
PLAY	SNES	RPG TSUKURU 2 (JAPAN)	ROMS/SNES/RPG Tsukuru 2 (Japan).zip	RETROARCH	snes9x_libretro.so
PLAY	SNES	RUDRA NO HIHOU (JAPAN)	ROMS/SNES/Rudra no Hihou (Japan).zip	RETROARCH	snes9x_libretro.so
PLAY	SNES	RUIN ARM (JAPAN)	ROMS/SNES/Ruin Arm (Japan).zip	RETROARCH	snes9x_libretro.so
PLAY	SNES	RUN SABER (USA)	ROMS/SNES/Run Saber (USA).zip	RETROARCH	snes9x_libretro.so
PLAY	SNES	RYUUKIHEIDAN DUNZARV (JAPAN)	ROMS/SNES/Ryuukiheidan Dunzarv (Japan).zip	RETROARCH	snes9x_libretro.so
PLAY	SNES	RYUUKO NO KEN 2 (JAPAN)	ROMS/SNES/Ryuuko no Ken 2 (Japan).zip	RETROARCH	snes9x_libretro.so
PLAY	SNES	S.O.S - SINK OR SWIM (USA)	ROMS/SNES/S.O.S - Sink or Swim (USA).zip	RETROARCH	snes9x_libretro.so
PLAY	SNES	SAIBARA RIEKO NO MAHJONG HOUROUKI (JAPAN)	ROMS/SNES/Saibara Rieko no Mahjong Hourouki (Japan).zip	RETROARCH	snes9x_libretro.so
PLAY	SNES	SAIKOUSOKU SHIKOU SHOUGI MAHJONG (JAPAN)	ROMS/SNES/Saikousoku Shikou Shougi Mahjong (Japan).zip	RETROARCH	snes9x_libretro.so
PLAY	SNES	SAIKYOU - TAKADA NOBUHIKO (JAPAN)	ROMS/SNES/Saikyou - Takada Nobuhiko (Japan).zip	RETROARCH	snes9x_libretro.so
PLAY	SNES	SAKURAI SHOUICHI NO JANKIRYUU MAHJONG HISSHOUHOU (JAPAN)	ROMS/SNES/Sakurai Shouichi no Jankiryuu Mahjong Hisshouhou (Japan).zip	RETROARCH	snes9x_libretro.so
PLAY	SNES	SAME GAME (JAPAN)	ROMS/SNES/Same Game (Japan).zip	RETROARCH	snes9x_libretro.so
PLAY	SNES	SAMSARA NAGA 2 (JAPAN)	ROMS/SNES/Samsara Naga 2 (Japan).zip	RETROARCH	snes9x_libretro.so
PLAY	SNES	SAMURAI SHODOWN (USA)	ROMS/SNES/Samurai Shodown (USA).zip	RETROARCH	snes9x_libretro.so
PLAY	SNES	SANGOKUSHI EIKETSUDEN (JAPAN) (REV 1)	ROMS/SNES/Sangokushi Eiketsuden (Japan) (Rev 1).zip	RETROARCH	snes9x_libretro.so
PLAY	SNES	SANGOKUSHI SEISHI - TENBU SPIRITS (JAPAN)	ROMS/SNES/Sangokushi Seishi - Tenbu Spirits (Japan).zip	RETROARCH	snes9x_libretro.so
PLAY	SNES	SANKYO FEVER! FEVER! (JAPAN)	ROMS/SNES/Sankyo Fever! Fever! (Japan).zip	RETROARCH	snes9x_libretro.so
PLAY	SNES	SANRIO SHANGHAI (JAPAN)	ROMS/SNES/Sanrio Shanghai (Japan).zip	RETROARCH	snes9x_libretro.so
PLAY	SNES	SANRIO WORLD SMASH BALL! (JAPAN)	ROMS/SNES/Sanrio World Smash Ball! (Japan).zip	RETROARCH	snes9x_libretro.so
PLAY	SNES	SANSPO FISHING - KEIRYUU OU (JAPAN)	ROMS/SNES/Sanspo Fishing - Keiryuu Ou (Japan).zip	RETROARCH	snes9x_libretro.so
PLAY	SNES	SATURDAY NIGHT SLAM MASTERS (USA)	ROMS/SNES/Saturday Night Slam Masters (USA).zip	RETROARCH	snes9x_libretro.so
PLAY	SNES	SCOOBY-DOO MYSTERY (USA)	ROMS/SNES/Scooby-Doo Mystery (USA).zip	RETROARCH	snes9x_libretro.so
PLAY	SNES	SD F-1 GRAND PRIX (JAPAN)	ROMS/SNES/SD F-1 Grand Prix (Japan).zip	RETROARCH	snes9x_libretro.so
PLAY	SNES	SD GUNDAM - POWER FORMATION PUZZLE (JAPAN)	ROMS/SNES/SD Gundam - Power Formation Puzzle (Japan).zip	RETROARCH	snes9x_libretro.so
PLAY	SNES	SD GUNDAM G NEXT (JAPAN)	ROMS/SNES/SD Gundam G Next (Japan).zip	RETROARCH	snes9x_libretro.so
PLAY	SNES	SD GUNDAM GAIDEN - KNIGHT GUNDAM MONOGATARI - OOINARU ISAN (JAPAN) (REV 1)	ROMS/SNES/SD Gundam Gaiden - Knight Gundam Monogatari - Ooinaru Isan (Japan) (Rev 1).zip	RETROARCH	snes9x_libretro.so
PLAY	SNES	SD GUNDAM GAIDEN 2 - ENTAKU NO KISHI (JAPAN)	ROMS/SNES/SD Gundam Gaiden 2 - Entaku no Kishi (Japan).zip	RETROARCH	snes9x_libretro.so
PLAY	SNES	SD GUNDAM GX (JAPAN)	ROMS/SNES/SD Gundam GX (Japan).zip	RETROARCH	snes9x_libretro.so
PLAY	SNES	SD HIRYUU NO KEN (JAPAN)	ROMS/SNES/SD Hiryuu no Ken (Japan).zip	RETROARCH	snes9x_libretro.so
PLAY	SNES	SD KIDOU SENSHI GUNDAM - V SAKUSEN SHIDOU (JAPAN)	ROMS/SNES/SD Kidou Senshi Gundam - V Sakusen Shidou (Japan).zip	RETROARCH	snes9x_libretro.so
PLAY	SNES	SD KIDOU SENSHI GUNDAM 2 (JAPAN)	ROMS/SNES/SD Kidou Senshi Gundam 2 (Japan).zip	RETROARCH	snes9x_libretro.so
PLAY	SNES	SD THE GREAT BATTLE - ARATANARU CHOUSEN (JAPAN) (REV 1)	ROMS/SNES/SD The Great Battle - Aratanaru Chousen (Japan) (Rev 1).zip	RETROARCH	snes9x_libretro.so
PLAY	SNES	SEAQUEST DSV (USA)	ROMS/SNES/seaQuest DSV (USA).zip	RETROARCH	snes9x_libretro.so
PLAY	SNES	SECRET OF EVERMORE (USA)	ROMS/SNES/Secret of Evermore (USA).zip	RETROARCH	snes9x_libretro.so
PLAY	SNES	SECRET OF MANA (USA)	ROMS/SNES/Secret of Mana (USA).zip	RETROARCH	snes9x_libretro.so
PLAY	SNES	SEIFUKU DENSETSU - PRETTY FIGHTER (JAPAN)	ROMS/SNES/Seifuku Densetsu - Pretty Fighter (Japan).zip	RETROARCH	snes9x_libretro.so
PLAY	SNES	SEIJUU MADEN BEASTS & BLADES (JAPAN)	ROMS/SNES/Seijuu Maden Beasts & Blades (Japan).zip	RETROARCH	snes9x_libretro.so
PLAY	SNES	SENGOKU DENSHOU (JAPAN)	ROMS/SNES/Sengoku Denshou (Japan).zip	RETROARCH	snes9x_libretro.so
PLAY	SNES	SENGOKU NO HASHA - TENKAFUBU E NO MICHI (JAPAN)	ROMS/SNES/Sengoku no Hasha - Tenkafubu e no Michi (Japan).zip	RETROARCH	snes9x_libretro.so
PLAY	SNES	SERIZAWA NOBUO NO BIRDIE TRY (JAPAN)	ROMS/SNES/Serizawa Nobuo no Birdie Try (Japan).zip	RETROARCH	snes9x_libretro.so
PLAY	SNES	SEXTRIS (USA) (PIRATE)	ROMS/SNES/Sextris (USA) (Pirate).zip	RETROARCH	snes9x_libretro.so
PLAY	SNES	SGT. SAUNDERS' COMBAT! (JAPAN)	ROMS/SNES/Sgt. Saunders' Combat! (Japan).zip	RETROARCH	snes9x_libretro.so
PLAY	SNES	SHADOWRUN (USA)	ROMS/SNES/Shadowrun (USA).zip	RETROARCH	snes9x_libretro.so
PLAY	SNES	SHANGHAI - BANRI NO CHOUJOU (JAPAN) (REV 1)	ROMS/SNES/Shanghai - Banri no Choujou (Japan) (Rev 1).zip	RETROARCH	snes9x_libretro.so
PLAY	SNES	SHANGHAI II - DRAGON'S EYE (USA)	ROMS/SNES/Shanghai II - Dragon's Eye (USA).zip	RETROARCH	snes9x_libretro.so
PLAY	SNES	SHANGHAI III (JAPAN)	ROMS/SNES/Shanghai III (Japan).zip	RETROARCH	snes9x_libretro.so
PLAY	SNES	SHAQ-FU (USA)	ROMS/SNES/Shaq-Fu (USA).zip	RETROARCH	snes9x_libretro.so
PLAY	SNES	SHICHUUSUIMEIGAKU NYUUMON - SHIN TOUGENKYOU (JAPAN)	ROMS/SNES/Shichuusuimeigaku Nyuumon - Shin Tougenkyou (Japan).zip	RETROARCH	snes9x_libretro.so
PLAY	SNES	SHIEN'S REVENGE (USA)	ROMS/SNES/Shien's Revenge (USA).zip	RETROARCH	snes9x_libretro.so
PLAY	SNES	SHIJOU SAIKYOU LEAGUE SERIE A - ACE STRIKER (JAPAN)	ROMS/SNES/Shijou Saikyou League Serie A - Ace Striker (Japan).zip	RETROARCH	snes9x_libretro.so
PLAY	SNES	SHIJOU SAIKYOU NO QUIZ OU KETTEISEN SUPER (JAPAN)	ROMS/SNES/Shijou Saikyou no Quiz Ou Ketteisen Super (Japan).zip	RETROARCH	snes9x_libretro.so
PLAY	SNES	SHIKI EIYUUDEN (JAPAN)	ROMS/SNES/Shiki Eiyuuden (Japan).zip	RETROARCH	snes9x_libretro.so
PLAY	SNES	SHIMONO MASAKI NO FISHING TO BASSING (JAPAN)	ROMS/SNES/Shimono Masaki no Fishing to Bassing (Japan).zip	RETROARCH	snes9x_libretro.so
PLAY	SNES	SHIN IKKAKUSENKIN (JAPAN)	ROMS/SNES/Shin Ikkakusenkin (Japan).zip	RETROARCH	snes9x_libretro.so
PLAY	SNES	SHIN KIDOU SENKI GUNDAM W - ENDLESS DUEL (JAPAN)	ROMS/SNES/Shin Kidou Senki Gundam W - Endless Duel (Japan).zip	RETROARCH	snes9x_libretro.so
PLAY	SNES	SHIN MAHJONG (JAPAN)	ROMS/SNES/Shin Mahjong (Japan).zip	RETROARCH	snes9x_libretro.so
PLAY	SNES	SHIN MEGAMI TENSEI (JAPAN) (REV 1)	ROMS/SNES/Shin Megami Tensei (Japan) (Rev 1).zip	RETROARCH	snes9x_libretro.so
PLAY	SNES	SHIN MEGAMI TENSEI IF... (JAPAN) (REV 1)	ROMS/SNES/Shin Megami Tensei if... (Japan) (Rev 1).zip	RETROARCH	snes9x_libretro.so
PLAY	SNES	SHIN MEGAMI TENSEI II (JAPAN) (REV 2)	ROMS/SNES/Shin Megami Tensei II (Japan) (Rev 2).zip	RETROARCH	snes9x_libretro.so
PLAY	SNES	SHIN MOMOTAROU DENSETSU (JAPAN) (REV 1)	ROMS/SNES/Shin Momotarou Densetsu (Japan) (Rev 1).zip	RETROARCH	snes9x_libretro.so
PLAY	SNES	SHIN NIHON PRO WRESTLING - CHOU SENSHI IN TOKYO DOME - FANTASTIC STORY (JAPAN)	ROMS/SNES/Shin Nihon Pro Wrestling - Chou Senshi in Tokyo Dome - Fantastic Story (Japan).zip	RETROARCH	snes9x_libretro.so
PLAY	SNES	SHIN NIHON PRO WRESTLING KOUNIN - '94 BATTLEFIELD IN TOKYO DOME (JAPAN)	ROMS/SNES/Shin Nihon Pro Wrestling Kounin - '94 Battlefield in Tokyo Dome (Japan).zip	RETROARCH	snes9x_libretro.so
PLAY	SNES	SHIN NIHON PRO WRESTLING KOUNIN - '95 TOKYO DOME BATTLE 7 (JAPAN)	ROMS/SNES/Shin Nihon Pro Wrestling Kounin - '95 Tokyo Dome Battle 7 (Japan).zip	RETROARCH	snes9x_libretro.so
PLAY	SNES	SHIN SD SENGOKUDEN - DAISHOUGUN RETSUDEN (JAPAN)	ROMS/SNES/Shin SD Sengokuden - Daishougun Retsuden (Japan).zip	RETROARCH	snes9x_libretro.so
PLAY	SNES	SHIN SHOUGI CLUB (JAPAN)	ROMS/SNES/Shin Shougi Club (Japan).zip	RETROARCH	snes9x_libretro.so
PLAY	SNES	SHIN STAR TREK - OOINARU ISAN IFD NO NAZO O OE (JAPAN)	ROMS/SNES/Shin Star Trek - Ooinaru Isan IFD no Nazo o Oe (Japan).zip	RETROARCH	snes9x_libretro.so
PLAY	SNES	SHINCHOU KOUKI (JAPAN) (REV 1)	ROMS/SNES/Shinchou Kouki (Japan) (Rev 1).zip	RETROARCH	snes9x_libretro.so
PLAY	SNES	SHINRI GAME 2, THE - MAGICAL TRIP (JAPAN) (REV 1)	ROMS/SNES/Shinri Game 2, The - Magical Trip (Japan) (Rev 1).zip	RETROARCH	snes9x_libretro.so
PLAY	SNES	SHINRI GAME 3, THE (JAPAN)	ROMS/SNES/Shinri Game 3, The (Japan).zip	RETROARCH	snes9x_libretro.so
PLAY	SNES	SHINRI GAME, THE - AKUMA NO KOKOROJI (JAPAN)	ROMS/SNES/Shinri Game, The - Akuma no Kokoroji (Japan).zip	RETROARCH	snes9x_libretro.so
PLAY	SNES	SHINSEIKI GPX - CYBER FORMULA (JAPAN)	ROMS/SNES/Shinseiki GPX - Cyber Formula (Japan).zip	RETROARCH	snes9x_libretro.so
PLAY	SNES	SHINSEIKI ODYSSELYA (JAPAN)	ROMS/SNES/Shinseiki Odysselya (Japan).zip	RETROARCH	snes9x_libretro.so
PLAY	SNES	SHINSEIKI ODYSSELYA II (JAPAN)	ROMS/SNES/Shinseiki Odysselya II (Japan).zip	RETROARCH	snes9x_libretro.so
PLAY	SNES	SHINZUI TAIKYOKU IGO - GO SENNIN (JAPAN)	ROMS/SNES/Shinzui Taikyoku Igo - Go Sennin (Japan).zip	RETROARCH	snes9x_libretro.so
PLAY	SNES	SHIROI RING E - TWINKLE LITTLE STAR (JAPAN)	ROMS/SNES/Shiroi Ring e - Twinkle Little Star (Japan).zip	RETROARCH	snes9x_libretro.so
PLAY	SNES	SHODAI NEKKETSU KOUHA KUNIO-KUN (JAPAN) (REV 1)	ROMS/SNES/Shodai Nekketsu Kouha Kunio-kun (Japan) (Rev 1).zip	RETROARCH	snes9x_libretro.so
PLAY	SNES	SHODAN MORITA SHOUGI (JAPAN)	ROMS/SNES/Shodan Morita Shougi (Japan).zip	RETROARCH	snes9x_libretro.so
PLAY	SNES	SHODANI NINTEI - SHODAN PRO MAHJONG (JAPAN)	ROMS/SNES/Shodani Nintei - Shodan Pro Mahjong (Japan).zip	RETROARCH	snes9x_libretro.so
PLAY	SNES	SHOUGI CLUB (JAPAN)	ROMS/SNES/Shougi Club (Japan).zip	RETROARCH	snes9x_libretro.so
PLAY	SNES	SHOUGI FUURINKAZAN (JAPAN)	ROMS/SNES/Shougi Fuurinkazan (Japan).zip	RETROARCH	snes9x_libretro.so
PLAY	SNES	SHOUGI SAIKYOU (JAPAN)	ROMS/SNES/Shougi Saikyou (Japan).zip	RETROARCH	snes9x_libretro.so
PLAY	SNES	SHOUGI SAIKYOU II - JISSEN TAIKYOKU HEN (JAPAN)	ROMS/SNES/Shougi Saikyou II - Jissen Taikyoku Hen (Japan).zip	RETROARCH	snes9x_libretro.so
PLAY	SNES	SHOUGI ZANMAI (JAPAN)	ROMS/SNES/Shougi Zanmai (Japan).zip	RETROARCH	snes9x_libretro.so
PLAY	SNES	SHOUNEN ASHIBE - GOMA-CHAN NO YUUENCHI DAIBOUKEN (JAPAN)	ROMS/SNES/Shounen Ashibe - Goma-chan no Yuuenchi Daibouken (Japan).zip	RETROARCH	snes9x_libretro.so
PLAY	SNES	SHOUNEN NINJA SASUKE (JAPAN)	ROMS/SNES/Shounen Ninja Sasuke (Japan).zip	RETROARCH	snes9x_libretro.so
PLAY	SNES	SHOUNIN YO, TAISHI O IDAKE!! (JAPAN)	ROMS/SNES/Shounin yo, Taishi o Idake!! (Japan).zip	RETROARCH	snes9x_libretro.so
PLAY	SNES	SHUUSHOKU GAME (JAPAN)	ROMS/SNES/Shuushoku Game (Japan).zip	RETROARCH	snes9x_libretro.so
PLAY	SNES	SID MEIER'S CIVILIZATION (USA)	ROMS/SNES/Sid Meier's Civilization (USA).zip	RETROARCH	snes9x_libretro.so
PLAY	SNES	SIDE POCKET (USA)	ROMS/SNES/Side Pocket (USA).zip	RETROARCH	snes9x_libretro.so
PLAY	SNES	SILVA SAGA II - THE LEGEND OF LIGHT AND DARKNESS (JAPAN)	ROMS/SNES/Silva Saga II - The Legend of Light and Darkness (Japan).zip	RETROARCH	snes9x_libretro.so
PLAY	SNES	SIMANT - THE ELECTRONIC ANT COLONY (USA)	ROMS/SNES/SimAnt - The Electronic Ant Colony (USA).zip	RETROARCH	snes9x_libretro.so
PLAY	SNES	SIMCITY (USA)	ROMS/SNES/SimCity (USA).zip	RETROARCH	snes9x_libretro.so
PLAY	SNES	SIMCITY 2000 - THE ULTIMATE CITY SIMULATOR (USA)	ROMS/SNES/SimCity 2000 - The Ultimate City Simulator (USA).zip	RETROARCH	snes9x_libretro.so
PLAY	SNES	SIMCITY JR. (JAPAN)	ROMS/SNES/SimCity Jr. (Japan).zip	RETROARCH	snes9x_libretro.so
PLAY	SNES	SIMEARTH - THE LIVING PLANET (USA)	ROMS/SNES/SimEarth - The Living Planet (USA).zip	RETROARCH	snes9x_libretro.so
PLAY	SNES	SIMPSONS, THE - BART'S NIGHTMARE (USA)	ROMS/SNES/Simpsons, The - Bart's Nightmare (USA).zip	RETROARCH	snes9x_libretro.so
PLAY	SNES	SIMULATION PRO YAKYUU (JAPAN)	ROMS/SNES/Simulation Pro Yakyuu (Japan).zip	RETROARCH	snes9x_libretro.so
PLAY	SNES	SKI PARADISE WITH SNOWBOARD (JAPAN)	ROMS/SNES/Ski Paradise with Snowboard (Japan).zip	RETROARCH	snes9x_libretro.so
PLAY	SNES	SKIPP AND FRIENDS - UNEXPECTED JOURNEY (WORLD) (AFTERMARKET) (UNL)	ROMS/SNES/Skipp and Friends - Unexpected Journey (World) (Aftermarket) (Unl).zip	RETROARCH	snes9x_libretro.so
PLAY	SNES	SKULJAGGER - REVOLT OF THE WESTICANS (USA)	ROMS/SNES/Skuljagger - Revolt of the Westicans (USA).zip	RETROARCH	snes9x_libretro.so
PLAY	SNES	SKY MISSION (JAPAN) (EN)	ROMS/SNES/Sky Mission (Japan) (En).zip	RETROARCH	snes9x_libretro.so
PLAY	SNES	SKYBLAZER (USA)	ROMS/SNES/Skyblazer (USA).zip	RETROARCH	snes9x_libretro.so
PLAY	SNES	SLAYERS (JAPAN)	ROMS/SNES/Slayers (Japan).zip	RETROARCH	snes9x_libretro.so
PLAY	SNES	SM CHOUKYOUSHI HITOMI (JAPAN) (UNL)	ROMS/SNES/SM Choukyoushi Hitomi (Japan) (Unl).zip	RETROARCH	snes9x_libretro.so
PLAY	SNES	SM CHOUKYOUSHI HITOMI - BANGAI HEN (JAPAN) (UNL)	ROMS/SNES/SM Choukyoushi Hitomi - Bangai Hen (Japan) (Unl).zip	RETROARCH	snes9x_libretro.so
PLAY	SNES	SM CHOUKYOUSHI HITOMI - BANGAI HEN 2 - MAKI NO LOVE LOVE PANIC (JAPAN) (UNL)	ROMS/SNES/SM Choukyoushi Hitomi - Bangai Hen 2 - Maki no Love Love Panic (Japan) (Unl).zip	RETROARCH	snes9x_libretro.so
PLAY	SNES	SM CHOUKYOUSHI HITOMI VOL. 2 (JAPAN) (UNL)	ROMS/SNES/SM Choukyoushi Hitomi Vol. 2 (Japan) (Unl).zip	RETROARCH	snes9x_libretro.so
PLAY	SNES	SM CHOUKYOUSHI HITOMI VOL. 2 - TRIAL VERSION (JAPAN) (UNL)	ROMS/SNES/SM Choukyoushi Hitomi Vol. 2 - Trial Version (Japan) (Unl).zip	RETROARCH	snes9x_libretro.so
PLAY	SNES	SM CHOUKYOUSHI HITOMI VOL. 2 REMIX (JAPAN) (UNL)	ROMS/SNES/SM Choukyoushi Hitomi Vol. 2 Remix (Japan) (Unl).zip	RETROARCH	snes9x_libretro.so
PLAY	SNES	SM CHOUKYOUSHI HITOMI VOL. 3 - TEST VERSION (JAPAN) (UNL)	ROMS/SNES/SM Choukyoushi Hitomi Vol. 3 - Test Version (Japan) (Unl).zip	RETROARCH	snes9x_libretro.so
PLAY	SNES	SMART BALL (USA)	ROMS/SNES/Smart Ball (USA).zip	RETROARCH	snes9x_libretro.so
PLAY	SNES	SMASH TENNIS (EUROPE)	ROMS/SNES/Smash Tennis (Europe).zip	RETROARCH	snes9x_libretro.so
PLAY	SNES	SMURFS TRAVEL THE WORLD, THE (EUROPE) (EN,FR,DE,ES)	ROMS/SNES/Smurfs Travel the World, The (Europe) (En,Fr,De,Es).zip	RETROARCH	snes9x_libretro.so
PLAY	SNES	SMURFS, THE (EUROPE) (EN,FR,DE,ES,IT)	ROMS/SNES/Smurfs, The (Europe) (En,Fr,De,Es,It).zip	RETROARCH	snes9x_libretro.so
PLAY	SNES	SNESERT GOLFING (WORLD) (AFTERMARKET) (UNL)	ROMS/SNES/sNESert Golfing (World) (Aftermarket) (Unl).zip	RETROARCH	snes9x_libretro.so
PLAY	SNES	SNOOPY CONCERT (JAPAN)	ROMS/SNES/Snoopy Concert (Japan).zip	RETROARCH	snes9x_libretro.so
PLAY	SNES	SNOW WHITE IN HAPPILY EVER AFTER (USA)	ROMS/SNES/Snow White in Happily Ever After (USA).zip	RETROARCH	snes9x_libretro.so
PLAY	SNES	SOCKS THE CAT ROCKS THE HILL (WORLD) (SECOND DIMENSION) (UNL)	ROMS/SNES/Socks the Cat Rocks the Hill (World) (Second Dimension) (Unl).zip	RETROARCH	snes9x_libretro.so
PLAY	SNES	SOLDIERS OF FORTUNE (USA)	ROMS/SNES/Soldiers of Fortune (USA).zip	RETROARCH	snes9x_libretro.so
PLAY	SNES	SOLID RUNNER (JAPAN)	ROMS/SNES/Solid Runner (Japan).zip	RETROARCH	snes9x_libretro.so
PLAY	SNES	SONG MASTER (JAPAN)	ROMS/SNES/Song Master (Japan).zip	RETROARCH	snes9x_libretro.so
PLAY	SNES	SONIC BLAST MAN (USA)	ROMS/SNES/Sonic Blast Man (USA).zip	RETROARCH	snes9x_libretro.so
PLAY	SNES	SONIC BLAST MAN II (USA)	ROMS/SNES/Sonic Blast Man II (USA).zip	RETROARCH	snes9x_libretro.so
PLAY	SNES	SONIC THE HEDGEHOG (USA) (PIRATE)	ROMS/SNES/Sonic The Hedgehog (USA) (Pirate).zip	RETROARCH	snes9x_libretro.so
PLAY	SNES	SOREYUKE EBISUMARU KARAKURI MEIRO - KIETA GOEMON NO NAZO!! (JAPAN)	ROMS/SNES/Soreyuke Ebisumaru Karakuri Meiro - Kieta Goemon no Nazo!! (Japan).zip	RETROARCH	snes9x_libretro.so
PLAY	SNES	SOS (USA)	ROMS/SNES/SOS (USA).zip	RETROARCH	snes9x_libretro.so
PLAY	SNES	SOTSUGYOU BANGAI HEN - NEE MAHJONG SHIYO! (JAPAN)	ROMS/SNES/Sotsugyou Bangai Hen - Nee Mahjong Shiyo! (Japan).zip	RETROARCH	snes9x_libretro.so
PLAY	SNES	SOUGOU KAKUTOUGI - ASTRAL BOUT (JAPAN)	ROMS/SNES/Sougou Kakutougi - Astral Bout (Japan).zip	RETROARCH	snes9x_libretro.so
PLAY	SNES	SOUGOU KAKUTOUGI - ASTRAL BOUT 2 - THE TOTAL FIGHTERS (JAPAN)	ROMS/SNES/Sougou Kakutougi - Astral Bout 2 - The Total Fighters (Japan).zip	RETROARCH	snes9x_libretro.so
PLAY	SNES	SOUGOU KAKUTOUGI RINGS - ASTRAL BOUT 3 (JAPAN)	ROMS/SNES/Sougou Kakutougi Rings - Astral Bout 3 (Japan).zip	RETROARCH	snes9x_libretro.so
PLAY	SNES	SOUKOU KIHEI VOTOMS - THE BATTLING ROAD (JAPAN)	ROMS/SNES/Soukou Kihei Votoms - The Battling Road (Japan).zip	RETROARCH	snes9x_libretro.so
PLAY	SNES	SOUL & SWORD (JAPAN)	ROMS/SNES/Soul & Sword (Japan).zip	RETROARCH	snes9x_libretro.so
PLAY	SNES	SOUL BLADE (USA) (PIRATE)	ROMS/SNES/Soul Blade (USA) (Pirate).zip	RETROARCH	snes9x_libretro.so
PLAY	SNES	SOUL BLAZER (USA)	ROMS/SNES/Soul Blazer (USA).zip	RETROARCH	snes9x_libretro.so
PLAY	SNES	SOUL EDGE VS SAMURAI (USA) (PIRATE)	ROMS/SNES/Soul Edge vs Samurai (USA) (Pirate).zip	RETROARCH	snes9x_libretro.so
PLAY	SNES	SOUND NOVEL TSUKURU (JAPAN)	ROMS/SNES/Sound Novel Tsukuru (Japan).zip	RETROARCH	snes9x_libretro.so
PLAY	SNES	SPACE ACE (USA)	ROMS/SNES/Space Ace (USA).zip	RETROARCH	snes9x_libretro.so
PLAY	SNES	SPACE BAZOOKA (JAPAN)	ROMS/SNES/Space Bazooka (Japan).zip	RETROARCH	snes9x_libretro.so
PLAY	SNES	SPACE FOOTBALL - ONE ON ONE (USA)	ROMS/SNES/Space Football - One on One (USA).zip	RETROARCH	snes9x_libretro.so
PLAY	SNES	SPACE INVADERS (USA)	ROMS/SNES/Space Invaders (USA).zip	RETROARCH	snes9x_libretro.so
PLAY	SNES	SPACE MEGAFORCE (USA)	ROMS/SNES/Space Megaforce (USA).zip	RETROARCH	snes9x_libretro.so
PLAY	SNES	SPANKY'S QUEST (USA)	ROMS/SNES/Spanky's Quest (USA).zip	RETROARCH	snes9x_libretro.so
PLAY	SNES	SPARK WORLD (JAPAN)	ROMS/SNES/Spark World (Japan).zip	RETROARCH	snes9x_libretro.so
PLAY	SNES	SPARKSTER (USA)	ROMS/SNES/Sparkster (USA).zip	RETROARCH	snes9x_libretro.so
PLAY	SNES	SPECTRE (USA)	ROMS/SNES/Spectre (USA).zip	RETROARCH	snes9x_libretro.so
PLAY	SNES	SPEED RACER (USA)	ROMS/SNES/Speed Racer (USA).zip	RETROARCH	snes9x_libretro.so
PLAY	SNES	SPEEDY GONZALES - LOS GATOS BANDIDOS (USA) (REV 1)	ROMS/SNES/Speedy Gonzales - Los Gatos Bandidos (USA) (Rev 1).zip	RETROARCH	snes9x_libretro.so
PLAY	SNES	SPIDER-MAN (USA)	ROMS/SNES/Spider-Man (USA).zip	RETROARCH	snes9x_libretro.so
PLAY	SNES	SPIDER-MAN - VENOM - MAXIMUM CARNAGE (USA)	ROMS/SNES/Spider-Man - Venom - Maximum Carnage (USA).zip	RETROARCH	snes9x_libretro.so
PLAY	SNES	SPIDER-MAN - X-MEN - ARCADE'S REVENGE (USA)	ROMS/SNES/Spider-Man - X-Men - Arcade's Revenge (USA).zip	RETROARCH	snes9x_libretro.so
PLAY	SNES	SPINDIZZY WORLDS (USA)	ROMS/SNES/Spindizzy Worlds (USA).zip	RETROARCH	snes9x_libretro.so
PLAY	SNES	SPIROU (EUROPE) (EN,FR,DE,ES)	ROMS/SNES/Spirou (Europe) (En,Fr,De,Es).zip	RETROARCH	snes9x_libretro.so
PLAY	SNES	SPORTING NEWS BASEBALL, THE (USA)	ROMS/SNES/Sporting News Baseball, The (USA).zip	RETROARCH	snes9x_libretro.so
PLAY	SNES	SPORTS ILLUSTRATED - CHAMPIONSHIP FOOTBALL & BASEBALL (USA)	ROMS/SNES/Sports Illustrated - Championship Football & Baseball (USA).zip	RETROARCH	snes9x_libretro.so
PLAY	SNES	SPRIGGAN POWERED (JAPAN)	ROMS/SNES/Spriggan Powered (Japan).zip	RETROARCH	snes9x_libretro.so
PLAY	SNES	SPRINTER MONOGATARI - MEZASE!! IKKAKUSENKIN (JAPAN)	ROMS/SNES/Sprinter Monogatari - Mezase!! Ikkakusenkin (Japan).zip	RETROARCH	snes9x_libretro.so
PLAY	SNES	SQUIRREL (USA) (PIRATE)	ROMS/SNES/Squirrel (USA) (Pirate).zip	RETROARCH	snes9x_libretro.so
PLAY	SNES	ST. ANDREWS - EIKOU TO REKISHI NO OLD COURSE (JAPAN)	ROMS/SNES/St. Andrews - Eikou to Rekishi no Old Course (Japan).zip	RETROARCH	snes9x_libretro.so
PLAY	SNES	STABLE STAR - KYUUSHA MONOGATARI (JAPAN)	ROMS/SNES/Stable Star - Kyuusha Monogatari (Japan).zip	RETROARCH	snes9x_libretro.so
PLAY	SNES	STAR FOX (USA) (REV 2)	ROMS/SNES/Star Fox (USA) (Rev 2).zip	RETROARCH	snes9x_libretro.so
PLAY	SNES	STAR FOX 2 (USA, EUROPE) (CLASSIC MINI, SWITCH ONLINE)	ROMS/SNES/Star Fox 2 (USA, Europe) (Classic Mini, Switch Online).zip	RETROARCH	snes9x_libretro.so
PLAY	SNES	STAR OCEAN (JAPAN)	ROMS/SNES/Star Ocean (Japan).zip	RETROARCH	snes9x_libretro.so
PLAY	SNES	STAR TREK - DEEP SPACE NINE - CROSSROADS OF TIME (USA)	ROMS/SNES/Star Trek - Deep Space Nine - Crossroads of Time (USA).zip	RETROARCH	snes9x_libretro.so
PLAY	SNES	STAR TREK - STARFLEET ACADEMY - STARSHIP BRIDGE SIMULATOR (USA)	ROMS/SNES/Star Trek - Starfleet Academy - Starship Bridge Simulator (USA).zip	RETROARCH	snes9x_libretro.so
PLAY	SNES	STAR TREK - THE NEXT GENERATION - FUTURE'S PAST (USA)	ROMS/SNES/Star Trek - The Next Generation - Future's Past (USA).zip	RETROARCH	snes9x_libretro.so
PLAY	SNES	STARDUST SUPLEX (JAPAN)	ROMS/SNES/Stardust Suplex (Japan).zip	RETROARCH	snes9x_libretro.so
PLAY	SNES	STARGATE (USA)	ROMS/SNES/Stargate (USA).zip	RETROARCH	snes9x_libretro.so
PLAY	SNES	STARWING - COMPETITION (EUROPE) (COMPETITION CART)	ROMS/SNES/Starwing - Competition (Europe) (Competition Cart).zip	RETROARCH	snes9x_libretro.so
PLAY	SNES	STEALTH (JAPAN)	ROMS/SNES/Stealth (Japan).zip	RETROARCH	snes9x_libretro.so
PLAY	SNES	STEEL TALONS (USA)	ROMS/SNES/Steel Talons (USA).zip	RETROARCH	snes9x_libretro.so
PLAY	SNES	STERLING SHARPE - END 2 END (USA)	ROMS/SNES/Sterling Sharpe - End 2 End (USA).zip	RETROARCH	snes9x_libretro.so
PLAY	SNES	STONE PROTECTORS (USA)	ROMS/SNES/Stone Protectors (USA).zip	RETROARCH	snes9x_libretro.so
PLAY	SNES	STREET FIGHTER ALPHA 2 (USA)	ROMS/SNES/Street Fighter Alpha 2 (USA).zip	RETROARCH	snes9x_libretro.so
PLAY	SNES	STREET FIGHTER EX PLUS ALPHA (USA) (PIRATE)	ROMS/SNES/Street Fighter EX Plus Alpha (USA) (Pirate).zip	RETROARCH	snes9x_libretro.so
PLAY	SNES	STREET FIGHTER II (USA)	ROMS/SNES/Street Fighter II (USA).zip	RETROARCH	snes9x_libretro.so
PLAY	SNES	STREET FIGHTER II TURBO (USA) (REV 1)	ROMS/SNES/Street Fighter II Turbo (USA) (Rev 1).zip	RETROARCH	snes9x_libretro.so
PLAY	SNES	STREET FIGHTER V (WORLD) (PIRATE)	ROMS/SNES/Street Fighter V (World) (Pirate).zip	RETROARCH	snes9x_libretro.so
PLAY	SNES	STREET RACER (USA)	ROMS/SNES/Street Racer (USA).zip	RETROARCH	snes9x_libretro.so
PLAY	SNES	STREET SPORTS - JAMMIT (USA)	ROMS/SNES/Street Sports - Jammit (USA).zip	RETROARCH	snes9x_libretro.so
PLAY	SNES	STREET SPORTS - STREET HOCKEY '95 (USA)	ROMS/SNES/Street Sports - Street Hockey '95 (USA).zip	RETROARCH	snes9x_libretro.so
PLAY	SNES	STRIKE GUNNER S.T.G (USA)	ROMS/SNES/Strike Gunner S.T.G (USA).zip	RETROARCH	snes9x_libretro.so
PLAY	SNES	STRIKER (EUROPE) (EN,FR,DE,ES,IT,NL,SV)	ROMS/SNES/Striker (Europe) (En,Fr,De,Es,It,Nl,Sv).zip	RETROARCH	snes9x_libretro.so
PLAY	SNES	STUNT RACE FX (USA) (REV 1)	ROMS/SNES/Stunt Race FX (USA) (Rev 1).zip	RETROARCH	snes9x_libretro.so
PLAY	SNES	SUGOI HEBEREKE (JAPAN)	ROMS/SNES/Sugoi Hebereke (Japan).zip	RETROARCH	snes9x_libretro.so
PLAY	SNES	SUGORO QUEST++ - DICENICS (JAPAN)	ROMS/SNES/Sugoro Quest++ - Dicenics (Japan).zip	RETROARCH	snes9x_libretro.so
PLAY	SNES	SUGOROKU GINGA SENKI (JAPAN)	ROMS/SNES/Sugoroku Ginga Senki (Japan).zip	RETROARCH	snes9x_libretro.so
PLAY	SNES	SUNSET RIDERS (USA)	ROMS/SNES/Sunset Riders (USA).zip	RETROARCH	snes9x_libretro.so
PLAY	SNES	SUPAPOON (JAPAN)	ROMS/SNES/Supapoon (Japan).zip	RETROARCH	snes9x_libretro.so
PLAY	SNES	SUPAPOON DX (JAPAN)	ROMS/SNES/Supapoon DX (Japan).zip	RETROARCH	snes9x_libretro.so
PLAY	SNES	SUPER 20 HAB (KOREA) (PIRATE)	ROMS/SNES/Super 20 Hab (Korea) (Pirate).zip	RETROARCH	snes9x_libretro.so
PLAY	SNES	SUPER 3D BASEBALL (JAPAN)	ROMS/SNES/Super 3D Baseball (Japan).zip	RETROARCH	snes9x_libretro.so
PLAY	SNES	SUPER 3D NOAH'S ARK (USA) (UNL)	ROMS/SNES/Super 3D Noah's Ark (USA) (Unl).zip	RETROARCH	snes9x_libretro.so
PLAY	SNES	SUPER ADVENTURE ISLAND (USA)	ROMS/SNES/Super Adventure Island (USA).zip	RETROARCH	snes9x_libretro.so
PLAY	SNES	SUPER ADVENTURE ISLAND II (USA)	ROMS/SNES/Super Adventure Island II (USA).zip	RETROARCH	snes9x_libretro.so
PLAY	SNES	SUPER AIR DIVER 2 (JAPAN) (EN)	ROMS/SNES/Super Air Diver 2 (Japan) (En).zip	RETROARCH	snes9x_libretro.so
PLAY	SNES	SUPER ALFRED CHICKEN (USA)	ROMS/SNES/Super Alfred Chicken (USA).zip	RETROARCH	snes9x_libretro.so
PLAY	SNES	SUPER AQUATIC GAMES STARRING THE AQUABATS, THE (USA)	ROMS/SNES/Super Aquatic Games Starring the Aquabats, The (USA).zip	RETROARCH	snes9x_libretro.so
PLAY	SNES	SUPER BACK TO THE FUTURE PART II (JAPAN)	ROMS/SNES/Super Back to the Future Part II (Japan).zip	RETROARCH	snes9x_libretro.so
PLAY	SNES	SUPER BAKEN OU '95 (JAPAN)	ROMS/SNES/Super Baken Ou '95 (Japan).zip	RETROARCH	snes9x_libretro.so
PLAY	SNES	SUPER BASEBALL 2020 (USA)	ROMS/SNES/Super Baseball 2020 (USA).zip	RETROARCH	snes9x_libretro.so
PLAY	SNES	SUPER BASEBALL SIMULATOR 1.000 (USA)	ROMS/SNES/Super Baseball Simulator 1.000 (USA).zip	RETROARCH	snes9x_libretro.so
PLAY	SNES	SUPER BASES LOADED (USA)	ROMS/SNES/Super Bases Loaded (USA).zip	RETROARCH	snes9x_libretro.so
PLAY	SNES	SUPER BASES LOADED 2 (USA)	ROMS/SNES/Super Bases Loaded 2 (USA).zip	RETROARCH	snes9x_libretro.so
PLAY	SNES	SUPER BASES LOADED 3 - LICENSE TO STEAL (USA)	ROMS/SNES/Super Bases Loaded 3 - License to Steal (USA).zip	RETROARCH	snes9x_libretro.so
PLAY	SNES	SUPER BATTER UP (USA)	ROMS/SNES/Super Batter Up (USA).zip	RETROARCH	snes9x_libretro.so
PLAY	SNES	SUPER BATTLESHIP (USA)	ROMS/SNES/Super Battleship (USA).zip	RETROARCH	snes9x_libretro.so
PLAY	SNES	SUPER BATTLETANK 2 (USA)	ROMS/SNES/Super Battletank 2 (USA).zip	RETROARCH	snes9x_libretro.so
PLAY	SNES	SUPER BIG 2 (CHINA) (UNL)	ROMS/SNES/Super Big 2 (China) (Unl).zip	RETROARCH	snes9x_libretro.so
PLAY	SNES	SUPER BIKKURIMAN (JAPAN)	ROMS/SNES/Super Bikkuriman (Japan).zip	RETROARCH	snes9x_libretro.so
PLAY	SNES	SUPER BIRDIE RUSH (JAPAN)	ROMS/SNES/Super Birdie Rush (Japan).zip	RETROARCH	snes9x_libretro.so
PLAY	SNES	SUPER BLACK BASS (USA)	ROMS/SNES/Super Black Bass (USA).zip	RETROARCH	snes9x_libretro.so
PLAY	SNES	SUPER BLACK BASS 2 (JAPAN)	ROMS/SNES/Super Black Bass 2 (Japan).zip	RETROARCH	snes9x_libretro.so
PLAY	SNES	SUPER BLACK BASS 3 (JAPAN) (REV 1)	ROMS/SNES/Super Black Bass 3 (Japan) (Rev 1).zip	RETROARCH	snes9x_libretro.so
PLAY	SNES	SUPER BLOCK'EM SOCK'EM (WORLD) (AFTERMARKET) (UNL)	ROMS/SNES/Super Block'em Sock'em (World) (Aftermarket) (Unl).zip	RETROARCH	snes9x_libretro.so
PLAY	SNES	SUPER BOMBERMAN (USA)	ROMS/SNES/Super Bomberman (USA).zip	RETROARCH	snes9x_libretro.so
PLAY	SNES	SUPER BOMBERMAN - PANIC BOMBER W (JAPAN)	ROMS/SNES/Super Bomberman - Panic Bomber W (Japan).zip	RETROARCH	snes9x_libretro.so
PLAY	SNES	SUPER BOMBERMAN 2 (USA)	ROMS/SNES/Super Bomberman 2 (USA).zip	RETROARCH	snes9x_libretro.so
PLAY	SNES	SUPER BOMBERMAN 3 (EUROPE)	ROMS/SNES/Super Bomberman 3 (Europe).zip	RETROARCH	snes9x_libretro.so
PLAY	SNES	SUPER BOMBERMAN 4 (JAPAN)	ROMS/SNES/Super Bomberman 4 (Japan).zip	RETROARCH	snes9x_libretro.so
PLAY	SNES	SUPER BOMBERMAN 5 (JAPAN)	ROMS/SNES/Super Bomberman 5 (Japan).zip	RETROARCH	snes9x_libretro.so
PLAY	SNES	SUPER BOMBLISS (JAPAN) (EN)	ROMS/SNES/Super Bombliss (Japan) (En).zip	RETROARCH	snes9x_libretro.so
PLAY	SNES	SUPER BONK (USA)	ROMS/SNES/Super Bonk (USA).zip	RETROARCH	snes9x_libretro.so
PLAY	SNES	SUPER BOSS GAIDEN (WORLD) (V1.2) (AFTERMARKET) (UNL)	ROMS/SNES/Super Boss Gaiden (World) (v1.2) (Aftermarket) (Unl).zip	RETROARCH	snes9x_libretro.so
PLAY	SNES	SUPER BOWLING (USA)	ROMS/SNES/Super Bowling (USA).zip	RETROARCH	snes9x_libretro.so
PLAY	SNES	SUPER BUSTER BROS. (USA) (REV 1)	ROMS/SNES/Super Buster Bros. (USA) (Rev 1).zip	RETROARCH	snes9x_libretro.so
PLAY	SNES	SUPER CAESARS PALACE (USA)	ROMS/SNES/Super Caesars Palace (USA).zip	RETROARCH	snes9x_libretro.so
PLAY	SNES	SUPER CAMPEONES (USA) (ES) (PIRATE)	ROMS/SNES/Super Campeones (USA) (Es) (Pirate).zip	RETROARCH	snes9x_libretro.so
PLAY	SNES	SUPER CAMPEONES 4 (USA) (ES) (PIRATE)	ROMS/SNES/Super Campeones 4 (USA) (Es) (Pirate).zip	RETROARCH	snes9x_libretro.so
PLAY	SNES	SUPER CASINO 2 (JAPAN)	ROMS/SNES/Super Casino 2 (Japan).zip	RETROARCH	snes9x_libretro.so
PLAY	SNES	SUPER CASTLES (JAPAN)	ROMS/SNES/Super Castles (Japan).zip	RETROARCH	snes9x_libretro.so
PLAY	SNES	SUPER CASTLEVANIA IV (USA)	ROMS/SNES/Super Castlevania IV (USA).zip	RETROARCH	snes9x_libretro.so
PLAY	SNES	SUPER CHASE H.Q. (USA)	ROMS/SNES/Super Chase H.Q. (USA).zip	RETROARCH	snes9x_libretro.so
PLAY	SNES	SUPER CHINESE FIGHTER (JAPAN)	ROMS/SNES/Super Chinese Fighter (Japan).zip	RETROARCH	snes9x_libretro.so
PLAY	SNES	SUPER CHINESE WORLD 2 - UCHUUICHI BUTOU TAIKAI (JAPAN)	ROMS/SNES/Super Chinese World 2 - Uchuuichi Butou Taikai (Japan).zip	RETROARCH	snes9x_libretro.so
PLAY	SNES	SUPER CHINESE WORLD 3 - CHOU JIGEN DAISAKUSEN (JAPAN)	ROMS/SNES/Super Chinese World 3 - Chou Jigen Daisakusen (Japan).zip	RETROARCH	snes9x_libretro.so
PLAY	SNES	SUPER CONFLICT (USA)	ROMS/SNES/Super Conflict (USA).zip	RETROARCH	snes9x_libretro.so
PLAY	SNES	SUPER COPA (LATIN AMERICA) (ES,PT)	ROMS/SNES/Super Copa (Latin America) (Es,Pt).zip	RETROARCH	snes9x_libretro.so
PLAY	SNES	SUPER CUP SOCCER (JAPAN) (EN)	ROMS/SNES/Super Cup Soccer (Japan) (En).zip	RETROARCH	snes9x_libretro.so
PLAY	SNES	SUPER DANY (FRANCE)	ROMS/SNES/Super Dany (France).zip	RETROARCH	snes9x_libretro.so
PLAY	SNES	SUPER DESCENTRALIZADO 1995 (USA) (ES) (PIRATE)	ROMS/SNES/Super Descentralizado 1995 (USA) (Es) (Pirate).zip	RETROARCH	snes9x_libretro.so
PLAY	SNES	SUPER DESCENTRALIZADO II (USA) (ES) (PIRATE)	ROMS/SNES/Super Descentralizado II (USA) (Es) (Pirate).zip	RETROARCH	snes9x_libretro.so
PLAY	SNES	SUPER DOUBLE YAKUMAN (JAPAN)	ROMS/SNES/Super Double Yakuman (Japan).zip	RETROARCH	snes9x_libretro.so
PLAY	SNES	SUPER DOUBLE YAKUMAN II (JAPAN)	ROMS/SNES/Super Double Yakuman II (Japan).zip	RETROARCH	snes9x_libretro.so
PLAY	SNES	SUPER DRIFT OUT - WORLD RALLY CHAMPIONSHIPS (JAPAN) (EN)	ROMS/SNES/Super Drift Out - World Rally Championships (Japan) (En).zip	RETROARCH	snes9x_libretro.so
PLAY	SNES	SUPER DUNK STAR (JAPAN) (EN)	ROMS/SNES/Super Dunk Star (Japan) (En).zip	RETROARCH	snes9x_libretro.so
PLAY	SNES	SUPER F1 CIRCUS (JAPAN)	ROMS/SNES/Super F1 Circus (Japan).zip	RETROARCH	snes9x_libretro.so
PLAY	SNES	SUPER F1 CIRCUS 2 (JAPAN)	ROMS/SNES/Super F1 Circus 2 (Japan).zip	RETROARCH	snes9x_libretro.so
PLAY	SNES	SUPER F1 CIRCUS 3 (JAPAN)	ROMS/SNES/Super F1 Circus 3 (Japan).zip	RETROARCH	snes9x_libretro.so
PLAY	SNES	SUPER F1 CIRCUS GAIDEN (JAPAN)	ROMS/SNES/Super F1 Circus Gaiden (Japan).zip	RETROARCH	snes9x_libretro.so
PLAY	SNES	SUPER F1 CIRCUS LIMITED (JAPAN)	ROMS/SNES/Super F1 Circus Limited (Japan).zip	RETROARCH	snes9x_libretro.so
PLAY	SNES	SUPER FAMICOM WARS (JAPAN) (NP)	ROMS/SNES/Super Famicom Wars (Japan) (NP).zip	RETROARCH	snes9x_libretro.so
PLAY	SNES	SUPER FAMILY CIRCUIT (JAPAN)	ROMS/SNES/Super Family Circuit (Japan).zip	RETROARCH	snes9x_libretro.so
PLAY	SNES	SUPER FAMILY GELAENDE (JAPAN) (NP)	ROMS/SNES/Super Family Gelaende (Japan) (NP).zip	RETROARCH	snes9x_libretro.so
PLAY	SNES	SUPER FAMILY TENNIS (JAPAN)	ROMS/SNES/Super Family Tennis (Japan).zip	RETROARCH	snes9x_libretro.so
PLAY	SNES	SUPER FAMISTA (JAPAN)	ROMS/SNES/Super Famista (Japan).zip	RETROARCH	snes9x_libretro.so
PLAY	SNES	SUPER FAMISTA 2 (JAPAN)	ROMS/SNES/Super Famista 2 (Japan).zip	RETROARCH	snes9x_libretro.so
PLAY	SNES	SUPER FAMISTA 3 (JAPAN)	ROMS/SNES/Super Famista 3 (Japan).zip	RETROARCH	snes9x_libretro.so
PLAY	SNES	SUPER FAMISTA 4 (JAPAN) (REV 1)	ROMS/SNES/Super Famista 4 (Japan) (Rev 1).zip	RETROARCH	snes9x_libretro.so
PLAY	SNES	SUPER FAMISTA 5 (JAPAN)	ROMS/SNES/Super Famista 5 (Japan).zip	RETROARCH	snes9x_libretro.so
PLAY	SNES	SUPER FINAL MATCH TENNIS (JAPAN)	ROMS/SNES/Super Final Match Tennis (Japan).zip	RETROARCH	snes9x_libretro.so
PLAY	SNES	SUPER FIRE PRO WRESTLING (JAPAN)	ROMS/SNES/Super Fire Pro Wrestling (Japan).zip	RETROARCH	snes9x_libretro.so
PLAY	SNES	SUPER FIRE PRO WRESTLING - QUEEN'S SPECIAL (JAPAN)	ROMS/SNES/Super Fire Pro Wrestling - Queen's Special (Japan).zip	RETROARCH	snes9x_libretro.so
PLAY	SNES	SUPER FIRE PRO WRESTLING 2 (JAPAN)	ROMS/SNES/Super Fire Pro Wrestling 2 (Japan).zip	RETROARCH	snes9x_libretro.so
PLAY	SNES	SUPER FIRE PRO WRESTLING III - EASY TYPE (JAPAN)	ROMS/SNES/Super Fire Pro Wrestling III - Easy Type (Japan).zip	RETROARCH	snes9x_libretro.so
PLAY	SNES	SUPER FIRE PRO WRESTLING III - FINAL BOUT (JAPAN) (REV 1)	ROMS/SNES/Super Fire Pro Wrestling III - Final Bout (Japan) (Rev 1).zip	RETROARCH	snes9x_libretro.so
PLAY	SNES	SUPER FIRE PRO WRESTLING SPECIAL (JAPAN) (REV 1)	ROMS/SNES/Super Fire Pro Wrestling Special (Japan) (Rev 1).zip	RETROARCH	snes9x_libretro.so
PLAY	SNES	SUPER FIRE PRO WRESTLING X (JAPAN)	ROMS/SNES/Super Fire Pro Wrestling X (Japan).zip	RETROARCH	snes9x_libretro.so
PLAY	SNES	SUPER FIRE PRO WRESTLING X PREMIUM (JAPAN)	ROMS/SNES/Super Fire Pro Wrestling X Premium (Japan).zip	RETROARCH	snes9x_libretro.so
PLAY	SNES	SUPER FISHING BIG FIGHT (JAPAN)	ROMS/SNES/Super Fishing Big Fight (Japan).zip	RETROARCH	snes9x_libretro.so
PLAY	SNES	SUPER FORMATION SOCCER 94 - WORLD CUP EDITION (JAPAN)	ROMS/SNES/Super Formation Soccer 94 - World Cup Edition (Japan).zip	RETROARCH	snes9x_libretro.so
PLAY	SNES	SUPER FORMATION SOCCER 94 - WORLD CUP FINAL DATA (JAPAN)	ROMS/SNES/Super Formation Soccer 94 - World Cup Final Data (Japan).zip	RETROARCH	snes9x_libretro.so
PLAY	SNES	SUPER FORMATION SOCCER 95 - DELLA SERIE A (JAPAN)	ROMS/SNES/Super Formation Soccer 95 - della Serie A (Japan).zip	RETROARCH	snes9x_libretro.so
PLAY	SNES	SUPER FORMATION SOCCER 96 - WORLD CLUB EDITION (JAPAN)	ROMS/SNES/Super Formation Soccer 96 - World Club Edition (Japan).zip	RETROARCH	snes9x_libretro.so
PLAY	SNES	SUPER FORMATION SOCCER II (JAPAN)	ROMS/SNES/Super Formation Soccer II (Japan).zip	RETROARCH	snes9x_libretro.so
PLAY	SNES	SUPER GACHAPON WORLD - SD GUNDAM X (JAPAN)	ROMS/SNES/Super Gachapon World - SD Gundam X (Japan).zip	RETROARCH	snes9x_libretro.so
PLAY	SNES	SUPER GENJIN 2 (JAPAN)	ROMS/SNES/Super Genjin 2 (Japan).zip	RETROARCH	snes9x_libretro.so
PLAY	SNES	SUPER GHOULS 'N GHOSTS (USA)	ROMS/SNES/Super Ghouls 'N Ghosts (USA).zip	RETROARCH	snes9x_libretro.so
PLAY	SNES	SUPER GOAL! 2 (USA)	ROMS/SNES/Super Goal! 2 (USA).zip	RETROARCH	snes9x_libretro.so
PLAY	SNES	SUPER GODZILLA (USA)	ROMS/SNES/Super Godzilla (USA).zip	RETROARCH	snes9x_libretro.so
PLAY	SNES	SUPER GOMOKU NARABE - RENJU (JAPAN)	ROMS/SNES/Super Gomoku Narabe - Renju (Japan).zip	RETROARCH	snes9x_libretro.so
PLAY	SNES	SUPER GOMOKU SHOUGI - JOUSEKI KENKYUU HEN (JAPAN)	ROMS/SNES/Super Gomoku Shougi - Jouseki Kenkyuu Hen (Japan).zip	RETROARCH	snes9x_libretro.so
PLAY	SNES	SUPER GUSSUN OYOYO (JAPAN)	ROMS/SNES/Super Gussun Oyoyo (Japan).zip	RETROARCH	snes9x_libretro.so
PLAY	SNES	SUPER GUSSUN OYOYO 2 (JAPAN)	ROMS/SNES/Super Gussun Oyoyo 2 (Japan).zip	RETROARCH	snes9x_libretro.so
PLAY	SNES	SUPER H.Q. - CRIMINAL CHASER (JAPAN)	ROMS/SNES/Super H.Q. - Criminal Chaser (Japan).zip	RETROARCH	snes9x_libretro.so
PLAY	SNES	SUPER HANAFUDA (JAPAN)	ROMS/SNES/Super Hanafuda (Japan).zip	RETROARCH	snes9x_libretro.so
PLAY	SNES	SUPER HANAFUDA 2 (JAPAN)	ROMS/SNES/Super Hanafuda 2 (Japan).zip	RETROARCH	snes9x_libretro.so
PLAY	SNES	SUPER HIGH IMPACT (USA)	ROMS/SNES/Super High Impact (USA).zip	RETROARCH	snes9x_libretro.so
PLAY	SNES	SUPER HOCKEY '94 (JAPAN) (EN)	ROMS/SNES/Super Hockey '94 (Japan) (En).zip	RETROARCH	snes9x_libretro.so
PLAY	SNES	SUPER HOCKEY (EUROPE)	ROMS/SNES/Super Hockey (Europe).zip	RETROARCH	snes9x_libretro.so
PLAY	SNES	SUPER HONMEI - GI SEIHA (JAPAN)	ROMS/SNES/Super Honmei - GI Seiha (Japan).zip	RETROARCH	snes9x_libretro.so
PLAY	SNES	SUPER ICE HOCKEY (EUROPE)	ROMS/SNES/Super Ice Hockey (Europe).zip	RETROARCH	snes9x_libretro.so
PLAY	SNES	SUPER IGO - GO OU (JAPAN)	ROMS/SNES/Super Igo - Go Ou (Japan).zip	RETROARCH	snes9x_libretro.so
PLAY	SNES	SUPER INDY CHAMP (JAPAN)	ROMS/SNES/Super Indy Champ (Japan).zip	RETROARCH	snes9x_libretro.so
PLAY	SNES	SUPER INTERNATIONAL CRICKET (EUROPE)	ROMS/SNES/Super International Cricket (Europe).zip	RETROARCH	snes9x_libretro.so
PLAY	SNES	SUPER JAMES POND (USA)	ROMS/SNES/Super James Pond (USA).zip	RETROARCH	snes9x_libretro.so
PLAY	SNES	SUPER JANGOU (JAPAN)	ROMS/SNES/Super Jangou (Japan).zip	RETROARCH	snes9x_libretro.so
PLAY	SNES	SUPER JINSEI GAME (JAPAN) (REV 1)	ROMS/SNES/Super Jinsei Game (Japan) (Rev 1).zip	RETROARCH	snes9x_libretro.so
PLAY	SNES	SUPER JINSEI GAME 2 (JAPAN) (REV 2)	ROMS/SNES/Super Jinsei Game 2 (Japan) (Rev 2).zip	RETROARCH	snes9x_libretro.so
PLAY	SNES	SUPER JINSEI GAME 3 (JAPAN) (REV 1)	ROMS/SNES/Super Jinsei Game 3 (Japan) (Rev 1).zip	RETROARCH	snes9x_libretro.so
PLAY	SNES	SUPER KEIBA (JAPAN)	ROMS/SNES/Super Keiba (Japan).zip	RETROARCH	snes9x_libretro.so
PLAY	SNES	SUPER KEIBA 2 (JAPAN)	ROMS/SNES/Super Keiba 2 (Japan).zip	RETROARCH	snes9x_libretro.so
PLAY	SNES	SUPER KEIRIN (JAPAN)	ROMS/SNES/Super Keirin (Japan).zip	RETROARCH	snes9x_libretro.so
PLAY	SNES	SUPER KICK OFF (JAPAN)	ROMS/SNES/Super Kick Off (Japan).zip	RETROARCH	snes9x_libretro.so
PLAY	SNES	SUPER KOUKOU YAKYUU - IKKYUU NYUUKON (JAPAN)	ROMS/SNES/Super Koukou Yakyuu - Ikkyuu Nyuukon (Japan).zip	RETROARCH	snes9x_libretro.so
PLAY	SNES	SUPER KYOUSOUBA - KAZE NO SYLPHID (JAPAN)	ROMS/SNES/Super Kyousouba - Kaze no Sylphid (Japan).zip	RETROARCH	snes9x_libretro.so
PLAY	SNES	SUPER KYOUTEI (JAPAN) (REV 1)	ROMS/SNES/Super Kyoutei (Japan) (Rev 1).zip	RETROARCH	snes9x_libretro.so
PLAY	SNES	SUPER KYOUTEI 2 (JAPAN)	ROMS/SNES/Super Kyoutei 2 (Japan).zip	RETROARCH	snes9x_libretro.so
PLAY	SNES	SUPER KYUUKYOKU HARIKIRI STADIUM (JAPAN)	ROMS/SNES/Super Kyuukyoku Harikiri Stadium (Japan).zip	RETROARCH	snes9x_libretro.so
PLAY	SNES	SUPER KYUUKYOKU HARIKIRI STADIUM 2 (JAPAN)	ROMS/SNES/Super Kyuukyoku Harikiri Stadium 2 (Japan).zip	RETROARCH	snes9x_libretro.so
PLAY	SNES	SUPER LINEARBALL (JAPAN)	ROMS/SNES/Super Linearball (Japan).zip	RETROARCH	snes9x_libretro.so
PLAY	SNES	SUPER LOOPZ (JAPAN)	ROMS/SNES/Super Loopz (Japan).zip	RETROARCH	snes9x_libretro.so
PLAY	SNES	SUPER MAD CHAMP (JAPAN)	ROMS/SNES/Super Mad Champ (Japan).zip	RETROARCH	snes9x_libretro.so
PLAY	SNES	SUPER MAHJONG (JAPAN)	ROMS/SNES/Super Mahjong (Japan).zip	RETROARCH	snes9x_libretro.so
PLAY	SNES	SUPER MAHJONG 2 - HONKAKU 4-NIN UCHI! (JAPAN) (REV 1)	ROMS/SNES/Super Mahjong 2 - Honkaku 4-nin Uchi! (Japan) (Rev 1).zip	RETROARCH	snes9x_libretro.so
PLAY	SNES	SUPER MAHJONG 3 - KARAKUCHI (JAPAN)	ROMS/SNES/Super Mahjong 3 - Karakuchi (Japan).zip	RETROARCH	snes9x_libretro.so
PLAY	SNES	SUPER MAHJONG TAIKAI (JAPAN) (REV 5)	ROMS/SNES/Super Mahjong Taikai (Japan) (Rev 5).zip	RETROARCH	snes9x_libretro.so
PLAY	SNES	SUPER MARIO ALL-STARS (USA)	ROMS/SNES/Super Mario All-Stars (USA).zip	RETROARCH	snes9x_libretro.so
PLAY	SNES	SUPER MARIO ALL-STARS + SUPER MARIO WORLD (USA)	ROMS/SNES/Super Mario All-Stars + Super Mario World (USA).zip	RETROARCH	snes9x_libretro.so
PLAY	SNES	SUPER MARIO KART (USA)	ROMS/SNES/Super Mario Kart (USA).zip	RETROARCH	snes9x_libretro.so
PLAY	SNES	SUPER MARIO RPG - LEGEND OF THE SEVEN STARS (USA)	ROMS/SNES/Super Mario RPG - Legend of the Seven Stars (USA).zip	RETROARCH	snes9x_libretro.so
PLAY	SNES	SUPER MARIO WORLD (USA)	ROMS/SNES/Super Mario World (USA).zip	RETROARCH	snes9x_libretro.so
PLAY	SNES	SUPER MARIO WORLD 2 - YOSHI'S ISLAND (USA) (REV 1)	ROMS/SNES/Super Mario World 2 - Yoshi's Island (USA) (Rev 1).zip	RETROARCH	snes9x_libretro.so
PLAY	SNES	SUPER METROID (JAPAN, USA) (EN,JA)	ROMS/SNES/Super Metroid (Japan, USA) (En,Ja).zip	RETROARCH	snes9x_libretro.so
PLAY	SNES	SUPER MOERO!! PRO YAKYUU (JAPAN)	ROMS/SNES/Super Moero!! Pro Yakyuu (Japan).zip	RETROARCH	snes9x_libretro.so
PLAY	SNES	SUPER MOMOTAROU DENTETSU DX (JAPAN)	ROMS/SNES/Super Momotarou Dentetsu DX (Japan).zip	RETROARCH	snes9x_libretro.so
PLAY	SNES	SUPER MOMOTAROU DENTETSU II (JAPAN)	ROMS/SNES/Super Momotarou Dentetsu II (Japan).zip	RETROARCH	snes9x_libretro.so
PLAY	SNES	SUPER MOMOTAROU DENTETSU III (JAPAN) (REV 2)	ROMS/SNES/Super Momotarou Dentetsu III (Japan) (Rev 2).zip	RETROARCH	snes9x_libretro.so
PLAY	SNES	SUPER MORPH (EUROPE)	ROMS/SNES/Super Morph (Europe).zip	RETROARCH	snes9x_libretro.so
PLAY	SNES	SUPER NAXAT OPEN - GOLF DE SHOUBU DA DORABOCCHAN (JAPAN)	ROMS/SNES/Super Naxat Open - Golf de Shoubu da Dorabocchan (Japan).zip	RETROARCH	snes9x_libretro.so
PLAY	SNES	SUPER NAZO PUYO - RULUE NO ROUX (JAPAN)	ROMS/SNES/Super Nazo Puyo - Rulue no Roux (Japan).zip	RETROARCH	snes9x_libretro.so
PLAY	SNES	SUPER NAZO PUYO TSUU - RULUE NO TETSUWAN HANJOUKI (JAPAN)	ROMS/SNES/Super Nazo Puyo Tsuu - Rulue no Tetsuwan Hanjouki (Japan).zip	RETROARCH	snes9x_libretro.so
PLAY	SNES	SUPER NICHIBUTSU MAHJONG (JAPAN)	ROMS/SNES/Super Nichibutsu Mahjong (Japan).zip	RETROARCH	snes9x_libretro.so
PLAY	SNES	SUPER NICHIBUTSU MAHJONG 2 - ZENKOKU SEIHA HEN (JAPAN)	ROMS/SNES/Super Nichibutsu Mahjong 2 - Zenkoku Seiha Hen (Japan).zip	RETROARCH	snes9x_libretro.so
PLAY	SNES	SUPER NICHIBUTSU MAHJONG 3 - YOSHIMOTO GEKIJOU HEN (JAPAN)	ROMS/SNES/Super Nichibutsu Mahjong 3 - Yoshimoto Gekijou Hen (Japan).zip	RETROARCH	snes9x_libretro.so
PLAY	SNES	SUPER NICHIBUTSU MAHJONG 4 - KISOKENKYUU HEN (JAPAN)	ROMS/SNES/Super Nichibutsu Mahjong 4 - Kisokenkyuu Hen (Japan).zip	RETROARCH	snes9x_libretro.so
PLAY	SNES	SUPER NINJA BOY (USA)	ROMS/SNES/Super Ninja Boy (USA).zip	RETROARCH	snes9x_libretro.so
PLAY	SNES	SUPER NINJA-KUN (JAPAN)	ROMS/SNES/Super Ninja-kun (Japan).zip	RETROARCH	snes9x_libretro.so
PLAY	SNES	SUPER NINTENDO CAMPUS CHALLENGE 1992 (JAPAN) (EN) (COMPETITION CART)	ROMS/SNES/Super Nintendo Campus Challenge 1992 (Japan) (En) (Competition Cart).zip	RETROARCH	snes9x_libretro.so
PLAY	SNES	SUPER NOAH'S ARK 3D (WORLD) (STEAM)	ROMS/SNES/Super Noah's Ark 3D (World) (Steam).zip	RETROARCH	snes9x_libretro.so
PLAY	SNES	SUPER NOVA (USA)	ROMS/SNES/Super Nova (USA).zip	RETROARCH	snes9x_libretro.so
PLAY	SNES	SUPER OFF ROAD (USA)	ROMS/SNES/Super Off Road (USA).zip	RETROARCH	snes9x_libretro.so
PLAY	SNES	SUPER OFF ROAD - THE BAJA (USA)	ROMS/SNES/Super Off Road - The Baja (USA).zip	RETROARCH	snes9x_libretro.so
PLAY	SNES	SUPER OKUMANCHOUJA GAME (JAPAN) (REV 1)	ROMS/SNES/Super Okumanchouja Game (Japan) (Rev 1).zip	RETROARCH	snes9x_libretro.so
PLAY	SNES	SUPER OOZUMOU - NESSEN OOICHIBAN (JAPAN)	ROMS/SNES/Super Oozumou - Nessen Ooichiban (Japan).zip	RETROARCH	snes9x_libretro.so
PLAY	SNES	SUPER PACHI-SLOT MAHJONG (JAPAN)	ROMS/SNES/Super Pachi-Slot Mahjong (Japan).zip	RETROARCH	snes9x_libretro.so
PLAY	SNES	SUPER PACHINKO TAISEN (JAPAN)	ROMS/SNES/Super Pachinko Taisen (Japan).zip	RETROARCH	snes9x_libretro.so
PLAY	SNES	SUPER PINBALL - BEHIND THE MASK (USA) (REV 1)	ROMS/SNES/Super Pinball - Behind the Mask (USA) (Rev 1).zip	RETROARCH	snes9x_libretro.so
PLAY	SNES	SUPER PINBALL II - THE AMAZING ODYSSEY (JAPAN)	ROMS/SNES/Super Pinball II - The Amazing Odyssey (Japan).zip	RETROARCH	snes9x_libretro.so
PLAY	SNES	SUPER PLAY ACTION FOOTBALL (USA)	ROMS/SNES/Super Play Action Football (USA).zip	RETROARCH	snes9x_libretro.so
PLAY	SNES	SUPER POWER LEAGUE (JAPAN)	ROMS/SNES/Super Power League (Japan).zip	RETROARCH	snes9x_libretro.so
PLAY	SNES	SUPER POWER LEAGUE 2 (JAPAN) (REV 1)	ROMS/SNES/Super Power League 2 (Japan) (Rev 1).zip	RETROARCH	snes9x_libretro.so
PLAY	SNES	SUPER POWER LEAGUE 3 (JAPAN)	ROMS/SNES/Super Power League 3 (Japan).zip	RETROARCH	snes9x_libretro.so
PLAY	SNES	SUPER POWER LEAGUE 4 (JAPAN)	ROMS/SNES/Super Power League 4 (Japan).zip	RETROARCH	snes9x_libretro.so
PLAY	SNES	SUPER PROFESSIONAL BASEBALL (JAPAN)	ROMS/SNES/Super Professional Baseball (Japan).zip	RETROARCH	snes9x_libretro.so
PLAY	SNES	SUPER PROFESSIONAL BASEBALL II (JAPAN)	ROMS/SNES/Super Professional Baseball II (Japan).zip	RETROARCH	snes9x_libretro.so
PLAY	SNES	SUPER PUNCH-OUT!! (USA)	ROMS/SNES/Super Punch-Out!! (USA).zip	RETROARCH	snes9x_libretro.so
PLAY	SNES	SUPER PUTTY (USA)	ROMS/SNES/Super Putty (USA).zip	RETROARCH	snes9x_libretro.so
PLAY	SNES	SUPER PUYO PUYO (JAPAN) (REV 2)	ROMS/SNES/Super Puyo Puyo (Japan) (Rev 2).zip	RETROARCH	snes9x_libretro.so
PLAY	SNES	SUPER PUYO PUYO 2 (USA, EUROPE) (JA) (SWITCH ONLINE)	ROMS/SNES/Super Puyo Puyo 2 (USA, Europe) (Ja) (Switch Online).zip	RETROARCH	snes9x_libretro.so
PLAY	SNES	SUPER PUYO PUYO TSUU REMIX (JAPAN)	ROMS/SNES/Super Puyo Puyo Tsuu Remix (Japan).zip	RETROARCH	snes9x_libretro.so
PLAY	SNES	SUPER R-TYPE (USA)	ROMS/SNES/Super R-Type (USA).zip	RETROARCH	snes9x_libretro.so
PLAY	SNES	SUPER R.B.I. BASEBALL (USA)	ROMS/SNES/Super R.B.I. Baseball (USA).zip	RETROARCH	snes9x_libretro.so
PLAY	SNES	SUPER RAMBLER (WORLD) (V1.02) (AFTERMARKET) (UNL)	ROMS/SNES/Super Rambler (World) (v1.02) (Aftermarket) (Unl).zip	RETROARCH	snes9x_libretro.so
PLAY	SNES	SUPER REAL MAHJONG PIV (JAPAN)	ROMS/SNES/Super Real Mahjong PIV (Japan).zip	RETROARCH	snes9x_libretro.so
PLAY	SNES	SUPER REAL MAHJONG PV PARADISE - ALL-STAR 4-NIN UCHI (JAPAN)	ROMS/SNES/Super Real Mahjong PV Paradise - All-Star 4-nin Uchi (Japan).zip	RETROARCH	snes9x_libretro.so
PLAY	SNES	SUPER ROBOT TAISEN EX (JAPAN)	ROMS/SNES/Super Robot Taisen EX (Japan).zip	RETROARCH	snes9x_libretro.so
PLAY	SNES	SUPER ROBOT TAISEN GAIDEN - MASOUKISHIN - THE LORD OF ELEMENTAL (JAPAN)	ROMS/SNES/Super Robot Taisen Gaiden - Masoukishin - The Lord of Elemental (Japan).zip	RETROARCH	snes9x_libretro.so
PLAY	SNES	SUPER RUGBY (JAPAN)	ROMS/SNES/Super Rugby (Japan).zip	RETROARCH	snes9x_libretro.so
PLAY	SNES	SUPER SANGOKUSHI (JAPAN)	ROMS/SNES/Super Sangokushi (Japan).zip	RETROARCH	snes9x_libretro.so
PLAY	SNES	SUPER SCOPE 6 (USA)	ROMS/SNES/Super Scope 6 (USA).zip	RETROARCH	snes9x_libretro.so
PLAY	SNES	SUPER SHOUGI (JAPAN) (REV 1)	ROMS/SNES/Super Shougi (Japan) (Rev 1).zip	RETROARCH	snes9x_libretro.so
PLAY	SNES	SUPER SHOUGI 2 (JAPAN)	ROMS/SNES/Super Shougi 2 (Japan).zip	RETROARCH	snes9x_libretro.so
PLAY	SNES	SUPER SHOUGI 3 - KITAIHEI (JAPAN)	ROMS/SNES/Super Shougi 3 - Kitaihei (Japan).zip	RETROARCH	snes9x_libretro.so
PLAY	SNES	SUPER SIIKA (WORLD) (AFTERMARKET) (UNL)	ROMS/SNES/Super Siika (World) (Aftermarket) (Unl).zip	RETROARCH	snes9x_libretro.so
PLAY	SNES	SUPER SLAM DUNK (USA)	ROMS/SNES/Super Slam Dunk (USA).zip	RETROARCH	snes9x_libretro.so
PLAY	SNES	SUPER SLAP SHOT (USA)	ROMS/SNES/Super Slap Shot (USA).zip	RETROARCH	snes9x_libretro.so
PLAY	SNES	SUPER SMASH T.V. (USA)	ROMS/SNES/Super Smash T.V. (USA).zip	RETROARCH	snes9x_libretro.so
PLAY	SNES	SUPER SOCCER (USA)	ROMS/SNES/Super Soccer (USA).zip	RETROARCH	snes9x_libretro.so
PLAY	SNES	SUPER SOCCER CHAMP (USA)	ROMS/SNES/Super Soccer Champ (USA).zip	RETROARCH	snes9x_libretro.so
PLAY	SNES	SUPER SOLITAIRE (USA) (EN,FR,DE,ES,IT)	ROMS/SNES/Super Solitaire (USA) (En,Fr,De,Es,It).zip	RETROARCH	snes9x_libretro.so
PLAY	SNES	SUPER SOUKOBAN (JAPAN)	ROMS/SNES/Super Soukoban (Japan).zip	RETROARCH	snes9x_libretro.so
PLAY	SNES	SUPER STADIUM (JAPAN)	ROMS/SNES/Super Stadium (Japan).zip	RETROARCH	snes9x_libretro.so
PLAY	SNES	SUPER STAR FOX WEEKEND (USA) (COMPETITION CART, NINTENDO POWER MAIL-ORDER)	ROMS/SNES/Super Star Fox Weekend (USA) (Competition Cart, Nintendo Power mail-order).zip	RETROARCH	snes9x_libretro.so
PLAY	SNES	SUPER STAR WARS (USA) (REV 1)	ROMS/SNES/Super Star Wars (USA) (Rev 1).zip	RETROARCH	snes9x_libretro.so
PLAY	SNES	SUPER STAR WARS - RETURN OF THE JEDI (USA) (REV 1)	ROMS/SNES/Super Star Wars - Return of the Jedi (USA) (Rev 1).zip	RETROARCH	snes9x_libretro.so
PLAY	SNES	SUPER STAR WARS - THE EMPIRE STRIKES BACK (USA) (REV 1)	ROMS/SNES/Super Star Wars - The Empire Strikes Back (USA) (Rev 1).zip	RETROARCH	snes9x_libretro.so
PLAY	SNES	SUPER STREET FIGHTER II (USA) (REV 1)	ROMS/SNES/Super Street Fighter II (USA) (Rev 1).zip	RETROARCH	snes9x_libretro.so
PLAY	SNES	SUPER STRIKE EAGLE (USA)	ROMS/SNES/Super Strike Eagle (USA).zip	RETROARCH	snes9x_libretro.so
PLAY	SNES	SUPER SUDOKU (WORLD) (V1.1) (AFTERMARKET) (UNL)	ROMS/SNES/Super Sudoku (World) (v1.1) (Aftermarket) (Unl).zip	RETROARCH	snes9x_libretro.so
PLAY	SNES	SUPER TEKKYUU FIGHT! (JAPAN)	ROMS/SNES/Super Tekkyuu Fight! (Japan).zip	RETROARCH	snes9x_libretro.so
PLAY	SNES	SUPER TENNIS (USA)	ROMS/SNES/Super Tennis (USA).zip	RETROARCH	snes9x_libretro.so
PLAY	SNES	SUPER TETRIS 2 + BOMBLISS (JAPAN) (EN) (REV 1)	ROMS/SNES/Super Tetris 2 + Bombliss (Japan) (En) (Rev 1).zip	RETROARCH	snes9x_libretro.so
PLAY	SNES	SUPER TETRIS 3 (JAPAN) (EN)	ROMS/SNES/Super Tetris 3 (Japan) (En).zip	RETROARCH	snes9x_libretro.so
PLAY	SNES	SUPER THOR QUEST (WORLD) (AFTERMARKET) (UNL)	ROMS/SNES/Super Thor Quest (World) (Aftermarket) (Unl).zip	RETROARCH	snes9x_libretro.so
PLAY	SNES	SUPER TROLL ISLANDS (USA)	ROMS/SNES/Super Troll Islands (USA).zip	RETROARCH	snes9x_libretro.so
PLAY	SNES	SUPER TRUMP COLLECTION (JAPAN)	ROMS/SNES/Super Trump Collection (Japan).zip	RETROARCH	snes9x_libretro.so
PLAY	SNES	SUPER TRUMP COLLECTION 2 (JAPAN)	ROMS/SNES/Super Trump Collection 2 (Japan).zip	RETROARCH	snes9x_libretro.so
PLAY	SNES	SUPER TSUMESHOUGI 1000 (JAPAN)	ROMS/SNES/Super Tsumeshougi 1000 (Japan).zip	RETROARCH	snes9x_libretro.so
PLAY	SNES	SUPER TURRICAN (USA)	ROMS/SNES/Super Turrican (USA).zip	RETROARCH	snes9x_libretro.so
PLAY	SNES	SUPER TURRICAN 2 (USA)	ROMS/SNES/Super Turrican 2 (USA).zip	RETROARCH	snes9x_libretro.so
PLAY	SNES	SUPER TURRICAN 2 SPECIAL EDITION (USA) (STRICTLY LIMITED GAMES)	ROMS/SNES/Super Turrican 2 Special Edition (USA) (Strictly Limited Games).zip	RETROARCH	snes9x_libretro.so
PLAY	SNES	SUPER TURRICAN COLLECTION (USA) (STRICTLY LIMITED GAMES)	ROMS/SNES/Super Turrican Collection (USA) (Strictly Limited Games).zip	RETROARCH	snes9x_libretro.so
PLAY	SNES	SUPER ULTRA BASEBALL (JAPAN)	ROMS/SNES/Super Ultra Baseball (Japan).zip	RETROARCH	snes9x_libretro.so
PLAY	SNES	SUPER ULTRA BASEBALL 2 (JAPAN)	ROMS/SNES/Super Ultra Baseball 2 (Japan).zip	RETROARCH	snes9x_libretro.so
PLAY	SNES	SUPER UNO (JAPAN) (REV 1)	ROMS/SNES/Super Uno (Japan) (Rev 1).zip	RETROARCH	snes9x_libretro.so
PLAY	SNES	SUPER VALIS IV (USA)	ROMS/SNES/Super Valis IV (USA).zip	RETROARCH	snes9x_libretro.so
PLAY	SNES	SUPER VARIABLE GEO (JAPAN)	ROMS/SNES/Super Variable Geo (Japan).zip	RETROARCH	snes9x_libretro.so
PLAY	SNES	SUPER WAGYAN LAND (JAPAN)	ROMS/SNES/Super Wagyan Land (Japan).zip	RETROARCH	snes9x_libretro.so
PLAY	SNES	SUPER WAGYAN LAND 2 (JAPAN)	ROMS/SNES/Super Wagyan Land 2 (Japan).zip	RETROARCH	snes9x_libretro.so
PLAY	SNES	SUPER WIDGET (USA)	ROMS/SNES/Super Widget (USA).zip	RETROARCH	snes9x_libretro.so
PLAY	SNES	SUPER WRESTLE ANGELS (JAPAN)	ROMS/SNES/Super Wrestle Angels (Japan).zip	RETROARCH	snes9x_libretro.so
PLAY	SNES	SUPER YAKYUUDOU (JAPAN)	ROMS/SNES/Super Yakyuudou (Japan).zip	RETROARCH	snes9x_libretro.so
PLAY	SNES	SUPER ZUGAN - HAKOTENJOU KARA NO SHOUTAIJOU (JAPAN)	ROMS/SNES/Super Zugan - Hakotenjou kara no Shoutaijou (Japan).zip	RETROARCH	snes9x_libretro.so
PLAY	SNES	SUPER ZUGAN 2 - TSUKANPO FIGHTER (JAPAN)	ROMS/SNES/Super Zugan 2 - Tsukanpo Fighter (Japan).zip	RETROARCH	snes9x_libretro.so
PLAY	SNES	SUPER!! PACHINKO (JAPAN)	ROMS/SNES/Super!! Pachinko (Japan).zip	RETROARCH	snes9x_libretro.so
PLAY	SNES	SUPERCOOKED! (WORLD) (V1.2) (AFTERMARKET) (UNL)	ROMS/SNES/Supercooked! (World) (v1.2) (Aftermarket) (Unl).zip	RETROARCH	snes9x_libretro.so
PLAY	SNES	SURE INSTINCT (WORLD) (V1.0.2) (NTSC) (AFTERMARKET) (UNL)	ROMS/SNES/Sure Instinct (World) (v1.0.2) (NTSC) (Aftermarket) (Unl).zip	RETROARCH	snes9x_libretro.so
PLAY	SNES	SUTOBASU YAROU SHOW (JAPAN)	ROMS/SNES/Sutobasu Yarou Show (Japan).zip	RETROARCH	snes9x_libretro.so
PLAY	SNES	SUTTE HAKKUN (JAPAN)	ROMS/SNES/Sutte Hakkun (Japan).zip	RETROARCH	snes9x_libretro.so
PLAY	SNES	SUZUKA 8 HOURS (USA)	ROMS/SNES/Suzuka 8 Hours (USA).zip	RETROARCH	snes9x_libretro.so
PLAY	SNES	SWAT KATS - THE RADICAL SQUADRON (USA)	ROMS/SNES/SWAT Kats - The Radical Squadron (USA).zip	RETROARCH	snes9x_libretro.so
PLAY	SNES	SWORD WORLD SFC (JAPAN)	ROMS/SNES/Sword World SFC (Japan).zip	RETROARCH	snes9x_libretro.so
PLAY	SNES	SWORD WORLD SFC 2 - INISHIE NO KYOJIN DENSETSU (JAPAN) (REV 1)	ROMS/SNES/Sword World SFC 2 - Inishie no Kyojin Densetsu (Japan) (Rev 1).zip	RETROARCH	snes9x_libretro.so
PLAY	SNES	SYNDICATE (USA)	ROMS/SNES/Syndicate (USA).zip	RETROARCH	snes9x_libretro.so
PLAY	SNES	SYVALION (EUROPE)	ROMS/SNES/Syvalion (Europe).zip	RETROARCH	snes9x_libretro.so
PLAY	SNES	T2 - THE ARCADE GAME (USA)	ROMS/SNES/T2 - The Arcade Game (USA).zip	RETROARCH	snes9x_libretro.so
PLAY	SNES	TABLE GAME DAISHUUGOU!! (JAPAN)	ROMS/SNES/Table Game Daishuugou!! (Japan).zip	RETROARCH	snes9x_libretro.so
PLAY	SNES	TACTICAL SOCCER (JAPAN)	ROMS/SNES/Tactical Soccer (Japan).zip	RETROARCH	snes9x_libretro.so
PLAY	SNES	TACTICS OGRE - LET US CLING TOGETHER (JAPAN) (REV 2) (NP)	ROMS/SNES/Tactics Ogre - Let Us Cling Together (Japan) (Rev 2) (NP).zip	RETROARCH	snes9x_libretro.so
PLAY	SNES	TADAIMA YUUSHA BOSHUUCHUU OKAWARI (JAPAN)	ROMS/SNES/Tadaima Yuusha Boshuuchuu Okawari (Japan).zip	RETROARCH	snes9x_libretro.so
PLAY	SNES	TAEKWON-DO (JAPAN) (JA,KO)	ROMS/SNES/Taekwon-Do (Japan) (Ja,Ko).zip	RETROARCH	snes9x_libretro.so
PLAY	SNES	TAIKETSU!! BRASS NUMBERS (JAPAN)	ROMS/SNES/Taiketsu!! Brass Numbers (Japan).zip	RETROARCH	snes9x_libretro.so
PLAY	SNES	TAIKOU RISSHIDEN (JAPAN)	ROMS/SNES/Taikou Risshiden (Japan).zip	RETROARCH	snes9x_libretro.so
PLAY	SNES	TAIKYOKU IGO - GOLIATH (JAPAN)	ROMS/SNES/Taikyoku Igo - Goliath (Japan).zip	RETROARCH	snes9x_libretro.so
PLAY	SNES	TAIKYOKU IGO - IDATEN (JAPAN)	ROMS/SNES/Taikyoku Igo - Idaten (Japan).zip	RETROARCH	snes9x_libretro.so
PLAY	SNES	TAIWAN 16 MAHJONG II - HOROSCOPE GIRLS EDITION (HONG KONG) (UNL)	ROMS/SNES/Taiwan 16 Mahjong II - Horoscope Girls Edition (Hong Kong) (Unl).zip	RETROARCH	snes9x_libretro.so
PLAY	SNES	TAKE YUTAKA GI MEMORY (JAPAN)	ROMS/SNES/Take Yutaka GI Memory (Japan).zip	RETROARCH	snes9x_libretro.so
PLAY	SNES	TAKEDA NOBUHIRO NO SUPER CUP SOCCER (JAPAN)	ROMS/SNES/Takeda Nobuhiro no Super Cup Soccer (Japan).zip	RETROARCH	snes9x_libretro.so
PLAY	SNES	TAKEDA NOBUHIRO NO SUPER LEAGUE SOCCER (JAPAN)	ROMS/SNES/Takeda Nobuhiro no Super League Soccer (Japan).zip	RETROARCH	snes9x_libretro.so
PLAY	SNES	TAKEMIYA MASAKI KUDAN NO IGO TAISHOU (JAPAN)	ROMS/SNES/Takemiya Masaki Kudan no Igo Taishou (Japan).zip	RETROARCH	snes9x_libretro.so
PLAY	SNES	TALES OF PHANTASIA (JAPAN)	ROMS/SNES/Tales of Phantasia (Japan).zip	RETROARCH	snes9x_libretro.so
PLAY	SNES	TAMAGOTCH TOWN (JAPAN) (NP)	ROMS/SNES/Tamagotch Town (Japan) (NP).zip	RETROARCH	snes9x_libretro.so
PLAY	SNES	TAROT MYSTERY (JAPAN)	ROMS/SNES/Tarot Mystery (Japan).zip	RETROARCH	snes9x_libretro.so
PLAY	SNES	TARZAN (USA) (PIRATE)	ROMS/SNES/Tarzan (USA) (Pirate).zip	RETROARCH	snes9x_libretro.so
PLAY	SNES	TAZ-MANIA (USA) (REV 1)	ROMS/SNES/Taz-Mania (USA) (Rev 1).zip	RETROARCH	snes9x_libretro.so
PLAY	SNES	TCHOU (WORLD) (AFTERMARKET) (UNL)	ROMS/SNES/Tchou (World) (Aftermarket) (Unl).zip	RETROARCH	snes9x_libretro.so
PLAY	SNES	TECMO SECRET OF THE STARS (USA)	ROMS/SNES/Tecmo Secret of the Stars (USA).zip	RETROARCH	snes9x_libretro.so
PLAY	SNES	TECMO SUPER BASEBALL (USA)	ROMS/SNES/Tecmo Super Baseball (USA).zip	RETROARCH	snes9x_libretro.so
PLAY	SNES	TECMO SUPER BOWL (USA)	ROMS/SNES/Tecmo Super Bowl (USA).zip	RETROARCH	snes9x_libretro.so
PLAY	SNES	TECMO SUPER BOWL II - SPECIAL EDITION (USA)	ROMS/SNES/Tecmo Super Bowl II - Special Edition (USA).zip	RETROARCH	snes9x_libretro.so
PLAY	SNES	TECMO SUPER BOWL III - FINAL EDITION (USA)	ROMS/SNES/Tecmo Super Bowl III - Final Edition (USA).zip	RETROARCH	snes9x_libretro.so
PLAY	SNES	TECMO SUPER NBA BASKETBALL (USA) (SNS-NA)	ROMS/SNES/Tecmo Super NBA Basketball (USA) (SNS-NA).zip	RETROARCH	snes9x_libretro.so
PLAY	SNES	TEENAGE MUTANT NINJA TURTLES - TOURNAMENT FIGHTERS (USA)	ROMS/SNES/Teenage Mutant Ninja Turtles - Tournament Fighters (USA).zip	RETROARCH	snes9x_libretro.so
PLAY	SNES	TEENAGE MUTANT NINJA TURTLES IV - TURTLES IN TIME (USA)	ROMS/SNES/Teenage Mutant Ninja Turtles IV - Turtles in Time (USA).zip	RETROARCH	snes9x_libretro.so
PLAY	SNES	TEENAGE QUEEN (WORLD) (V1.4) (NTSC) (AFTERMARKET) (UNL)	ROMS/SNES/Teenage Queen (World) (v1.4) (NTSC) (Aftermarket) (Unl).zip	RETROARCH	snes9x_libretro.so
PLAY	SNES	TEITOKU NO KETSUDAN (JAPAN) (REV 1)	ROMS/SNES/Teitoku no Ketsudan (Japan) (Rev 1).zip	RETROARCH	snes9x_libretro.so
PLAY	SNES	TEITOKU NO KETSUDAN II (JAPAN) (REV 1)	ROMS/SNES/Teitoku no Ketsudan II (Japan) (Rev 1).zip	RETROARCH	snes9x_libretro.so
PLAY	SNES	TEKICHUU KEIBA JUKU (JAPAN)	ROMS/SNES/Tekichuu Keiba Juku (Japan).zip	RETROARCH	snes9x_libretro.so
PLAY	SNES	TEKKEN 2 (USA) (PIRATE)	ROMS/SNES/Tekken 2 (USA) (Pirate).zip	RETROARCH	snes9x_libretro.so
PLAY	SNES	TENCHI MUYOU! - GAME HEN (JAPAN)	ROMS/SNES/Tenchi Muyou! - Game Hen (Japan).zip	RETROARCH	snes9x_libretro.so
PLAY	SNES	TENCHI O KURAU - SANGOKUSHI GUNYUUDEN (JAPAN)	ROMS/SNES/Tenchi o Kurau - Sangokushi Gunyuuden (Japan).zip	RETROARCH	snes9x_libretro.so
PLAY	SNES	TENCHI SOUZOU (JAPAN)	ROMS/SNES/Tenchi Souzou (Japan).zip	RETROARCH	snes9x_libretro.so
PLAY	SNES	TENGAI MAKYOU ZERO (JAPAN)	ROMS/SNES/Tengai Makyou Zero (Japan).zip	RETROARCH	snes9x_libretro.so
PLAY	SNES	TENRYUU GENICHIROU NO PRO WRES REVOLUTION (JAPAN)	ROMS/SNES/Tenryuu Genichirou no Pro Wres Revolution (Japan).zip	RETROARCH	snes9x_libretro.so
PLAY	SNES	TENSHI NO UTA - SHIROKI TSUBASA NO INORI (JAPAN)	ROMS/SNES/Tenshi no Uta - Shiroki Tsubasa no Inori (Japan).zip	RETROARCH	snes9x_libretro.so
PLAY	SNES	TERMINATOR 2 - JUDGMENT DAY (USA)	ROMS/SNES/Terminator 2 - Judgment Day (USA).zip	RETROARCH	snes9x_libretro.so
PLAY	SNES	TERMINATOR, THE (USA)	ROMS/SNES/Terminator, The (USA).zip	RETROARCH	snes9x_libretro.so
PLAY	SNES	TERRANIGMA (EUROPE)	ROMS/SNES/Terranigma (Europe).zip	RETROARCH	snes9x_libretro.so
PLAY	SNES	TETRIS & DR. MARIO (USA)	ROMS/SNES/Tetris & Dr. Mario (USA).zip	RETROARCH	snes9x_libretro.so
PLAY	SNES	TETRIS 2 (USA) (REV 1)	ROMS/SNES/Tetris 2 (USA) (Rev 1).zip	RETROARCH	snes9x_libretro.so
PLAY	SNES	TETRIS ATTACK (USA) (EN,JA)	ROMS/SNES/Tetris Attack (USA) (En,Ja).zip	RETROARCH	snes9x_libretro.so
PLAY	SNES	TETRIS BATTLE GAIDEN (JAPAN)	ROMS/SNES/Tetris Battle Gaiden (Japan).zip	RETROARCH	snes9x_libretro.so
PLAY	SNES	TETSUWAN ATOM (JAPAN)	ROMS/SNES/Tetsuwan Atom (Japan).zip	RETROARCH	snes9x_libretro.so
PLAY	SNES	THEME PARK (EUROPE) (EN,FR,DE)	ROMS/SNES/Theme Park (Europe) (En,Fr,De).zip	RETROARCH	snes9x_libretro.so
PLAY	SNES	THOMAS THE TANK ENGINE & FRIENDS (USA)	ROMS/SNES/Thomas the Tank Engine & Friends (USA).zip	RETROARCH	snes9x_libretro.so
PLAY	SNES	THOROUGHBRED BREEDER (JAPAN)	ROMS/SNES/Thoroughbred Breeder (Japan).zip	RETROARCH	snes9x_libretro.so
PLAY	SNES	THOROUGHBRED BREEDER II (JAPAN)	ROMS/SNES/Thoroughbred Breeder II (Japan).zip	RETROARCH	snes9x_libretro.so
PLAY	SNES	THOROUGHBRED BREEDER III (JAPAN)	ROMS/SNES/Thoroughbred Breeder III (Japan).zip	RETROARCH	snes9x_libretro.so
PLAY	SNES	THUNDER SPIRITS (USA)	ROMS/SNES/Thunder Spirits (USA).zip	RETROARCH	snes9x_libretro.so
PLAY	SNES	TICK, THE (USA)	ROMS/SNES/Tick, The (USA).zip	RETROARCH	snes9x_libretro.so
PLAY	SNES	TIME TRAX (USA)	ROMS/SNES/Time Trax (USA).zip	RETROARCH	snes9x_libretro.so
PLAY	SNES	TIMECOP (USA)	ROMS/SNES/Timecop (USA).zip	RETROARCH	snes9x_libretro.so
PLAY	SNES	TIMESLIP (USA)	ROMS/SNES/Timeslip (USA).zip	RETROARCH	snes9x_libretro.so
PLAY	SNES	TIMON & PUMBAA'S JUNGLE GAMES (USA)	ROMS/SNES/Timon & Pumbaa's Jungle Games (USA).zip	RETROARCH	snes9x_libretro.so
PLAY	SNES	TIN STAR (USA)	ROMS/SNES/Tin Star (USA).zip	RETROARCH	snes9x_libretro.so
PLAY	SNES	TINHEAD (WORLD) (QUBYTE CLASSICS)	ROMS/SNES/Tinhead (World) (QUByte Classics).zip	RETROARCH	snes9x_libretro.so
PLAY	SNES	TINTIN - PRISONERS OF THE SUN (EUROPE) (EN,FR,DE,ES)	ROMS/SNES/Tintin - Prisoners of the Sun (Europe) (En,Fr,De,Es).zip	RETROARCH	snes9x_libretro.so
PLAY	SNES	TINTIN IN TIBET (EUROPE) (EN,FR,DE,NL)	ROMS/SNES/Tintin in Tibet (Europe) (En,Fr,De,Nl).zip	RETROARCH	snes9x_libretro.so
PLAY	SNES	TINY TOON ADVENTURES - BUSTER BUSTS LOOSE! (USA)	ROMS/SNES/Tiny Toon Adventures - Buster Busts Loose! (USA).zip	RETROARCH	snes9x_libretro.so
PLAY	SNES	TINY TOON ADVENTURES - WACKY SPORTS CHALLENGE (USA)	ROMS/SNES/Tiny Toon Adventures - Wacky Sports Challenge (USA).zip	RETROARCH	snes9x_libretro.so
PLAY	SNES	TKO SUPER CHAMPIONSHIP BOXING (USA)	ROMS/SNES/TKO Super Championship Boxing (USA).zip	RETROARCH	snes9x_libretro.so
PLAY	SNES	TNN BASS TOURNAMENT OF CHAMPIONS (USA)	ROMS/SNES/TNN Bass Tournament of Champions (USA).zip	RETROARCH	snes9x_libretro.so
PLAY	SNES	TODD MCFARLANE'S SPAWN - THE VIDEO GAME (USA)	ROMS/SNES/Todd McFarlane's Spawn - The Video Game (USA).zip	RETROARCH	snes9x_libretro.so
PLAY	SNES	TOKIMEKI MEMORIAL - DENSETSU NO KI NO SHITA DE (JAPAN) (REV 1)	ROMS/SNES/Tokimeki Memorial - Densetsu no Ki no Shita de (Japan) (Rev 1).zip	RETROARCH	snes9x_libretro.so
PLAY	SNES	TOKORO'S MAHJONG (JAPAN)	ROMS/SNES/Tokoro's Mahjong (Japan).zip	RETROARCH	snes9x_libretro.so
PLAY	SNES	TOM AND JERRY (USA)	ROMS/SNES/Tom and Jerry (USA).zip	RETROARCH	snes9x_libretro.so
PLAY	SNES	TOMMY MOE'S WINTER EXTREME - SKIING AND SNOWBOARDING (USA)	ROMS/SNES/Tommy Moe's Winter Extreme - Skiing and Snowboarding (USA).zip	RETROARCH	snes9x_libretro.so
PLAY	SNES	TONY MEOLA'S SIDEKICKS SOCCER (USA)	ROMS/SNES/Tony Meola's Sidekicks Soccer (USA).zip	RETROARCH	snes9x_libretro.so
PLAY	SNES	TOP GEAR (USA)	ROMS/SNES/Top Gear (USA).zip	RETROARCH	snes9x_libretro.so
PLAY	SNES	TOP GEAR 2 (USA)	ROMS/SNES/Top Gear 2 (USA).zip	RETROARCH	snes9x_libretro.so
PLAY	SNES	TOP GEAR 3000 (USA)	ROMS/SNES/Top Gear 3000 (USA).zip	RETROARCH	snes9x_libretro.so
PLAY	SNES	TOP MANAGEMENT II (JAPAN)	ROMS/SNES/Top Management II (Japan).zip	RETROARCH	snes9x_libretro.so
PLAY	SNES	TORIDE (JAPAN)	ROMS/SNES/Toride (Japan).zip	RETROARCH	snes9x_libretro.so
PLAY	SNES	TORNEKO NO DAIBOUKEN - FUSHIGI NO DUNGEON (JAPAN) (REV 1)	ROMS/SNES/Torneko no Daibouken - Fushigi no Dungeon (Japan) (Rev 1).zip	RETROARCH	snes9x_libretro.so
PLAY	SNES	TOTAL CARNAGE (USA)	ROMS/SNES/Total Carnage (USA).zip	RETROARCH	snes9x_libretro.so
PLAY	SNES	TOTTEMO! LUCKY MAN - LUCKY COOKIE ROULETTE DE TOTSUGEKII (JAPAN)	ROMS/SNES/Tottemo! Lucky Man - Lucky Cookie Roulette de Totsugekii (Japan).zip	RETROARCH	snes9x_libretro.so
PLAY	SNES	TOUGE DENSETSU - SAISOKU BATTLE (JAPAN)	ROMS/SNES/Touge Densetsu - Saisoku Battle (Japan).zip	RETROARCH	snes9x_libretro.so
PLAY	SNES	TOWER DREAM (JAPAN)	ROMS/SNES/Tower Dream (Japan).zip	RETROARCH	snes9x_libretro.so
PLAY	SNES	TOY STORY (USA)	ROMS/SNES/Toy Story (USA).zip	RETROARCH	snes9x_libretro.so
PLAY	SNES	TOYS - LET THE TOY WARS BEGIN! (USA)	ROMS/SNES/Toys - Let the Toy Wars begin! (USA).zip	RETROARCH	snes9x_libretro.so
PLAY	SNES	TRAVERSE - STARLIGHT & PRAIRIE (JAPAN)	ROMS/SNES/Traverse - Starlight & Prairie (Japan).zip	RETROARCH	snes9x_libretro.so
PLAY	SNES	TREASURE HUNTER G (JAPAN)	ROMS/SNES/Treasure Hunter G (Japan).zip	RETROARCH	snes9x_libretro.so
PLAY	SNES	TRIALS OF MANA (WORLD) (REV 1) (COLLECTION OF MANA)	ROMS/SNES/Trials of Mana (World) (Rev 1) (Collection of Mana).zip	RETROARCH	snes9x_libretro.so
PLAY	SNES	TRINEA (JAPAN)	ROMS/SNES/Trinea (Japan).zip	RETROARCH	snes9x_libretro.so
PLAY	SNES	TRODDLERS (USA)	ROMS/SNES/Troddlers (USA).zip	RETROARCH	snes9x_libretro.so
PLAY	SNES	TROY AIKMAN NFL FOOTBALL (USA)	ROMS/SNES/Troy Aikman NFL Football (USA).zip	RETROARCH	snes9x_libretro.so
PLAY	SNES	TRUE GOLF CLASSICS - PEBBLE BEACH GOLF LINKS (USA)	ROMS/SNES/True Golf Classics - Pebble Beach Golf Links (USA).zip	RETROARCH	snes9x_libretro.so
PLAY	SNES	TRUE GOLF CLASSICS - WAIALAE COUNTRY CLUB (USA)	ROMS/SNES/True Golf Classics - Waialae Country Club (USA).zip	RETROARCH	snes9x_libretro.so
PLAY	SNES	TRUE GOLF CLASSICS - WICKED 18 (USA)	ROMS/SNES/True Golf Classics - Wicked 18 (USA).zip	RETROARCH	snes9x_libretro.so
PLAY	SNES	TRUE LIES (USA)	ROMS/SNES/True Lies (USA).zip	RETROARCH	snes9x_libretro.so
PLAY	SNES	TRUMP ISLAND (JAPAN)	ROMS/SNES/Trump Island (Japan).zip	RETROARCH	snes9x_libretro.so
PLAY	SNES	TSUKIKOMORI (JAPAN) (REV 1) (NP)	ROMS/SNES/Tsukikomori (Japan) (Rev 1) (NP).zip	RETROARCH	snes9x_libretro.so
PLAY	SNES	TSUPPARI OOZUMOU - RISSHINSHUSSE HEN (JAPAN)	ROMS/SNES/Tsuppari Oozumou - Risshinshusse Hen (Japan).zip	RETROARCH	snes9x_libretro.so
PLAY	SNES	TSURI TAROU (JAPAN)	ROMS/SNES/Tsuri Tarou (Japan).zip	RETROARCH	snes9x_libretro.so
PLAY	SNES	TSUYOSHI SHIKKARI SHINASAI - TAISEN PUZZLE DAMA (JAPAN)	ROMS/SNES/Tsuyoshi Shikkari Shinasai - Taisen Puzzle Dama (Japan).zip	RETROARCH	snes9x_libretro.so
PLAY	SNES	TURBO TOONS (EUROPE)	ROMS/SNES/Turbo Toons (Europe).zip	RETROARCH	snes9x_libretro.so
PLAY	SNES	TURF HERO (JAPAN)	ROMS/SNES/Turf Hero (Japan).zip	RETROARCH	snes9x_libretro.so
PLAY	SNES	TURF MEMORIES (JAPAN)	ROMS/SNES/Turf Memories (Japan).zip	RETROARCH	snes9x_libretro.so
PLAY	SNES	TURN AND BURN - NO-FLY ZONE (USA)	ROMS/SNES/Turn and Burn - No-Fly Zone (USA).zip	RETROARCH	snes9x_libretro.so
PLAY	SNES	TV-CHAN'S GREAT ESCAPE! (WORLD) (AFTERMARKET) (UNL)	ROMS/SNES/TV-Chan's Great Escape! (World) (Aftermarket) (Unl).zip	RETROARCH	snes9x_libretro.so
PLAY	SNES	TWISTED TALES OF SPIKE MCFANG, THE (USA)	ROMS/SNES/Twisted Tales of Spike McFang, The (USA).zip	RETROARCH	snes9x_libretro.so
PLAY	SNES	U.F.O. KAMEN YAKISOBAN - KETTLER NO KUROI INBOU (JAPAN)	ROMS/SNES/U.F.O. Kamen Yakisoban - Kettler no Kuroi Inbou (Japan).zip	RETROARCH	snes9x_libretro.so
PLAY	SNES	U.N. SQUADRON (USA)	ROMS/SNES/U.N. Squadron (USA).zip	RETROARCH	snes9x_libretro.so
PLAY	SNES	UCHUU NO KISHI - TEKKAMAN BLADE (JAPAN)	ROMS/SNES/Uchuu no Kishi - Tekkaman Blade (Japan).zip	RETROARCH	snes9x_libretro.so
PLAY	SNES	UCHUU RACE - ASTRO GO! GO! (JAPAN) (EN)	ROMS/SNES/Uchuu Race - Astro Go! Go! (Japan) (En).zip	RETROARCH	snes9x_libretro.so
PLAY	SNES	ULTIMA - KYOURYUU TEIKOKU (JAPAN)	ROMS/SNES/Ultima - Kyouryuu Teikoku (Japan).zip	RETROARCH	snes9x_libretro.so
PLAY	SNES	ULTIMA - RUNES OF VIRTUE II (USA)	ROMS/SNES/Ultima - Runes of Virtue II (USA).zip	RETROARCH	snes9x_libretro.so
PLAY	SNES	ULTIMA - THE BLACK GATE (USA)	ROMS/SNES/Ultima - The Black Gate (USA).zip	RETROARCH	snes9x_libretro.so
PLAY	SNES	ULTIMA - THE FALSE PROPHET (USA)	ROMS/SNES/Ultima - The False Prophet (USA).zip	RETROARCH	snes9x_libretro.so
PLAY	SNES	ULTIMA GAIDEN - KURO KISHI NO INBOU (JAPAN)	ROMS/SNES/Ultima Gaiden - Kuro Kishi no Inbou (Japan).zip	RETROARCH	snes9x_libretro.so
PLAY	SNES	ULTIMATE FIGHTER (USA)	ROMS/SNES/Ultimate Fighter (USA).zip	RETROARCH	snes9x_libretro.so
PLAY	SNES	ULTIMATE FOOTBALL (JAPAN) (EN)	ROMS/SNES/Ultimate Football (Japan) (En).zip	RETROARCH	snes9x_libretro.so
PLAY	SNES	ULTIMATE MORTAL KOMBAT 3 (USA)	ROMS/SNES/Ultimate Mortal Kombat 3 (USA).zip	RETROARCH	snes9x_libretro.so
PLAY	SNES	ULTRA BASEBALL JITSUMEI BAN (JAPAN)	ROMS/SNES/Ultra Baseball Jitsumei Ban (Japan).zip	RETROARCH	snes9x_libretro.so
PLAY	SNES	ULTRA BASEBALL JITSUMEI BAN 2 (JAPAN)	ROMS/SNES/Ultra Baseball Jitsumei Ban 2 (Japan).zip	RETROARCH	snes9x_libretro.so
PLAY	SNES	ULTRA BASEBALL JITSUMEI BAN 3 (JAPAN)	ROMS/SNES/Ultra Baseball Jitsumei Ban 3 (Japan).zip	RETROARCH	snes9x_libretro.so
PLAY	SNES	ULTRA LEAGUE - MOERO! SOCCER DAIKESSEN!! (JAPAN)	ROMS/SNES/Ultra League - Moero! Soccer Daikessen!! (Japan).zip	RETROARCH	snes9x_libretro.so
PLAY	SNES	ULTRA SEVEN (JAPAN)	ROMS/SNES/Ultra Seven (Japan).zip	RETROARCH	snes9x_libretro.so
PLAY	SNES	ULTRAMAN (USA)	ROMS/SNES/Ultraman (USA).zip	RETROARCH	snes9x_libretro.so
PLAY	SNES	UMI NO NUSHI TSURI (JAPAN) (REV 1)	ROMS/SNES/Umi no Nushi Tsuri (Japan) (Rev 1).zip	RETROARCH	snes9x_libretro.so
PLAY	SNES	UMIHARA KAWASE (JAPAN)	ROMS/SNES/Umihara Kawase (Japan).zip	RETROARCH	snes9x_libretro.so
PLAY	SNES	UMIZURI MEIJIN - SUZUKI HEN (JAPAN)	ROMS/SNES/Umizuri Meijin - Suzuki Hen (Japan).zip	RETROARCH	snes9x_libretro.so
PLAY	SNES	UNCHARTED WATERS (USA)	ROMS/SNES/Uncharted Waters (USA).zip	RETROARCH	snes9x_libretro.so
PLAY	SNES	UNDAKE 30 - SAME GAME DAISAKUSEN - MARIO VERSION (JAPAN)	ROMS/SNES/Undake 30 - Same Game Daisakusen - Mario Version (Japan).zip	RETROARCH	snes9x_libretro.so
PLAY	SNES	UNDERCOVER COPS (USA) (AFTERMARKET) (UNL)	ROMS/SNES/Undercover Cops (USA) (Aftermarket) (Unl).zip	RETROARCH	snes9x_libretro.so
PLAY	SNES	UNHOLY NIGHT - THE DARKNESS HUNTER (USA) (AFTERMARKET) (UNL)	ROMS/SNES/Unholy Night - The Darkness Hunter (USA) (Aftermarket) (Unl).zip	RETROARCH	snes9x_libretro.so
PLAY	SNES	UNIRACERS (USA)	ROMS/SNES/Uniracers (USA).zip	RETROARCH	snes9x_libretro.so
PLAY	SNES	UNTOUCHABLES, THE (USA)	ROMS/SNES/Untouchables, The (USA).zip	RETROARCH	snes9x_libretro.so
PLAY	SNES	URBAN STRIKE (USA)	ROMS/SNES/Urban Strike (USA).zip	RETROARCH	snes9x_libretro.so
PLAY	SNES	USHIO TO TORA (JAPAN)	ROMS/SNES/Ushio to Tora (Japan).zip	RETROARCH	snes9x_libretro.so
PLAY	SNES	UTOPIA - THE CREATION OF A NATION (USA)	ROMS/SNES/Utopia - The Creation of a Nation (USA).zip	RETROARCH	snes9x_libretro.so
PLAY	SNES	UWOL - QUEST FOR MONEY (WORLD) (V1.3) (AFTERMARKET) (UNL)	ROMS/SNES/UWOL - Quest for Money (World) (v1.3) (Aftermarket) (Unl).zip	RETROARCH	snes9x_libretro.so
PLAY	SNES	VEGAS STAKES (USA)	ROMS/SNES/Vegas Stakes (USA).zip	RETROARCH	snes9x_libretro.so
PLAY	SNES	VENOM - SPIDER-MAN - SEPARATION ANXIETY (USA)	ROMS/SNES/Venom - Spider-Man - Separation Anxiety (USA).zip	RETROARCH	snes9x_libretro.so
PLAY	SNES	VERNE WORLD (JAPAN)	ROMS/SNES/Verne World (Japan).zip	RETROARCH	snes9x_libretro.so
PLAY	SNES	VIKING NO DAIMEIWAKU (JAPAN)	ROMS/SNES/Viking no Daimeiwaku (Japan).zip	RETROARCH	snes9x_libretro.so
PLAY	SNES	VIRTUAL BART (USA)	ROMS/SNES/Virtual Bart (USA).zip	RETROARCH	snes9x_libretro.so
PLAY	SNES	VIRTUAL WARS (JAPAN)	ROMS/SNES/Virtual Wars (Japan).zip	RETROARCH	snes9x_libretro.so
PLAY	SNES	VOLLEYBALL TWIN (JAPAN) (EN)	ROMS/SNES/Volleyball Twin (Japan) (En).zip	RETROARCH	snes9x_libretro.so
PLAY	SNES	VORTEX (USA) (EN,ES)	ROMS/SNES/Vortex (USA) (En,Es).zip	RETROARCH	snes9x_libretro.so
PLAY	SNES	VS. COLLECTION (JAPAN)	ROMS/SNES/Vs. Collection (Japan).zip	RETROARCH	snes9x_libretro.so
PLAY	SNES	WAGYAN PARADISE (JAPAN)	ROMS/SNES/Wagyan Paradise (Japan).zip	RETROARCH	snes9x_libretro.so
PLAY	SNES	WAKATAKA OOZUMOU - YUME NO KYOUDAI TAIKETSU (JAPAN)	ROMS/SNES/Wakataka Oozumou - Yume no Kyoudai Taiketsu (Japan).zip	RETROARCH	snes9x_libretro.so
PLAY	SNES	WAKUWAKU SKI WONDER SPUR (JAPAN)	ROMS/SNES/Wakuwaku Ski Wonder Spur (Japan).zip	RETROARCH	snes9x_libretro.so
PLAY	SNES	WAR 2410 (USA)	ROMS/SNES/War 2410 (USA).zip	RETROARCH	snes9x_libretro.so
PLAY	SNES	WAR 3010 - THE REVOLUTION (USA)	ROMS/SNES/War 3010 - The Revolution (USA).zip	RETROARCH	snes9x_libretro.so
PLAY	SNES	WARATTE IITOMO! TAMOLYMPIC (JAPAN)	ROMS/SNES/Waratte Iitomo! Tamolympic (Japan).zip	RETROARCH	snes9x_libretro.so
PLAY	SNES	WARIO'S WOODS (USA)	ROMS/SNES/Wario's Woods (USA).zip	RETROARCH	snes9x_libretro.so
PLAY	SNES	WARLOCK (USA)	ROMS/SNES/Warlock (USA).zip	RETROARCH	snes9x_libretro.so
PLAY	SNES	WARPSPEED (USA)	ROMS/SNES/WarpSpeed (USA).zip	RETROARCH	snes9x_libretro.so
PLAY	SNES	WATERWORLD (EUROPE)	ROMS/SNES/Waterworld (Europe).zip	RETROARCH	snes9x_libretro.so
PLAY	SNES	WAYNE GRETZKY AND THE NHLPA ALL-STARS (USA)	ROMS/SNES/Wayne Gretzky and the NHLPA All-Stars (USA).zip	RETROARCH	snes9x_libretro.so
PLAY	SNES	WAYNE'S WORLD (USA)	ROMS/SNES/Wayne's World (USA).zip	RETROARCH	snes9x_libretro.so
PLAY	SNES	WCW SUPER BRAWL WRESTLING (USA)	ROMS/SNES/WCW Super Brawl Wrestling (USA).zip	RETROARCH	snes9x_libretro.so
PLAY	SNES	WE'RE BACK! - A DINOSAUR'S STORY (USA)	ROMS/SNES/We're Back! - A Dinosaur's Story (USA).zip	RETROARCH	snes9x_libretro.so
PLAY	SNES	WEAPONLORD (USA)	ROMS/SNES/WeaponLord (USA).zip	RETROARCH	snes9x_libretro.so
PLAY	SNES	WEDDING PEACH (JAPAN)	ROMS/SNES/Wedding Peach (Japan).zip	RETROARCH	snes9x_libretro.so
PLAY	SNES	WHEEL OF FORTUNE (USA)	ROMS/SNES/Wheel of Fortune (USA).zip	RETROARCH	snes9x_libretro.so
PLAY	SNES	WHEEL OF FORTUNE - DELUXE EDITION (USA)	ROMS/SNES/Wheel of Fortune - Deluxe Edition (USA).zip	RETROARCH	snes9x_libretro.so
PLAY	SNES	WHERE IN THE WORLD IS CARMEN SANDIEGO (USA) (EN,FR,DE,ES,IT)	ROMS/SNES/Where in the World Is Carmen Sandiego (USA) (En,Fr,De,Es,It).zip	RETROARCH	snes9x_libretro.so
PLAY	SNES	WHERE IN TIME IS CARMEN SANDIEGO (USA) (EN,FR,DE,ES,IT)	ROMS/SNES/Where in Time Is Carmen Sandiego (USA) (En,Fr,De,Es,It).zip	RETROARCH	snes9x_libretro.so
PLAY	SNES	WHIRLO (EUROPE)	ROMS/SNES/Whirlo (Europe).zip	RETROARCH	snes9x_libretro.so
PLAY	SNES	WHIZZ (USA)	ROMS/SNES/Whizz (USA).zip	RETROARCH	snes9x_libretro.so
PLAY	SNES	WILD GUNS (USA)	ROMS/SNES/Wild Guns (USA).zip	RETROARCH	snes9x_libretro.so
PLAY	SNES	WILD SNAKE (USA)	ROMS/SNES/Wild Snake (USA).zip	RETROARCH	snes9x_libretro.so
PLAY	SNES	WILLIAMS ARCADE'S GREATEST HITS (USA)	ROMS/SNES/Williams Arcade's Greatest Hits (USA).zip	RETROARCH	snes9x_libretro.so
PLAY	SNES	WING COMMANDER (USA)	ROMS/SNES/Wing Commander (USA).zip	RETROARCH	snes9x_libretro.so
PLAY	SNES	WING COMMANDER - THE SECRET MISSIONS (USA)	ROMS/SNES/Wing Commander - The Secret Missions (USA).zip	RETROARCH	snes9x_libretro.so
PLAY	SNES	WINGS 2 - ACES HIGH (USA)	ROMS/SNES/Wings 2 - Aces High (USA).zip	RETROARCH	snes9x_libretro.so
PLAY	SNES	WINNING POST (JAPAN) (REV 1)	ROMS/SNES/Winning Post (Japan) (Rev 1).zip	RETROARCH	snes9x_libretro.so
PLAY	SNES	WINNING POST 2 (JAPAN)	ROMS/SNES/Winning Post 2 (Japan).zip	RETROARCH	snes9x_libretro.so
PLAY	SNES	WINNING POST 2 - PROGRAM '96 (JAPAN) (REV 1)	ROMS/SNES/Winning Post 2 - Program '96 (Japan) (Rev 1).zip	RETROARCH	snes9x_libretro.so
PLAY	SNES	WINTER GOLD (EUROPE)	ROMS/SNES/Winter Gold (Europe).zip	RETROARCH	snes9x_libretro.so
PLAY	SNES	WINTER OLYMPIC GAMES - LILLEHAMMER '94 (USA) (EN,FR,DE,ES,IT,PT,SV,NO)	ROMS/SNES/Winter Olympic Games - Lillehammer '94 (USA) (En,Fr,De,Es,It,Pt,Sv,No).zip	RETROARCH	snes9x_libretro.so
PLAY	SNES	WIZAP! - ANKOKU NO OU (JAPAN)	ROMS/SNES/Wizap! - Ankoku no Ou (Japan).zip	RETROARCH	snes9x_libretro.so
PLAY	SNES	WIZARD OF OZ, THE (USA)	ROMS/SNES/Wizard of Oz, The (USA).zip	RETROARCH	snes9x_libretro.so
PLAY	SNES	WIZARDRY GAIDEN IV - TAIMA NO KODOU (JAPAN) (REV 1)	ROMS/SNES/Wizardry Gaiden IV - Taima no Kodou (Japan) (Rev 1).zip	RETROARCH	snes9x_libretro.so
PLAY	SNES	WIZARDRY I-II-III - STORY OF LLYLGAMYN (JAPAN) (EN,JA) (NP)	ROMS/SNES/Wizardry I-II-III - Story of Llylgamyn (Japan) (En,Ja) (NP).zip	RETROARCH	snes9x_libretro.so
PLAY	SNES	WIZARDRY V - HEART OF THE MAELSTROM (USA)	ROMS/SNES/Wizardry V - Heart of the Maelstrom (USA).zip	RETROARCH	snes9x_libretro.so
PLAY	SNES	WIZARDRY VI - KINDAN NO MAHITSU (JAPAN)	ROMS/SNES/Wizardry VI - Kindan no Mahitsu (Japan).zip	RETROARCH	snes9x_libretro.so
PLAY	SNES	WOLFCHILD (USA)	ROMS/SNES/Wolfchild (USA).zip	RETROARCH	snes9x_libretro.so
PLAY	SNES	WOLFENSTEIN 3-D (USA)	ROMS/SNES/Wolfenstein 3-D (USA).zip	RETROARCH	snes9x_libretro.so
PLAY	SNES	WOLVERINE - ADAMANTIUM RAGE (USA)	ROMS/SNES/Wolverine - Adamantium Rage (USA).zip	RETROARCH	snes9x_libretro.so
PLAY	SNES	WONDER PROJECT J - KIKAI NO SHOUNEN PINO (JAPAN)	ROMS/SNES/Wonder Project J - Kikai no Shounen Pino (Japan).zip	RETROARCH	snes9x_libretro.so
PLAY	SNES	WONDROUS MAGIC (JAPAN)	ROMS/SNES/Wondrous Magic (Japan).zip	RETROARCH	snes9x_libretro.so
PLAY	SNES	WORDTRIS (USA)	ROMS/SNES/Wordtris (USA).zip	RETROARCH	snes9x_libretro.so
PLAY	SNES	WORLD CLASS RUGBY (EUROPE)	ROMS/SNES/World Class Rugby (Europe).zip	RETROARCH	snes9x_libretro.so
PLAY	SNES	WORLD CLASS RUGBY 2 - KOKUNAI GEKITOU HEN '93 (JAPAN)	ROMS/SNES/World Class Rugby 2 - Kokunai Gekitou Hen '93 (Japan).zip	RETROARCH	snes9x_libretro.so
PLAY	SNES	WORLD CUP USA 94 (USA) (EN,FR,DE,ES,IT,NL,PT,SV)	ROMS/SNES/World Cup USA 94 (USA) (En,Fr,De,Es,It,Nl,Pt,Sv).zip	RETROARCH	snes9x_libretro.so
PLAY	SNES	WORLD HEROES (USA)	ROMS/SNES/World Heroes (USA).zip	RETROARCH	snes9x_libretro.so
PLAY	SNES	WORLD HEROES 2 (USA)	ROMS/SNES/World Heroes 2 (USA).zip	RETROARCH	snes9x_libretro.so
PLAY	SNES	WORLD LEAGUE SOCCER (USA)	ROMS/SNES/World League Soccer (USA).zip	RETROARCH	snes9x_libretro.so
PLAY	SNES	WORLD MASTERS GOLF (EUROPE)	ROMS/SNES/World Masters Golf (Europe).zip	RETROARCH	snes9x_libretro.so
PLAY	SNES	WORLD SOCCER (JAPAN) (EN)	ROMS/SNES/World Soccer (Japan) (En).zip	RETROARCH	snes9x_libretro.so
PLAY	SNES	WORLD SOCCER 94 - ROAD TO GLORY (USA)	ROMS/SNES/World Soccer 94 - Road to Glory (USA).zip	RETROARCH	snes9x_libretro.so
PLAY	SNES	WORMS (EUROPE)	ROMS/SNES/Worms (Europe).zip	RETROARCH	snes9x_libretro.so
PLAY	SNES	WRECKING CREW '98 (JAPAN)	ROMS/SNES/Wrecking Crew '98 (Japan).zip	RETROARCH	snes9x_libretro.so
PLAY	SNES	WWF RAW (USA)	ROMS/SNES/WWF Raw (USA).zip	RETROARCH	snes9x_libretro.so
PLAY	SNES	WWF ROYAL RUMBLE (USA)	ROMS/SNES/WWF Royal Rumble (USA).zip	RETROARCH	snes9x_libretro.so
PLAY	SNES	WWF SUPER WRESTLEMANIA (USA)	ROMS/SNES/WWF Super WrestleMania (USA).zip	RETROARCH	snes9x_libretro.so
PLAY	SNES	WWF WRESTLEMANIA - THE ARCADE GAME (USA)	ROMS/SNES/WWF WrestleMania - The Arcade Game (USA).zip	RETROARCH	snes9x_libretro.so
PLAY	SNES	X ZONE (JAPAN, USA) (EN)	ROMS/SNES/X Zone (Japan, USA) (En).zip	RETROARCH	snes9x_libretro.so
PLAY	SNES	X-KALIBER 2097 (USA)	ROMS/SNES/X-Kaliber 2097 (USA).zip	RETROARCH	snes9x_libretro.so
PLAY	SNES	X-MEN - MUTANT APOCALYPSE (USA)	ROMS/SNES/X-Men - Mutant Apocalypse (USA).zip	RETROARCH	snes9x_libretro.so
PLAY	SNES	X-MEN VS. STREET FIGHTER (USA) (PIRATE)	ROMS/SNES/X-Men vs. Street Fighter (USA) (Pirate).zip	RETROARCH	snes9x_libretro.so
PLAY	SNES	XAK - THE ART OF VISUAL STAGE (JAPAN)	ROMS/SNES/Xak - The Art of Visual Stage (Japan).zip	RETROARCH	snes9x_libretro.so
PLAY	SNES	XARDION (USA)	ROMS/SNES/Xardion (USA).zip	RETROARCH	snes9x_libretro.so
PLAY	SNES	YADAMON - WONDERLAND DREAMS (JAPAN)	ROMS/SNES/Yadamon - Wonderland Dreams (Japan).zip	RETROARCH	snes9x_libretro.so
PLAY	SNES	YAKOUCHUU (JAPAN)	ROMS/SNES/Yakouchuu (Japan).zip	RETROARCH	snes9x_libretro.so
PLAY	SNES	YAM YAM (JAPAN)	ROMS/SNES/Yam Yam (Japan).zip	RETROARCH	snes9x_libretro.so
PLAY	SNES	YO-YO SHURIKEN (WORLD) (AFTERMARKET) (UNL)	ROMS/SNES/Yo-Yo Shuriken (World) (Aftermarket) (Unl).zip	RETROARCH	snes9x_libretro.so
PLAY	SNES	YOKOYAMA MITSUTERU SANGOKUSHI (JAPAN) (REV 1)	ROMS/SNES/Yokoyama Mitsuteru Sangokushi (Japan) (Rev 1).zip	RETROARCH	snes9x_libretro.so
PLAY	SNES	YOKOYAMA MITSUTERU SANGOKUSHI 2 (JAPAN)	ROMS/SNES/Yokoyama Mitsuteru Sangokushi 2 (Japan).zip	RETROARCH	snes9x_libretro.so
PLAY	SNES	YOKOYAMA MITSUTERU SANGOKUSHI BANGI - SUGOROKU EIYUU-KI (JAPAN)	ROMS/SNES/Yokoyama Mitsuteru Sangokushi Bangi - Sugoroku Eiyuu-ki (Japan).zip	RETROARCH	snes9x_libretro.so
PLAY	SNES	YOKOZUNA MONOGATARI (JAPAN) (REV 1)	ROMS/SNES/Yokozuna Monogatari (Japan) (Rev 1).zip	RETROARCH	snes9x_libretro.so
PLAY	SNES	YOSHI'S COOKIE (USA)	ROMS/SNES/Yoshi's Cookie (USA).zip	RETROARCH	snes9x_libretro.so
PLAY	SNES	YOSHI'S SAFARI (USA)	ROMS/SNES/Yoshi's Safari (USA).zip	RETROARCH	snes9x_libretro.so
PLAY	SNES	YOUCHIEN SENKI MADARA (JAPAN)	ROMS/SNES/Youchien Senki Madara (Japan).zip	RETROARCH	snes9x_libretro.so
PLAY	SNES	YOUKAI BUSTER - RUKA NO DAIBOUKEN (JAPAN)	ROMS/SNES/Youkai Buster - Ruka no Daibouken (Japan).zip	RETROARCH	snes9x_libretro.so
PLAY	SNES	YOUNG MERLIN (USA)	ROMS/SNES/Young Merlin (USA).zip	RETROARCH	snes9x_libretro.so
PLAY	SNES	YS III - WANDERERS FROM YS (USA)	ROMS/SNES/Ys III - Wanderers from Ys (USA).zip	RETROARCH	snes9x_libretro.so
PLAY	SNES	YS IV - MASK OF THE SUN (JAPAN)	ROMS/SNES/Ys IV - Mask of the Sun (Japan).zip	RETROARCH	snes9x_libretro.so
PLAY	SNES	YS V - EXPERT (JAPAN)	ROMS/SNES/Ys V - Expert (Japan).zip	RETROARCH	snes9x_libretro.so
PLAY	SNES	YS V - USHINAWARETA SUNA NO MIYAKO KEFIN (JAPAN)	ROMS/SNES/Ys V - Ushinawareta Suna no Miyako Kefin (Japan).zip	RETROARCH	snes9x_libretro.so
PLAY	SNES	YU YU HAKUSHO (JAPAN)	ROMS/SNES/Yu Yu Hakusho (Japan).zip	RETROARCH	snes9x_libretro.so
PLAY	SNES	YU YU HAKUSHO - TOKUBETSU HEN (JAPAN)	ROMS/SNES/Yu Yu Hakusho - Tokubetsu Hen (Japan).zip	RETROARCH	snes9x_libretro.so
PLAY	SNES	YU YU HAKUSHO 2 - KAKUTOU NO SHOU (JAPAN)	ROMS/SNES/Yu Yu Hakusho 2 - Kakutou no Shou (Japan).zip	RETROARCH	snes9x_libretro.so
PLAY	SNES	YU YU HAKUSHO FINAL - MAKAI SAIKYOU RETSUDEN (JAPAN)	ROMS/SNES/Yu Yu Hakusho Final - Makai Saikyou Retsuden (Japan).zip	RETROARCH	snes9x_libretro.so
PLAY	SNES	YUMEMABOROSHI NO GOTOKU (JAPAN)	ROMS/SNES/Yumemaboroshi no Gotoku (Japan).zip	RETROARCH	snes9x_libretro.so
PLAY	SNES	YUUJIN JANJUU GAKUEN (JAPAN)	ROMS/SNES/Yuujin Janjuu Gakuen (Japan).zip	RETROARCH	snes9x_libretro.so
PLAY	SNES	YUUJIN JANJUU GAKUEN 2 (JAPAN)	ROMS/SNES/Yuujin Janjuu Gakuen 2 (Japan).zip	RETROARCH	snes9x_libretro.so
PLAY	SNES	YUUJIN NO FURI FURI GIRLS (JAPAN)	ROMS/SNES/Yuujin no Furi Furi Girls (Japan).zip	RETROARCH	snes9x_libretro.so
PLAY	SNES	YUUYU NO QUIZ DE GO! GO! (JAPAN)	ROMS/SNES/Yuuyu no Quiz de Go! Go! (Japan).zip	RETROARCH	snes9x_libretro.so
PLAY	SNES	ZAKURO NO AJI (JAPAN)	ROMS/SNES/Zakuro no Aji (Japan).zip	RETROARCH	snes9x_libretro.so
PLAY	SNES	ZAN II SPIRITS (JAPAN)	ROMS/SNES/Zan II Spirits (Japan).zip	RETROARCH	snes9x_libretro.so
PLAY	SNES	ZAN III SPIRITS (JAPAN)	ROMS/SNES/Zan III Spirits (Japan).zip	RETROARCH	snes9x_libretro.so
PLAY	SNES	ZEN-NIHON GT SENSHUKEN (JAPAN)	ROMS/SNES/Zen-Nihon GT Senshuken (Japan).zip	RETROARCH	snes9x_libretro.so
PLAY	SNES	ZEN-NIHON PRO WRES (JAPAN)	ROMS/SNES/Zen-Nihon Pro Wres (Japan).zip	RETROARCH	snes9x_libretro.so
PLAY	SNES	ZEN-NIHON PRO WRES - FIGHT DA PON! (JAPAN)	ROMS/SNES/Zen-Nihon Pro Wres - Fight da Pon! (Japan).zip	RETROARCH	snes9x_libretro.so
PLAY	SNES	ZEN-NIHON PRO WRES 2 - 3-4 BUDOUKAN (JAPAN)	ROMS/SNES/Zen-Nihon Pro Wres 2 - 3-4 Budoukan (Japan).zip	RETROARCH	snes9x_libretro.so
PLAY	SNES	ZENKOKU JUUDAN ULTRA SHINRI GAME (JAPAN)	ROMS/SNES/Zenkoku Juudan Ultra Shinri Game (Japan).zip	RETROARCH	snes9x_libretro.so
PLAY	SNES	ZENKOKU KOUKOU SOCCER (JAPAN)	ROMS/SNES/Zenkoku Koukou Soccer (Japan).zip	RETROARCH	snes9x_libretro.so
PLAY	SNES	ZENKOKU KOUKOU SOCCER 2 (JAPAN)	ROMS/SNES/Zenkoku Koukou Soccer 2 (Japan).zip	RETROARCH	snes9x_libretro.so
PLAY	SNES	ZERO 4 CHAMP RR (JAPAN) (REV 1)	ROMS/SNES/Zero 4 Champ RR (Japan) (Rev 1).zip	RETROARCH	snes9x_libretro.so
PLAY	SNES	ZERO 4 CHAMP RR-Z (JAPAN)	ROMS/SNES/Zero 4 Champ RR-Z (Japan).zip	RETROARCH	snes9x_libretro.so
PLAY	SNES	ZERO THE KAMIKAZE SQUIRREL (USA)	ROMS/SNES/Zero the Kamikaze Squirrel (USA).zip	RETROARCH	snes9x_libretro.so
PLAY	SNES	ZICO SOCCER (JAPAN)	ROMS/SNES/Zico Soccer (Japan).zip	RETROARCH	snes9x_libretro.so
PLAY	SNES	ZIG ZAG CAT - DACHOU CLUB MO OOSAWAGI DA (JAPAN)	ROMS/SNES/Zig Zag Cat - Dachou Club mo Oosawagi da (Japan).zip	RETROARCH	snes9x_libretro.so
PLAY	SNES	ZOMBIES ATE MY NEIGHBORS (USA)	ROMS/SNES/Zombies Ate My Neighbors (USA).zip	RETROARCH	snes9x_libretro.so
PLAY	SNES	ZOOL - NINJA OF THE 'NTH' DIMENSION (USA)	ROMS/SNES/Zool - Ninja of the 'Nth' Dimension (USA).zip	RETROARCH	snes9x_libretro.so
PLAY	SNES	ZOOP (USA)	ROMS/SNES/Zoop (USA).zip	RETROARCH	snes9x_libretro.so
PLAY	SNES	ZOOTTO MAHJONG! (JAPAN) (REV 1) (NP)	ROMS/SNES/Zootto Mahjong! (Japan) (Rev 1) (NP).zip	RETROARCH	snes9x_libretro.so
LISTEN	aw	OUT OF YOUR MIND 1	MEDIA/LISTEN/aw/out of your mind 1.mp3	PENDING	PENDING
LISTEN	aw	OUT OF YOUR MIND 2	MEDIA/LISTEN/aw/out of your mind 2.mp3	PENDING	PENDING
LISTEN	aw	OUT OF YOUR MIND 3	MEDIA/LISTEN/aw/out of your mind 3.mp3	PENDING	PENDING
WATCH	movies	12 ANGRY MEN	MEDIA/WATCH/movies/12 Angry Men.mp4	PENDING	PENDING
WATCH	movies	ANGEL'S EGG	MEDIA/WATCH/movies/Angel's Egg.mkv	PENDING	PENDING
WATCH	movies	GHOST IN THE SHELL	MEDIA/WATCH/movies/Ghost in the Shell.mkv	PENDING	PENDING
WATCH	movies	MARY AND MAX	MEDIA/WATCH/movies/Mary and Max.mp4	PENDING	PENDING
WATCH	movies	THE GODFATHER	MEDIA/WATCH/movies/The Godfather.mp4	PENDING	PENDING
WATCH	movies	THE THING 1987	MEDIA/WATCH/movies/THE THING 1987.mp4	PENDING	PENDING
